customer_id,age,gender,region,education_level,employment_type,annual_income,loan_amount,loan_purpose,credit_score,repayment_history,transaction_count,spending_ratio,join_date,default_flag
CUST00001,59.0,Male,South,Primary,Salaried,,356606.31,Home,683.0,7,196,0.17,2023-02-20,0
CUST00002,49.0,Male,West,Primary,Salaried,748481.68,630858.13,Car,,7,15,0.89,2021-08-10,0
CUST00003,35.0,Female,East,Primary,Self-Employed,323897.18,89843.84,Education,778.0,10,362,0.41,2021-10-15,0
CUST00004,63.0,Male,North,Primary,Salaried,,393699.55,Car,742.0,0,359,0.82,2022-08-06,0
CUST00005,,Male,North,Primary,Salaried,474431.21,413426.78,Business,705.0,1,119,0.46,2018-06-29,1
CUST00006,41.0,Male,North,Primary,Unemployed,476811.2,50000.0,Education,590.0,4,492,0.47,2020-03-07,0
CUST00007,59.0,Female,North,Post-Graduate,Salaried,390973.25,373895.76,Education,680.0,8,416,0.64,2022-01-07,0
CUST00008,39.0,Male,South,Graduate,Salaried,128803.41,458451.31,Business,632.0,9,147,0.76,2023-07-18,1
CUST00009,43.0,Male,South,Primary,Self-Employed,657328.53,405957.48,Personal,649.0,10,60,0.13,2024-10-24,0
CUST00010,31.0,Female,North,Secondary,Self-Employed,1028166.93,284893.09,Education,646.0,11,412,0.6,2020-06-05,0
CUST00011,,Female,North,Post-Graduate,Salaried,584333.87,359983.21,Car,592.0,10,60,0.26,2024-10-04,0
CUST00012,44.0,Male,North,Post-Graduate,Salaried,137342.09,330572.05,Home,504.0,6,485,0.39,2021-04-04,0
CUST00013,,Male,South,Primary,Salaried,795085.7,50000.0,Car,620.0,9,96,0.4,2022-08-03,0
CUST00014,60.0,Male,North,Post-Graduate,Salaried,193800.5,334797.66,Personal,697.0,4,77,0.5,2022-02-28,0
CUST00015,44.0,Female,North,Primary,Salaried,297741.4,233927.33,Home,559.0,0,93,0.38,2024-11-20,1
CUST00016,23.0,Male,West,Graduate,Salaried,540415.46,173132.01,Car,681.0,5,476,0.19,2024-08-29,1
CUST00017,42.0,Male,West,Graduate,Unemployed,630710.86,747294.59,Car,850.0,11,51,0.22,2024-06-19,0
CUST00018,22.0,Female,North,Post-Graduate,Salaried,347834.0,525470.83,Business,772.0,7,228,0.13,2020-02-10,0
CUST00019,44.0,Female,East,Post-Graduate,Salaried,530670.99,92969.03,Personal,828.0,6,66,0.5,2021-07-02,1
CUST00020,64.0,Male,North,Secondary,Salaried,778790.6,362394.52,Business,715.0,1,235,0.91,2020-08-16,0
CUST00021,50.0,Female,West,Post-Graduate,Self-Employed,813044.72,562444.55,Home,,11,205,0.2,2020-07-05,0
CUST00022,58.0,Male,East,Secondary,Salaried,,50000.0,Business,,4,257,0.9,2023-09-02,0
CUST00023,22.0,Female,East,Graduate,Salaried,1077354.66,313856.97,Personal,622.0,10,175,0.72,2022-11-17,1
CUST00024,41.0,Male,North,Graduate,Self-Employed,802472.33,322333.09,Education,433.0,3,71,0.64,2018-12-05,0
CUST00025,53.0,Male,West,Primary,,545815.87,70591.28,Education,787.0,8,272,0.65,2022-02-25,0
CUST00026,32.0,Female,West,Graduate,Salaried,814828.45,368319.05,Home,,9,121,0.8,2024-08-10,0
CUST00027,42.0,Male,East,Secondary,Salaried,716679.06,500924.35,Education,,0,262,0.19,2021-10-27,1
CUST00028,64.0,Male,North,Post-Graduate,Salaried,726591.74,571448.57,Business,657.0,11,208,0.53,2020-07-03,0
CUST00029,45.0,,South,Primary,Salaried,644304.7,255114.46,Home,612.0,5,187,0.69,2023-01-28,0
CUST00030,47.0,Female,South,Secondary,Salaried,371986.47,750296.11,Personal,714.0,2,445,0.6,2019-04-20,0
CUST00031,62.0,Male,West,Post-Graduate,Salaried,342975.9,50000.0,Home,781.0,10,35,0.81,2021-12-17,0
CUST00032,48.0,Female,South,Primary,Salaried,575720.45,364119.01,Home,523.0,8,419,0.16,2021-10-11,0
CUST00033,36.0,Male,West,Graduate,Self-Employed,637227.52,50000.0,Car,717.0,4,255,0.69,2022-01-23,1
CUST00034,35.0,Male,West,Secondary,Unemployed,430139.77,316232.87,Car,655.0,5,28,0.55,2023-09-06,0
CUST00035,64.0,Male,West,Post-Graduate,Self-Employed,705835.49,206056.78,Home,690.0,10,274,0.42,2020-03-11,0
CUST00036,23.0,Male,South,Primary,Self-Employed,1120191.48,391237.94,Education,721.0,8,326,0.39,2021-05-31,0
CUST00037,57.0,Female,West,Primary,Salaried,163917.32,277161.47,Car,663.0,8,29,0.63,2020-05-13,0
CUST00038,27.0,,East,Graduate,Unemployed,745561.12,151322.85,Personal,671.0,7,115,0.86,2021-03-17,0
CUST00039,41.0,,North,Post-Graduate,Salaried,583506.34,163147.63,Business,661.0,8,246,0.52,2020-01-09,0
CUST00040,29.0,Male,North,Graduate,,712663.89,647842.71,Car,767.0,3,315,0.8,2021-10-06,1
CUST00041,59.0,Female,West,Graduate,Unemployed,492321.32,379834.27,Home,718.0,5,473,0.44,2024-09-28,0
CUST00042,38.0,Male,North,Post-Graduate,Self-Employed,563485.03,50000.0,Education,700.0,4,255,0.19,2020-09-08,0
CUST00043,24.0,Male,South,Post-Graduate,Unemployed,,399141.79,Business,566.0,4,90,0.15,2024-10-12,0
CUST00044,45.0,Male,South,Post-Graduate,Salaried,524591.53,264958.2,Car,,3,159,0.14,2023-09-20,0
CUST00045,34.0,Male,North,Secondary,Salaried,219864.67,300828.2,Education,761.0,1,406,0.42,2020-10-08,0
CUST00046,29.0,Male,South,Post-Graduate,Salaried,541521.24,447579.87,Education,683.0,11,405,0.39,2023-10-28,0
CUST00047,46.0,,North,Primary,Salaried,,512980.89,Education,739.0,5,19,0.71,2019-12-18,0
CUST00048,22.0,Female,North,Graduate,Salaried,763298.28,145413.71,Home,839.0,8,330,0.73,2022-12-13,0
CUST00049,40.0,Male,North,Secondary,Salaried,133613.72,294646.5,Personal,773.0,11,233,0.14,2022-01-13,0
CUST00050,48.0,Female,West,Post-Graduate,Unemployed,857163.59,201700.02,Education,688.0,0,423,0.29,2024-11-26,0
CUST00051,27.0,Female,North,Secondary,Salaried,707390.75,407435.19,Business,634.0,6,273,0.33,2021-03-11,0
CUST00052,64.0,Female,West,Post-Graduate,Self-Employed,708347.15,258185.19,Car,450.0,5,158,0.57,2024-05-30,1
CUST00053,28.0,Male,North,Secondary,Unemployed,100000.0,305265.27,Business,665.0,2,287,0.22,2019-09-02,0
CUST00054,55.0,Male,North,Graduate,Unemployed,517850.14,251350.18,Home,651.0,0,283,0.21,2023-12-24,1
CUST00055,34.0,Male,North,Graduate,Unemployed,888390.86,280898.49,Home,715.0,3,203,0.9,2024-12-06,0
CUST00056,37.0,Male,South,Primary,Salaried,470348.01,606837.18,Business,666.0,8,441,0.78,2022-12-18,0
CUST00057,56.0,,West,Primary,Unemployed,330484.46,730337.91,Personal,651.0,1,181,0.25,2021-08-28,0
CUST00058,60.0,Female,West,Post-Graduate,Self-Employed,440832.48,367876.58,Home,520.0,2,274,0.45,2019-07-09,0
CUST00059,24.0,Female,North,Graduate,Salaried,582930.59,282005.44,Home,595.0,1,460,0.4,2022-07-14,0
CUST00060,22.0,Male,North,Secondary,Salaried,387157.39,50000.0,Business,723.0,1,319,0.77,2022-10-22,0
CUST00061,26.0,Male,South,Secondary,Self-Employed,,163124.72,Home,834.0,9,35,0.53,2018-02-15,0
CUST00062,62.0,Other,South,Secondary,Salaried,583833.12,277187.51,Personal,671.0,10,478,0.21,2021-06-13,0
CUST00063,24.0,Female,South,Primary,Salaried,461107.66,171288.62,Personal,710.0,10,359,0.73,2020-12-07,0
CUST00064,49.0,Male,West,Secondary,Self-Employed,274664.12,190217.86,Personal,766.0,7,485,0.44,2024-02-24,1
CUST00065,38.0,Female,West,Primary,Salaried,721111.65,583570.11,Car,607.0,2,365,0.32,2023-11-02,0
CUST00066,46.0,Female,West,Primary,Salaried,715416.57,305182.35,Personal,713.0,6,35,0.42,2019-06-27,0
CUST00067,64.0,Male,North,Post-Graduate,Self-Employed,401947.77,321278.16,Personal,613.0,7,43,0.52,2021-12-22,0
CUST00068,54.0,Male,West,Secondary,Salaried,100000.0,178645.7,Car,758.0,2,273,0.39,2023-10-20,1
CUST00069,30.0,Male,East,Secondary,Salaried,,511958.05,Education,694.0,1,147,0.31,2023-06-16,0
CUST00070,56.0,,East,Graduate,Salaried,553299.15,261735.85,Home,707.0,7,313,0.44,2020-07-01,0
CUST00071,34.0,Male,South,Post-Graduate,Salaried,684017.79,206244.54,Personal,610.0,2,192,0.12,2020-12-04,0
CUST00072,51.0,Female,West,Graduate,Unemployed,1089293.63,50000.0,Home,744.0,6,372,0.76,2024-05-29,0
CUST00073,35.0,Male,East,Post-Graduate,Salaried,593292.04,289001.66,Business,850.0,11,251,0.25,2020-03-22,0
CUST00074,28.0,Male,South,Secondary,Salaried,471540.35,200629.56,Home,589.0,0,63,0.14,2022-01-28,0
CUST00075,34.0,Male,West,Primary,Salaried,313169.51,603224.35,Car,649.0,11,471,0.66,2023-03-24,1
CUST00076,43.0,Male,North,Primary,Salaried,521894.55,631901.76,Home,701.0,5,177,0.76,2022-04-23,1
CUST00077,60.0,Female,East,Primary,Self-Employed,640144.34,77649.51,Home,751.0,11,128,0.79,2020-05-16,0
CUST00078,41.0,Male,North,Primary,,613326.86,98012.42,Home,630.0,11,152,0.52,2024-08-24,1
CUST00079,36.0,,West,Primary,Salaried,1030866.34,250262.47,Education,425.0,8,90,0.27,2022-11-02,0
CUST00080,38.0,Female,East,Graduate,Salaried,724771.39,153113.18,Education,802.0,11,254,0.73,2024-04-28,1
CUST00081,44.0,Male,West,Post-Graduate,Salaried,566299.78,339134.98,Business,748.0,2,411,0.69,2019-08-03,0
CUST00082,46.0,Male,North,Secondary,,423359.86,241207.77,Car,523.0,6,361,0.31,2024-08-01,0
CUST00083,45.0,Male,East,Graduate,Self-Employed,666668.19,350495.82,Home,625.0,5,367,0.87,2021-12-13,1
CUST00084,61.0,Male,North,Post-Graduate,Salaried,373247.96,482896.83,Home,821.0,7,416,0.19,2019-11-29,1
CUST00085,49.0,Male,West,Primary,Salaried,644957.77,108440.13,Home,810.0,2,71,0.94,2023-05-31,0
CUST00086,35.0,Male,West,Post-Graduate,Salaried,721853.48,479138.02,Home,764.0,2,55,0.83,2024-10-26,0
CUST00087,21.0,Male,North,Post-Graduate,Unemployed,545886.94,168842.57,Education,664.0,3,96,0.68,2019-12-27,0
CUST00088,45.0,Female,East,Primary,Unemployed,442428.39,686726.91,Business,687.0,2,108,0.9,2018-10-13,1
CUST00089,27.0,Male,North,Primary,Salaried,100000.0,591775.67,Personal,668.0,8,304,0.71,2023-03-07,0
CUST00090,29.0,Male,West,Primary,,885959.18,279645.54,Car,782.0,10,408,0.26,2019-07-24,0
CUST00091,44.0,Male,North,Secondary,Salaried,700825.1,126554.98,Home,601.0,3,62,0.48,2023-05-19,0
CUST00092,21.0,Male,West,Primary,Salaried,706904.32,92124.12,Business,607.0,5,481,0.16,2022-02-22,0
CUST00093,64.0,Female,North,Secondary,Self-Employed,209661.92,457253.13,Personal,771.0,7,201,0.43,2019-05-13,0
CUST00094,28.0,Male,East,Primary,Unemployed,,294527.5,Business,676.0,10,456,0.73,2023-04-02,0
CUST00095,44.0,Other,East,Secondary,Unemployed,483695.78,466836.04,Education,804.0,7,485,0.43,2019-12-06,0
CUST00096,31.0,Male,North,Post-Graduate,Salaried,527801.17,696761.21,Personal,620.0,4,89,0.38,2021-09-18,0
CUST00097,37.0,Male,North,Graduate,Salaried,332678.29,161331.07,Business,675.0,4,25,0.61,2019-07-16,0
CUST00098,28.0,Male,East,Post-Graduate,Self-Employed,153263.57,78575.12,Education,597.0,5,369,0.84,2023-06-22,0
CUST00099,,Other,West,Post-Graduate,Salaried,889336.58,334660.84,Business,681.0,9,496,0.14,2018-02-01,0
CUST00100,55.0,Male,East,Primary,Salaried,921649.34,506056.73,Business,547.0,6,335,0.43,2018-02-12,0
CUST00101,53.0,,West,Secondary,Salaried,558617.96,130717.15,Personal,636.0,9,203,0.23,2023-04-01,0
CUST00102,25.0,Male,North,Graduate,Self-Employed,430153.86,306232.45,Education,551.0,6,150,0.69,2021-10-06,0
CUST00103,,Female,North,Primary,Salaried,505738.96,546607.86,Home,742.0,3,117,0.19,2023-01-20,0
CUST00104,59.0,Male,West,Primary,Salaried,512596.25,50000.0,Car,744.0,5,312,0.67,2019-07-13,0
CUST00105,61.0,Female,North,Primary,Unemployed,300035.07,342357.23,Personal,,6,274,0.34,2024-05-06,0
CUST00106,48.0,,West,Post-Graduate,Salaried,526936.2,202781.44,Education,800.0,4,456,0.27,2021-12-07,0
CUST00107,27.0,Male,South,Secondary,Salaried,638275.5,322348.19,Business,850.0,4,299,0.9,2020-07-31,1
CUST00108,29.0,Male,East,Secondary,Salaried,854539.31,427761.17,Education,684.0,1,218,0.12,2022-05-18,0
CUST00109,28.0,Male,South,Graduate,Salaried,603561.04,339745.53,Car,622.0,6,484,0.47,2021-10-02,1
CUST00110,32.0,Male,West,Secondary,Salaried,205912.07,118159.97,Car,,11,422,0.12,2023-04-13,0
CUST00111,54.0,Male,East,Secondary,Salaried,688386.97,209775.7,Home,561.0,5,174,0.51,2022-06-25,1
CUST00112,53.0,Female,West,Primary,Self-Employed,536017.36,556786.74,Home,682.0,10,436,0.53,2023-09-16,0
CUST00113,43.0,,East,Primary,Salaried,942602.42,359207.92,Car,696.0,0,351,0.37,2018-04-02,0
CUST00114,44.0,Male,East,Post-Graduate,Unemployed,957364.45,451257.44,Personal,801.0,3,380,0.21,2023-01-18,1
CUST00115,57.0,Male,East,Primary,Salaried,966113.58,345053.16,Personal,712.0,2,329,0.42,2018-07-04,0
CUST00116,55.0,Male,East,Primary,Salaried,459603.02,445640.89,Business,635.0,11,161,0.67,2019-12-29,0
CUST00117,64.0,Male,West,Primary,Salaried,1097463.77,228693.7,Home,,2,464,0.77,2020-11-17,0
CUST00118,60.0,Male,East,Primary,Salaried,687735.63,161847.9,Business,649.0,6,299,0.55,2022-04-21,1
CUST00119,42.0,Male,East,Post-Graduate,Self-Employed,1006595.1,437465.59,Home,589.0,10,441,0.6,2024-08-16,0
CUST00120,47.0,Female,South,Primary,Salaried,474345.1,502927.32,Car,684.0,11,277,0.27,2020-04-11,0
CUST00121,55.0,Female,North,Graduate,Salaried,525350.82,135429.36,Personal,629.0,9,160,0.34,2018-12-11,0
CUST00122,21.0,Male,North,Graduate,,668506.84,196329.93,Personal,546.0,3,216,0.24,2021-12-13,0
CUST00123,55.0,Male,South,Graduate,Unemployed,637969.4,270619.24,Car,793.0,11,264,0.31,2021-05-04,0
CUST00124,57.0,Male,South,Graduate,Self-Employed,913702.99,591568.43,Business,635.0,7,362,0.29,2023-10-27,0
CUST00125,34.0,Male,West,Primary,Salaried,541967.67,401364.38,Business,566.0,10,386,0.54,2018-06-16,1
CUST00126,23.0,Male,West,Graduate,Self-Employed,891153.75,61664.37,Education,665.0,8,150,0.58,2018-09-21,0
CUST00127,21.0,Male,West,Primary,Salaried,783058.63,283263.1,Home,686.0,2,352,0.9,2022-02-04,0
CUST00128,25.0,Female,South,Post-Graduate,Salaried,546651.95,255741.82,Business,523.0,4,367,0.27,2021-05-16,0
CUST00129,46.0,Female,South,Graduate,Salaried,763669.15,88811.48,Car,710.0,3,105,0.65,2021-07-10,0
CUST00130,34.0,,East,Secondary,Salaried,481683.74,281137.45,Business,586.0,11,438,0.79,2022-03-10,0
CUST00131,59.0,Male,West,Graduate,Salaried,1187551.45,247793.26,Personal,834.0,9,379,0.58,2022-12-14,0
CUST00132,47.0,Male,West,Graduate,Salaried,100000.0,234906.15,Home,727.0,5,236,0.32,2023-02-21,0
CUST00133,29.0,Female,West,Primary,Self-Employed,768235.8,226671.35,Education,644.0,10,202,0.32,2022-10-16,0
CUST00134,35.0,Male,North,Graduate,Salaried,158851.02,564850.84,Home,613.0,9,312,0.13,2023-03-25,0
CUST00135,35.0,Male,East,Secondary,Salaried,543585.82,234533.44,Personal,671.0,3,323,0.36,2021-08-28,0
CUST00136,46.0,Female,West,Primary,Salaried,578597.98,308940.79,Personal,735.0,7,398,0.73,2021-04-12,0
CUST00137,62.0,Male,West,Primary,Unemployed,976908.39,289422.35,Personal,678.0,2,386,0.14,2024-10-14,0
CUST00138,33.0,Female,West,Post-Graduate,Salaried,426961.95,209096.97,Personal,660.0,10,470,0.29,2020-02-07,0
CUST00139,52.0,Male,North,Post-Graduate,Salaried,927002.98,314310.85,Car,685.0,4,127,0.7,2024-11-15,0
CUST00140,59.0,Male,North,Graduate,Self-Employed,305295.84,311763.11,Education,626.0,0,14,0.77,2018-04-11,1
CUST00141,,Male,South,Post-Graduate,Self-Employed,936667.43,314356.17,Personal,649.0,5,453,0.49,2022-09-29,0
CUST00142,24.0,Female,East,Post-Graduate,Salaried,481413.64,145338.03,Personal,492.0,10,361,0.69,2023-04-04,0
CUST00143,50.0,Female,South,Post-Graduate,Self-Employed,618358.63,262897.59,Business,768.0,4,252,0.43,2024-04-10,0
CUST00144,57.0,Female,East,Primary,Self-Employed,515905.33,436857.94,Education,707.0,7,30,0.24,2021-10-03,1
CUST00145,43.0,Male,North,Primary,Self-Employed,920590.87,267633.01,Home,610.0,8,161,0.44,2018-04-15,0
CUST00146,59.0,Female,West,Primary,Salaried,871934.96,329120.74,Education,850.0,7,137,0.59,2019-11-25,1
CUST00147,35.0,Male,South,Post-Graduate,Self-Employed,710875.43,330066.66,Education,688.0,7,133,0.91,2022-08-18,0
CUST00148,63.0,,West,Primary,Salaried,312032.9,375131.12,Education,,11,155,0.16,2021-08-03,1
CUST00149,49.0,Female,South,Post-Graduate,Salaried,421244.53,400557.16,Personal,757.0,2,286,0.53,2020-12-06,0
CUST00150,56.0,Male,North,Primary,,342855.87,268652.89,Personal,716.0,3,319,0.38,2020-12-02,0
CUST00151,33.0,Male,North,Primary,Salaried,100000.0,135959.65,Car,716.0,10,403,0.53,2020-03-28,0
CUST00152,52.0,Male,North,Secondary,Salaried,915329.53,80631.24,Home,642.0,3,161,0.12,2024-03-18,1
CUST00153,27.0,Male,South,Graduate,Self-Employed,518044.12,483183.55,Business,721.0,10,369,0.37,2022-03-17,0
CUST00154,42.0,Male,East,Post-Graduate,Salaried,515376.51,438645.08,Education,656.0,4,120,0.8,2024-01-01,0
CUST00155,48.0,Male,South,Secondary,Salaried,974025.56,416885.64,Home,730.0,8,478,0.57,2020-06-08,0
CUST00156,22.0,Male,East,Primary,Salaried,481002.85,446016.64,Home,509.0,11,482,0.48,2023-02-21,0
CUST00157,62.0,Female,South,Post-Graduate,Salaried,389882.27,270919.92,Car,641.0,8,125,0.34,2023-02-17,0
CUST00158,26.0,Female,South,Primary,Unemployed,543813.59,187522.24,Business,835.0,9,197,0.35,2020-02-29,0
CUST00159,48.0,,North,Graduate,Salaried,316832.74,123526.67,Education,611.0,11,66,0.43,2019-07-07,0
CUST00160,48.0,Male,West,Secondary,Salaried,686088.94,103917.0,Business,626.0,0,260,0.81,2020-04-23,1
CUST00161,64.0,Male,West,Graduate,Salaried,506584.48,518188.56,Car,640.0,7,393,0.92,2019-10-21,0
CUST00162,64.0,Male,East,Secondary,Salaried,473182.15,211233.93,Personal,571.0,0,416,0.47,2020-10-15,0
CUST00163,40.0,Male,West,Primary,Salaried,451524.21,489874.63,Home,481.0,1,159,0.43,2023-05-08,0
CUST00164,50.0,Male,South,Graduate,Self-Employed,573444.63,266360.55,Education,659.0,6,461,0.82,2021-04-05,1
CUST00165,31.0,Male,South,Graduate,Unemployed,,178276.58,Personal,692.0,7,171,0.46,2020-01-21,0
CUST00166,48.0,Male,North,Primary,Salaried,470006.23,103014.34,Car,675.0,0,129,0.57,2024-04-15,0
CUST00167,45.0,Male,North,Graduate,Self-Employed,510308.52,194132.22,Business,667.0,2,79,0.3,2020-02-14,1
CUST00168,59.0,Male,West,Post-Graduate,Self-Employed,579619.29,555282.98,Home,684.0,6,421,0.73,2021-10-12,0
CUST00169,53.0,Female,East,Secondary,Self-Employed,554395.47,104842.19,Education,772.0,8,360,0.55,2019-11-23,0
CUST00170,21.0,Female,West,Secondary,Salaried,607768.99,681014.43,Personal,663.0,7,108,0.79,2019-12-20,0
CUST00171,47.0,Male,West,Secondary,Salaried,430832.3,148690.66,Personal,628.0,7,176,0.76,2018-08-22,1
CUST00172,33.0,Female,West,Post-Graduate,,851148.23,434990.99,Home,655.0,8,307,0.28,2023-09-03,0
CUST00173,61.0,Male,West,Secondary,Self-Employed,624207.04,273854.77,Business,732.0,9,160,0.71,2021-11-05,0
CUST00174,23.0,,South,Primary,Self-Employed,474038.31,242299.28,Car,807.0,2,335,0.78,2020-10-02,0
CUST00175,59.0,Female,East,Graduate,Salaried,686096.05,71144.26,Business,623.0,7,473,0.39,2021-10-01,0
CUST00176,26.0,Male,South,Post-Graduate,Salaried,581407.85,282289.26,Business,689.0,0,11,0.25,2021-11-02,1
CUST00177,28.0,Male,East,Secondary,Unemployed,166543.41,91508.52,Business,710.0,7,161,0.1,2023-08-27,0
CUST00178,47.0,Male,North,Primary,Self-Employed,685238.17,50000.0,Home,591.0,6,410,0.48,2024-04-11,0
CUST00179,29.0,Male,West,Graduate,Unemployed,345123.45,321527.76,Home,682.0,7,374,0.4,2019-12-18,1
CUST00180,57.0,Male,South,Graduate,Self-Employed,833606.95,185623.84,Car,,0,74,0.57,2022-04-12,0
CUST00181,53.0,Male,East,Post-Graduate,Salaried,,603182.73,Business,521.0,5,335,0.26,2022-09-08,0
CUST00182,62.0,Male,North,Post-Graduate,Salaried,795017.57,480003.91,Home,713.0,6,78,0.83,2021-05-10,1
CUST00183,64.0,Female,North,Post-Graduate,Self-Employed,442445.36,605537.79,Car,645.0,10,130,0.32,2021-06-25,0
CUST00184,44.0,Other,West,Primary,Salaried,617482.32,177441.08,Car,698.0,4,118,0.29,2023-12-06,0
CUST00185,35.0,Male,East,Primary,Salaried,902560.88,324504.79,Business,678.0,4,325,0.51,2018-01-09,0
CUST00186,52.0,Male,South,Post-Graduate,Self-Employed,532745.86,50000.0,Education,592.0,6,256,0.52,2019-08-21,0
CUST00187,52.0,Male,West,Secondary,Salaried,,249275.57,Business,676.0,10,443,0.28,2018-01-23,1
CUST00188,44.0,Male,South,Graduate,Self-Employed,763760.15,317729.7,Education,569.0,2,102,0.33,2023-06-14,0
CUST00189,61.0,Female,North,Graduate,Salaried,3794577.0,1310914.6,Car,805.0,5,277,0.24,2024-04-06,0
CUST00190,32.0,Male,South,Primary,Unemployed,462812.72,292373.69,Home,558.0,6,112,0.71,2022-05-28,0
CUST00191,59.0,Male,South,Graduate,Salaried,103634.74,311986.66,Personal,,0,440,0.75,2023-09-06,0
CUST00192,22.0,Male,West,Secondary,Salaried,447494.26,50000.0,Car,586.0,11,460,0.49,2021-01-09,1
CUST00193,23.0,Male,South,Graduate,Salaried,769339.88,346119.93,Home,731.0,1,121,0.71,2024-02-25,0
CUST00194,57.0,Female,West,Primary,Salaried,406241.45,387019.18,Car,650.0,11,330,0.73,2018-04-02,1
CUST00195,37.0,Female,North,Primary,Self-Employed,597265.54,540844.57,Business,633.0,3,420,0.22,2020-04-30,0
CUST00196,22.0,Male,West,Secondary,Self-Employed,,366372.85,Education,757.0,7,313,0.92,2023-06-06,0
CUST00197,22.0,Male,West,Secondary,,584791.05,1105869.32,Car,683.0,10,353,0.8,2021-01-12,0
CUST00198,48.0,,East,Graduate,Salaried,431129.71,498889.55,Home,726.0,9,71,0.27,2018-10-27,1
CUST00199,43.0,Female,South,Graduate,Salaried,768283.01,50000.0,Business,592.0,5,309,0.26,2024-06-01,0
CUST00200,57.0,Female,North,Primary,Salaried,100000.0,207309.26,Personal,554.0,0,412,0.21,2022-01-17,0
CUST00201,52.0,Male,West,Secondary,Unemployed,663041.84,162154.2,Business,690.0,9,452,0.22,2021-07-28,0
CUST00202,53.0,Male,North,Secondary,Self-Employed,303482.69,293786.08,Education,651.0,4,145,0.74,2020-09-27,0
CUST00203,21.0,Female,East,Secondary,Self-Employed,752110.52,50000.0,Business,736.0,6,64,0.5,2020-12-18,0
CUST00204,39.0,Male,South,Graduate,Self-Employed,778579.73,537534.42,Personal,673.0,5,117,0.77,2021-09-27,1
CUST00205,22.0,Female,West,Secondary,Salaried,557013.02,255034.22,Home,698.0,11,312,0.73,2024-07-17,0
CUST00206,64.0,Male,South,Primary,Unemployed,557582.96,357383.4,Car,534.0,8,267,0.61,2023-10-11,0
CUST00207,46.0,Male,East,Primary,Self-Employed,398409.33,340156.42,Education,850.0,7,262,0.68,2020-02-15,0
CUST00208,52.0,Male,East,Graduate,Self-Employed,263604.15,527248.18,Personal,665.0,3,231,0.12,2021-12-23,0
CUST00209,26.0,Male,North,Post-Graduate,Self-Employed,1024523.23,50000.0,Education,743.0,10,487,0.37,2022-08-09,0
CUST00210,52.0,Male,West,Graduate,Salaried,383732.14,320217.81,Business,605.0,11,378,0.64,2022-10-18,0
CUST00211,24.0,Female,North,Post-Graduate,Self-Employed,991949.03,506312.09,Education,708.0,4,176,0.11,2024-04-22,0
CUST00212,31.0,Male,East,Secondary,Salaried,385124.99,282362.44,Personal,563.0,6,438,0.13,2023-01-26,0
CUST00213,37.0,Male,South,Graduate,Salaried,731297.6,128771.51,Car,721.0,7,169,0.82,2023-03-13,0
CUST00214,58.0,Male,North,Primary,Salaried,315548.21,191299.78,Car,648.0,4,458,0.68,2022-09-26,0
CUST00215,44.0,Male,North,Secondary,Unemployed,730848.75,229270.44,Education,683.0,8,175,0.33,2021-08-20,0
CUST00216,25.0,Male,South,Primary,Self-Employed,518603.16,170210.99,Home,743.0,9,214,0.68,2019-09-07,0
CUST00217,54.0,Male,North,Secondary,Self-Employed,521870.96,272494.0,Education,569.0,11,276,0.77,2018-09-02,0
CUST00218,26.0,Female,South,Graduate,Self-Employed,752505.79,571484.53,Business,618.0,3,147,0.36,2020-01-27,0
CUST00219,42.0,Male,West,Post-Graduate,Salaried,482714.66,192474.34,Car,721.0,3,377,0.13,2020-04-03,0
CUST00220,31.0,Male,South,Secondary,Unemployed,242962.88,212218.68,Car,850.0,7,452,0.89,2023-01-21,0
CUST00221,36.0,,West,Post-Graduate,Salaried,790326.39,382760.51,Car,668.0,0,355,0.39,2021-12-06,0
CUST00222,53.0,Female,South,Secondary,Salaried,313524.85,268532.33,Home,733.0,7,257,0.19,2021-05-25,0
CUST00223,29.0,Female,East,Primary,Salaried,729129.32,60746.68,Home,670.0,4,64,0.52,2019-05-31,0
CUST00224,26.0,Female,East,Primary,Self-Employed,,288986.08,Personal,850.0,10,413,0.75,2019-04-19,1
CUST00225,36.0,Male,West,Secondary,Self-Employed,506126.53,282199.54,Education,523.0,0,218,0.29,2018-02-05,0
CUST00226,49.0,Male,West,Post-Graduate,Salaried,895588.21,475622.1,Education,689.0,3,26,0.33,2021-11-11,0
CUST00227,23.0,Male,East,Graduate,Salaried,720445.93,125012.57,Business,534.0,1,77,0.31,2022-11-28,1
CUST00228,40.0,Male,West,Graduate,Self-Employed,426034.64,476817.51,Car,454.0,3,142,0.94,2022-10-01,0
CUST00229,56.0,Male,South,Primary,Salaried,950357.25,282390.45,Home,707.0,7,197,0.27,2020-04-09,0
CUST00230,39.0,,South,Graduate,Self-Employed,314582.04,100570.5,Business,693.0,4,416,0.59,2020-12-28,0
CUST00231,46.0,Male,East,Primary,Unemployed,505824.89,64419.9,Business,654.0,0,439,0.89,2024-08-10,0
CUST00232,23.0,Male,North,Graduate,Salaried,548421.3,648189.94,Home,670.0,6,317,0.22,2021-03-31,0
CUST00233,39.0,Female,South,Secondary,Salaried,751305.93,271215.12,Education,850.0,0,147,0.93,2022-10-29,0
CUST00234,40.0,Male,West,Primary,Self-Employed,878858.32,468570.74,Car,657.0,8,183,0.91,2020-08-02,0
CUST00235,52.0,Male,North,Primary,Self-Employed,863197.89,50000.0,Education,726.0,2,421,0.85,2022-02-20,0
CUST00236,27.0,Female,North,Secondary,,655937.08,774785.08,Business,622.0,11,106,0.28,2019-03-07,0
CUST00237,,Male,South,Primary,Unemployed,529932.72,460784.03,Car,707.0,2,180,0.64,2023-07-16,0
CUST00238,53.0,Female,South,Graduate,Salaried,143503.94,254020.76,Personal,659.0,5,163,0.75,2020-05-08,0
CUST00239,60.0,Male,North,Graduate,Salaried,271463.54,244890.15,Business,643.0,9,192,0.94,2018-08-18,0
CUST00240,59.0,Male,North,Primary,Self-Employed,,432227.66,Education,844.0,5,251,0.25,2024-08-14,0
CUST00241,38.0,Female,East,Graduate,Self-Employed,140982.0,421892.7,Education,786.0,10,313,0.75,2018-06-27,0
CUST00242,60.0,Female,West,Post-Graduate,Salaried,2019386.7000000002,1331421.08,Education,692.0,10,294,0.39,2021-12-04,0
CUST00243,21.0,Female,East,Primary,Self-Employed,886151.57,301958.18,Home,473.0,5,36,0.25,2022-06-02,0
CUST00244,31.0,Male,South,Secondary,Salaried,652428.32,400992.08,Business,648.0,0,411,0.46,2022-10-30,1
CUST00245,48.0,Male,East,Post-Graduate,Salaried,832011.27,50000.0,Car,850.0,4,369,0.77,2022-11-10,1
CUST00246,45.0,Male,East,Primary,Salaried,735707.09,233170.55,Education,659.0,11,69,0.5,2020-09-01,0
CUST00247,43.0,Male,East,Secondary,Self-Employed,967395.63,50000.0,Education,779.0,5,211,0.56,2018-03-23,0
CUST00248,51.0,Female,East,Graduate,Salaried,673856.82,408826.62,Home,810.0,7,259,0.95,2020-04-25,0
CUST00249,50.0,Male,West,Secondary,Salaried,765861.93,178353.49,Car,700.0,0,371,0.44,2021-05-01,0
CUST00250,62.0,Other,West,Post-Graduate,Salaried,418938.37,50000.0,Business,604.0,4,78,0.62,2019-09-10,1
CUST00251,55.0,Male,North,Graduate,Self-Employed,746583.24,157118.43,Personal,461.0,2,467,0.41,2024-03-13,0
CUST00252,27.0,Male,South,Primary,Self-Employed,,326884.12,Home,742.0,1,379,0.43,2024-05-26,1
CUST00253,36.0,Male,East,Graduate,Self-Employed,486723.53,263058.89,Business,607.0,10,30,0.69,2019-03-21,0
CUST00254,46.0,Female,North,Primary,Salaried,823680.88,88831.82,Personal,696.0,7,161,0.9,2020-07-11,0
CUST00255,22.0,Female,North,Primary,Salaried,825405.84,50000.0,Education,568.0,6,111,0.56,2018-07-12,0
CUST00256,21.0,Female,North,Secondary,Salaried,1022110.54,313307.9,Education,656.0,9,396,0.75,2022-07-21,0
CUST00257,32.0,Female,West,Secondary,Self-Employed,1005815.8,195461.74,Car,683.0,6,497,0.18,2018-10-16,0
CUST00258,25.0,Female,East,Secondary,Unemployed,829328.79,253545.47,Personal,704.0,4,104,0.28,2021-03-13,0
CUST00259,57.0,Female,East,Post-Graduate,Salaried,,271256.67,Education,580.0,11,455,0.53,2021-12-01,0
CUST00260,52.0,Male,South,Post-Graduate,Self-Employed,1056920.25,377411.82,Education,788.0,8,370,0.12,2023-01-09,0
CUST00261,29.0,Male,East,Secondary,Salaried,829491.92,452450.37,Car,626.0,4,238,0.31,2023-05-25,0
CUST00262,61.0,Male,East,Post-Graduate,Salaried,408534.98,326371.66,Business,529.0,1,134,0.54,2020-06-14,0
CUST00263,55.0,Other,North,Graduate,Salaried,782227.29,242316.74,Education,670.0,2,267,0.11,2020-07-08,1
CUST00264,39.0,,South,Graduate,Salaried,340683.56,304457.44,Home,683.0,3,331,0.32,2023-07-28,0
CUST00265,36.0,Male,East,Post-Graduate,Salaried,754657.53,238937.35,Home,694.0,4,496,0.54,2022-04-02,0
CUST00266,23.0,Female,West,Post-Graduate,Salaried,270932.49,50000.0,Business,803.0,2,378,0.59,2022-08-28,1
CUST00267,40.0,Female,East,Graduate,Salaried,397945.4,496550.31,Personal,659.0,11,435,0.89,2023-08-23,0
CUST00268,,Male,North,Primary,Self-Employed,3887411.4000000004,1850476.0,Car,669.0,6,245,0.65,2022-09-22,0
CUST00269,53.0,Male,West,Graduate,Salaried,868221.69,657900.12,Home,581.0,4,171,0.45,2024-07-15,1
CUST00270,44.0,Female,North,Graduate,Salaried,681359.21,710489.88,Home,754.0,4,51,0.89,2023-03-13,0
CUST00271,31.0,Male,East,Post-Graduate,Self-Employed,528457.84,88316.38,Business,697.0,5,285,0.77,2022-12-05,0
CUST00272,28.0,Female,West,Graduate,,,239628.01,Personal,642.0,6,362,0.27,2018-11-08,0
CUST00273,56.0,Male,South,Post-Graduate,Salaried,,752077.13,Personal,509.0,9,77,0.21,2021-02-01,0
CUST00274,58.0,Female,South,Post-Graduate,,733371.27,292700.89,Business,810.0,9,182,0.67,2018-12-05,0
CUST00275,60.0,Other,West,Secondary,Salaried,520808.72,343957.96,Home,570.0,7,340,0.58,2024-06-05,1
CUST00276,40.0,Female,West,Graduate,Salaried,,50000.0,Car,627.0,8,134,0.77,2018-12-25,0
CUST00277,55.0,Male,North,Primary,Salaried,553595.63,327051.95,Home,712.0,10,179,0.73,2024-01-26,0
CUST00278,,Female,West,Secondary,Unemployed,519573.45,647749.27,Personal,572.0,3,56,0.63,2021-03-18,0
CUST00279,,Female,North,Post-Graduate,,618969.35,531592.65,Home,546.0,4,270,0.94,2020-02-07,0
CUST00280,45.0,Male,East,Post-Graduate,Self-Employed,531826.35,190202.77,Car,489.0,4,226,0.55,2023-09-21,1
CUST00281,49.0,Female,North,Primary,Salaried,960822.39,228663.05,Education,745.0,7,314,0.2,2018-07-21,0
CUST00282,38.0,Male,West,Post-Graduate,Salaried,100000.0,96437.95,Home,631.0,8,133,0.8,2022-08-20,1
CUST00283,38.0,Male,West,Graduate,Salaried,463539.35,146790.63,Business,850.0,6,302,0.31,2019-04-09,0
CUST00284,22.0,Male,East,Secondary,Self-Employed,382435.94,50000.0,Education,591.0,4,171,0.76,2019-03-25,0
CUST00285,55.0,Male,West,Post-Graduate,Salaried,654777.65,284732.46,Business,597.0,2,210,0.91,2020-07-01,1
CUST00286,36.0,Male,West,Post-Graduate,Salaried,619286.2,571819.92,Business,629.0,0,463,0.69,2020-03-08,1
CUST00287,61.0,Female,South,Primary,Salaried,1005548.28,363977.75,Business,702.0,10,411,0.61,2020-03-04,1
CUST00288,56.0,Male,South,Graduate,Salaried,1087785.51,545923.02,Home,638.0,8,471,0.49,2019-03-13,0
CUST00289,53.0,Female,East,Post-Graduate,Unemployed,406729.14,493184.89,Personal,735.0,4,284,0.41,2023-04-01,0
CUST00290,24.0,Male,North,Primary,Salaried,600125.02,201574.54,Education,592.0,8,215,0.4,2022-11-09,0
CUST00291,53.0,Male,South,Post-Graduate,Salaried,649076.1,163288.8,Car,556.0,9,49,0.64,2019-06-15,1
CUST00292,34.0,,North,Primary,Salaried,400546.56,170186.78,Personal,518.0,11,282,0.74,2019-07-19,0
CUST00293,41.0,Female,West,Primary,Unemployed,757095.51,50000.0,Home,480.0,3,197,0.68,2022-06-09,0
CUST00294,40.0,Male,South,Graduate,,540123.16,305819.44,Business,633.0,4,364,0.27,2021-07-20,0
CUST00295,28.0,Male,East,Post-Graduate,,333091.29,50000.0,Car,653.0,3,102,0.52,2018-08-01,0
CUST00296,27.0,Female,East,Graduate,Self-Employed,530107.92,406454.79,Education,623.0,1,51,0.77,2020-08-06,1
CUST00297,23.0,Male,East,Primary,Self-Employed,350581.36,312938.57,Personal,792.0,11,474,0.5,2021-02-01,0
CUST00298,37.0,Male,South,Secondary,Salaried,859161.71,384859.18,Personal,791.0,0,388,0.56,2018-07-11,0
CUST00299,53.0,Male,North,Post-Graduate,Salaried,1075389.81,490262.93,Car,650.0,7,116,0.76,2021-11-04,0
CUST00300,32.0,Female,West,Secondary,Salaried,661204.84,335783.03,Home,519.0,3,337,0.66,2023-06-14,0
CUST00301,42.0,Male,North,Post-Graduate,Salaried,627819.19,593682.91,Education,629.0,4,74,0.45,2021-01-09,0
CUST00302,42.0,Female,North,Graduate,Salaried,638108.69,411950.25,Car,626.0,5,374,0.86,2019-12-06,0
CUST00303,50.0,Male,West,Graduate,Salaried,895558.51,163717.17,Business,621.0,7,318,0.24,2019-07-03,0
CUST00304,58.0,Female,West,Graduate,Salaried,890174.75,257212.01,Education,,10,493,0.95,2023-02-05,0
CUST00305,58.0,Female,South,Graduate,Salaried,571086.61,50000.0,Personal,621.0,7,144,0.2,2018-06-03,0
CUST00306,28.0,Other,South,Graduate,Self-Employed,663147.48,137605.72,Car,645.0,6,398,0.11,2022-07-24,0
CUST00307,47.0,Male,South,Secondary,Unemployed,763161.6,231420.65,Personal,623.0,3,33,0.86,2019-07-25,0
CUST00308,47.0,Female,South,Graduate,Salaried,315578.14,398329.25,Personal,699.0,5,37,0.31,2022-11-20,0
CUST00309,54.0,Male,South,Primary,Salaried,903152.06,164935.01,Personal,712.0,3,71,0.72,2024-04-06,0
CUST00310,41.0,Male,West,Primary,Salaried,1033707.97,75672.48,Home,598.0,6,282,0.79,2024-08-18,0
CUST00311,,Male,North,Secondary,Unemployed,891258.03,50000.0,Personal,794.0,11,238,0.83,2020-03-15,1
CUST00312,53.0,Female,South,Post-Graduate,Salaried,288601.52,192644.85,Business,592.0,11,29,0.94,2020-03-09,0
CUST00313,48.0,Other,South,Primary,Salaried,107499.89,651153.32,Business,534.0,10,12,0.35,2019-09-03,0
CUST00314,53.0,Female,North,Post-Graduate,Salaried,777179.67,348799.27,Education,714.0,0,430,0.7,2022-12-12,1
CUST00315,25.0,Male,South,Secondary,Salaried,409952.64,469124.29,Personal,606.0,4,227,0.2,2018-05-23,0
CUST00316,39.0,Male,North,Post-Graduate,Salaried,671783.34,137990.24,Personal,709.0,9,408,0.45,2018-09-29,1
CUST00317,24.0,Female,North,Post-Graduate,Salaried,,200000.0,Car,464.0,11,316,0.82,2022-04-05,0
CUST00318,55.0,Male,West,Post-Graduate,Salaried,435761.21,80206.06,Home,805.0,9,441,0.41,2024-10-09,1
CUST00319,37.0,Male,East,Post-Graduate,Unemployed,505611.34,282516.4,Education,741.0,3,145,0.6,2023-09-25,1
CUST00320,64.0,Male,West,Secondary,,669180.74,50000.0,Personal,545.0,10,406,0.53,2023-11-13,0
CUST00321,,Male,East,Primary,Self-Employed,275622.59,118813.73,Car,547.0,6,441,0.65,2023-10-13,0
CUST00322,50.0,Male,East,Graduate,Self-Employed,410535.95,194455.08,Home,831.0,8,12,0.93,2024-09-26,0
CUST00323,,Male,East,Post-Graduate,Salaried,,62233.44,Education,,4,202,0.15,2019-04-04,0
CUST00324,26.0,Male,South,Primary,Salaried,524886.28,50000.0,Education,605.0,3,82,0.59,2022-10-05,0
CUST00325,55.0,Male,West,Primary,Salaried,752101.94,352137.67,Personal,476.0,8,424,0.83,2021-12-03,0
CUST00326,61.0,Other,East,Secondary,Salaried,1291494.9,308256.86,Education,,4,370,0.51,2024-11-22,0
CUST00327,,Male,North,Primary,Self-Employed,3123922.9,1760901.52,Car,660.0,8,127,0.17,2019-05-21,0
CUST00328,44.0,Male,South,Secondary,Unemployed,389572.01,100123.37,Education,744.0,7,163,0.58,2022-09-06,1
CUST00329,49.0,Female,West,Post-Graduate,Salaried,954560.09,436786.09,Business,554.0,3,218,0.38,2021-01-01,0
CUST00330,51.0,Male,East,Post-Graduate,Salaried,202795.38,575274.76,Car,543.0,10,449,0.23,2018-03-25,0
CUST00331,55.0,Female,North,Graduate,Unemployed,252772.96,347198.65,Home,721.0,10,43,0.82,2018-02-28,0
CUST00332,53.0,Female,West,Graduate,Self-Employed,,190211.47,Home,,6,146,0.54,2020-11-10,0
CUST00333,41.0,Male,West,Graduate,Self-Employed,529278.32,326114.52,Personal,539.0,4,327,0.89,2022-01-21,0
CUST00334,52.0,Male,South,Primary,Salaried,445231.82,181598.27,Personal,777.0,9,129,0.79,2024-01-14,1
CUST00335,43.0,Female,West,Post-Graduate,Salaried,592121.92,151628.96,Business,683.0,3,124,0.69,2021-09-14,0
CUST00336,53.0,Female,South,Secondary,Self-Employed,668685.48,422986.87,Home,778.0,4,22,0.1,2022-05-16,0
CUST00337,23.0,Male,East,Graduate,Self-Employed,867239.88,274970.94,Home,674.0,4,78,0.46,2019-07-30,1
CUST00338,38.0,Male,South,Secondary,Salaried,622797.07,516917.22,Home,453.0,10,434,0.27,2019-11-11,1
CUST00339,45.0,,North,Secondary,Salaried,459513.44,220363.86,Home,666.0,8,342,0.87,2018-07-22,0
CUST00340,62.0,Other,South,Graduate,Salaried,853661.35,238588.58,Education,,11,266,0.25,2021-02-03,0
CUST00341,51.0,Male,North,Post-Graduate,Salaried,395571.13,198028.02,Car,,8,98,0.34,2018-11-14,0
CUST00342,23.0,Female,South,Graduate,,,98366.98,Car,645.0,5,56,0.54,2021-04-20,0
CUST00343,60.0,Male,West,Secondary,Unemployed,901489.0,446596.48,Business,664.0,3,269,0.32,2022-06-27,1
CUST00344,44.0,Male,East,Graduate,Salaried,885463.31,693428.1,Education,419.0,1,237,0.28,2022-12-02,0
CUST00345,52.0,Male,North,Secondary,Self-Employed,401925.4,231199.1,Home,830.0,2,456,0.61,2019-02-10,0
CUST00346,42.0,Male,South,Secondary,Salaried,500225.29,177510.73,Home,599.0,1,189,0.18,2024-12-17,1
CUST00347,43.0,Male,South,Graduate,Self-Employed,370768.11,165841.77,Personal,726.0,4,19,0.15,2019-11-10,0
CUST00348,22.0,Male,South,Primary,Unemployed,681656.05,177648.02,Personal,672.0,5,293,0.42,2021-06-24,1
CUST00349,47.0,Male,West,Graduate,Salaried,1033012.32,596961.06,Business,793.0,10,386,0.71,2023-03-05,0
CUST00350,62.0,Female,West,Primary,,775720.45,170673.51,Home,717.0,4,135,0.57,2022-03-28,0
CUST00351,22.0,Male,North,Secondary,Salaried,858931.16,194651.98,Business,659.0,1,143,0.46,2022-07-02,0
CUST00352,46.0,Male,North,Secondary,Salaried,804932.08,76736.23,Education,600.0,11,164,0.58,2021-09-21,0
CUST00353,37.0,Other,West,Primary,Self-Employed,599970.21,352856.78,Car,752.0,4,257,0.41,2021-12-16,0
CUST00354,,Female,North,Secondary,Unemployed,870835.11,287898.68,Home,511.0,8,149,0.9,2020-04-14,0
CUST00355,53.0,Female,East,Primary,Salaried,786257.64,95307.82,Education,738.0,3,327,0.15,2024-02-20,0
CUST00356,29.0,Other,East,Primary,Salaried,959861.43,139290.67,Home,581.0,11,445,0.67,2024-06-13,1
CUST00357,63.0,Male,West,Secondary,Salaried,485112.76,575928.01,Personal,,9,185,0.86,2022-07-27,0
CUST00358,59.0,Male,North,Post-Graduate,Self-Employed,165472.09,305887.4,Business,695.0,1,332,0.78,2023-04-15,0
CUST00359,,Female,South,Primary,Salaried,861312.75,318303.37,Personal,738.0,2,183,0.26,2024-12-28,0
CUST00360,62.0,Female,East,Graduate,Salaried,687442.38,319017.69,Car,687.0,2,490,0.35,2018-10-08,1
CUST00361,46.0,Male,West,Graduate,Salaried,525988.47,551032.57,Personal,522.0,8,83,0.71,2022-12-19,0
CUST00362,55.0,Female,North,Secondary,Salaried,539961.8,111861.41,Home,603.0,3,360,0.17,2020-07-21,0
CUST00363,45.0,Male,West,Post-Graduate,Salaried,1238671.58,228648.81,Personal,741.0,0,152,0.79,2019-08-31,0
CUST00364,44.0,Male,South,Secondary,Self-Employed,439451.34,269586.26,Home,695.0,0,464,0.71,2019-04-28,0
CUST00365,33.0,Male,East,Post-Graduate,Salaried,386674.17,50000.0,Car,786.0,6,301,0.72,2021-05-31,0
CUST00366,27.0,Male,West,Primary,Salaried,,135094.53,Personal,716.0,6,407,0.19,2022-11-08,0
CUST00367,56.0,Male,West,Primary,Self-Employed,895122.72,488401.47,Business,593.0,1,121,0.71,2023-12-05,0
CUST00368,,Male,West,Primary,Self-Employed,1169600.5,436838.43,Business,608.0,8,215,0.68,2018-07-11,1
CUST00369,21.0,Female,South,Primary,Salaried,764341.24,468672.04,Business,689.0,8,140,0.81,2023-07-11,1
CUST00370,28.0,Male,West,Graduate,Salaried,282397.81,193963.76,Personal,472.0,4,378,0.14,2018-11-03,0
CUST00371,36.0,Male,South,Graduate,Salaried,1092716.07,216174.86,Personal,831.0,2,119,0.12,2019-06-16,0
CUST00372,34.0,Female,South,Secondary,Salaried,595132.83,50000.0,Personal,720.0,2,379,0.42,2018-05-02,0
CUST00373,32.0,Other,South,Post-Graduate,Salaried,390572.64,467748.22,Home,790.0,11,76,0.23,2019-08-15,0
CUST00374,,Female,East,Primary,Salaried,330151.89,497397.41,Car,538.0,2,391,0.57,2022-01-15,1
CUST00375,35.0,Female,East,Primary,Salaried,809082.18,495105.77,Business,792.0,5,95,0.88,2018-02-28,0
CUST00376,48.0,Female,West,Post-Graduate,Self-Employed,659707.35,588736.43,Home,850.0,3,284,0.43,2024-06-06,0
CUST00377,,Male,West,Post-Graduate,Salaried,686268.84,375979.55,Business,561.0,7,236,0.82,2022-04-23,1
CUST00378,22.0,Male,East,Secondary,Self-Employed,921625.78,580238.73,Home,749.0,10,469,0.1,2021-02-14,0
CUST00379,,Male,North,Post-Graduate,Salaried,399461.35,263914.57,Personal,680.0,10,447,0.24,2022-12-16,0
CUST00380,43.0,Male,East,Primary,Unemployed,941538.66,50000.0,Business,541.0,10,334,0.13,2022-12-11,0
CUST00381,42.0,Male,South,Primary,Self-Employed,470210.67,454930.44,Personal,724.0,4,19,0.38,2019-02-03,0
CUST00382,45.0,Female,East,Primary,Self-Employed,1141001.84,50000.0,Business,755.0,0,498,0.87,2024-12-20,0
CUST00383,42.0,Male,South,Primary,Self-Employed,749684.75,330636.37,Education,626.0,8,426,0.18,2020-07-30,0
CUST00384,42.0,Male,West,Primary,Unemployed,369940.37,471958.28,Home,,0,406,0.62,2019-06-12,0
CUST00385,62.0,Male,North,Secondary,Salaried,100000.0,358366.58,Education,530.0,5,393,0.48,2024-09-11,0
CUST00386,26.0,Female,West,Primary,Salaried,802231.18,710083.75,Home,545.0,0,364,0.9,2022-11-10,0
CUST00387,35.0,Male,South,Secondary,Salaried,2532274.65,200000.0,Car,692.0,2,444,0.2,2021-11-22,0
CUST00388,63.0,Female,South,Primary,Self-Employed,561108.58,285085.08,Business,682.0,9,297,0.28,2022-07-28,0
CUST00389,57.0,Male,South,Graduate,Self-Employed,791549.0,303141.98,Car,616.0,4,468,0.13,2022-03-31,0
CUST00390,53.0,Male,North,Graduate,Salaried,852603.46,58061.49,Car,753.0,9,121,0.47,2019-03-12,0
CUST00391,28.0,Male,East,Graduate,Salaried,905927.59,92328.1,Home,728.0,6,495,0.34,2020-04-19,0
CUST00392,64.0,Female,West,Graduate,Salaried,306289.67,147876.85,Education,757.0,9,33,0.84,2018-12-26,0
CUST00393,64.0,Male,West,Secondary,Unemployed,956473.69,102063.49,Personal,669.0,7,300,0.61,2021-02-26,0
CUST00394,25.0,Female,East,Secondary,Salaried,455238.67,280560.96,Home,734.0,11,348,0.62,2020-05-13,0
CUST00395,59.0,Male,West,Post-Graduate,Salaried,100000.0,191466.32,Personal,640.0,8,335,0.55,2022-07-09,0
CUST00396,24.0,Male,North,Primary,Salaried,305389.91,357223.51,Car,850.0,5,177,0.18,2022-09-29,0
CUST00397,26.0,Female,West,Graduate,,654506.27,416897.48,Personal,607.0,10,447,0.48,2021-05-30,0
CUST00398,52.0,Female,South,Secondary,Self-Employed,355296.44,404720.21,Education,850.0,8,118,0.95,2024-03-11,0
CUST00399,50.0,Female,East,Primary,Self-Employed,577988.88,226177.28,Home,683.0,7,437,0.81,2020-07-04,0
CUST00400,55.0,Female,North,Primary,Self-Employed,684563.12,351205.61,Education,556.0,8,199,0.86,2022-12-04,1
CUST00401,60.0,Female,East,Secondary,Salaried,554653.65,486323.2,Education,803.0,9,499,0.8,2023-12-23,0
CUST00402,36.0,Female,North,Graduate,Salaried,476411.42,380201.62,Home,691.0,3,364,0.19,2019-01-21,1
CUST00403,33.0,Female,South,Post-Graduate,Salaried,287325.98,634615.98,Education,757.0,8,205,0.29,2021-08-19,0
CUST00404,62.0,Female,East,Primary,Self-Employed,605485.95,476792.22,Business,790.0,6,42,0.1,2022-12-11,0
CUST00405,50.0,Female,West,Post-Graduate,Salaried,100000.0,609313.27,Business,710.0,4,214,0.36,2022-05-05,0
CUST00406,39.0,Male,North,Graduate,Salaried,428500.49,50000.0,Business,627.0,4,321,0.19,2021-04-27,0
CUST00407,37.0,Female,East,Graduate,Salaried,368053.97,317401.7,Personal,768.0,0,429,0.5,2022-03-30,0
CUST00408,39.0,Male,West,Post-Graduate,Unemployed,540155.79,241692.15,Education,680.0,1,191,0.68,2019-01-24,0
CUST00409,48.0,Female,East,Graduate,Salaried,546667.55,277503.65,Home,,9,156,0.84,2019-12-05,1
CUST00410,46.0,Female,East,Primary,Self-Employed,839989.17,155107.3,Home,486.0,2,436,0.74,2022-10-05,1
CUST00411,57.0,Male,East,Post-Graduate,Salaried,995869.32,371315.89,Personal,720.0,7,277,0.9,2020-05-13,0
CUST00412,46.0,Female,North,Graduate,Salaried,320555.29,50000.0,Home,623.0,5,20,0.15,2020-11-25,1
CUST00413,43.0,Male,West,Post-Graduate,Salaried,1098208.16,372618.64,Business,829.0,11,79,0.11,2018-03-20,1
CUST00414,29.0,Male,South,Primary,Salaried,405176.1,161091.98,Education,736.0,9,265,0.66,2021-07-22,1
CUST00415,32.0,,North,Graduate,Salaried,643131.7,209930.5,Home,702.0,10,405,0.35,2021-07-25,0
CUST00416,21.0,Male,North,Primary,Salaried,,378930.32,Home,724.0,4,228,0.32,2019-11-05,0
CUST00417,21.0,Female,North,Graduate,Salaried,1211145.69,314179.99,Car,590.0,0,306,0.38,2024-06-17,0
CUST00418,54.0,Female,South,Secondary,Unemployed,464429.42,489705.76,Car,826.0,11,418,0.33,2018-07-23,0
CUST00419,52.0,Male,West,Graduate,Salaried,150815.5,125489.37,Car,850.0,10,371,0.53,2020-09-11,1
CUST00420,,Male,West,Post-Graduate,Self-Employed,972594.87,285472.98,Education,715.0,11,268,0.47,2023-05-30,0
CUST00421,60.0,Male,West,Graduate,Salaried,391656.61,459979.16,Business,823.0,8,12,0.54,2018-01-17,0
CUST00422,21.0,Male,East,Primary,Self-Employed,509602.85,365015.95,Business,629.0,2,93,0.67,2019-04-21,1
CUST00423,36.0,Other,East,Primary,Salaried,320562.59,376606.97,Business,608.0,2,165,0.43,2020-10-13,0
CUST00424,59.0,Male,East,Graduate,Salaried,510324.06,499447.71,Education,684.0,1,160,0.31,2018-07-29,1
CUST00425,25.0,Male,South,Post-Graduate,Salaried,389902.12,226876.36,Education,719.0,3,185,0.24,2019-05-14,0
CUST00426,42.0,Male,East,Secondary,Salaried,769110.45,188970.44,Car,645.0,11,204,0.4,2019-03-05,0
CUST00427,49.0,Male,South,Post-Graduate,Salaried,620197.91,403662.8,Home,728.0,1,435,0.73,2021-08-22,0
CUST00428,23.0,Female,West,Secondary,Self-Employed,429736.21,273102.33,Personal,708.0,8,481,0.74,2023-10-07,0
CUST00429,32.0,Male,East,Primary,Self-Employed,848967.99,501996.64,Personal,590.0,11,116,0.67,2022-04-03,0
CUST00430,46.0,Female,East,Post-Graduate,Self-Employed,663749.19,366559.22,Home,727.0,9,433,0.3,2021-05-16,1
CUST00431,36.0,Male,North,Secondary,Self-Employed,692439.7,751187.52,Car,758.0,6,143,0.6,2022-03-15,1
CUST00432,57.0,Other,South,Graduate,,829925.83,360909.12,Home,695.0,7,285,0.59,2023-02-11,0
CUST00433,,Male,West,Primary,Salaried,646216.97,137514.06,Home,784.0,2,404,0.51,2023-02-20,0
CUST00434,49.0,Male,North,Graduate,Salaried,947683.12,470447.12,Personal,570.0,5,361,0.57,2020-06-17,1
CUST00435,34.0,Female,North,Primary,,630979.36,50000.0,Car,722.0,9,389,0.52,2021-01-11,0
CUST00436,48.0,Male,West,Post-Graduate,Salaried,402072.66,519971.75,Education,575.0,5,164,0.58,2020-12-03,0
CUST00437,25.0,,North,Post-Graduate,Salaried,548926.17,357757.77,Personal,580.0,0,286,0.71,2022-02-15,1
CUST00438,50.0,Female,South,Primary,Salaried,800979.83,270379.03,Education,623.0,5,245,0.19,2022-07-26,1
CUST00439,25.0,Male,South,Primary,Salaried,407315.74,437400.15,Car,595.0,2,249,0.74,2019-05-08,0
CUST00440,32.0,Male,East,Primary,Self-Employed,489925.8,392038.8,Home,631.0,10,379,0.22,2024-12-21,0
CUST00441,36.0,Female,North,Post-Graduate,Self-Employed,544577.86,539468.7,Business,,2,22,0.16,2019-08-28,0
CUST00442,46.0,Male,East,Secondary,Salaried,312657.1,537791.11,Business,755.0,2,351,0.93,2020-08-05,0
CUST00443,46.0,Male,North,Graduate,Unemployed,410919.14,363412.28,Car,651.0,9,44,0.91,2018-10-21,1
CUST00444,41.0,Male,South,Graduate,Unemployed,643137.55,143081.28,Business,537.0,10,56,0.15,2021-03-17,1
CUST00445,59.0,Male,South,Post-Graduate,Salaried,900619.44,202528.38,Education,783.0,10,223,0.48,2023-07-12,0
CUST00446,56.0,Male,South,Graduate,Salaried,679286.75,287103.56,Business,605.0,9,421,0.26,2018-06-21,0
CUST00447,53.0,Female,North,Primary,Salaried,588534.69,494709.9,Car,675.0,10,414,0.51,2022-05-06,1
CUST00448,50.0,Other,South,Secondary,Unemployed,392182.31,217850.44,Car,720.0,7,155,0.81,2019-06-15,0
CUST00449,57.0,Other,North,Graduate,Self-Employed,873790.1,232870.71,Education,698.0,4,168,0.91,2021-02-17,0
CUST00450,43.0,Female,East,Secondary,Salaried,708376.37,632703.11,Business,778.0,3,453,0.64,2023-02-03,1
CUST00451,30.0,Male,North,Primary,Salaried,423317.56,281226.27,Business,723.0,8,134,0.4,2022-10-27,0
CUST00452,25.0,Female,East,Graduate,Salaried,824662.11,185748.26,Home,602.0,8,119,0.61,2023-10-15,0
CUST00453,56.0,Male,North,Post-Graduate,Salaried,739894.27,439796.29,Personal,850.0,0,46,0.37,2023-12-29,0
CUST00454,54.0,Male,East,Secondary,Salaried,396617.41,289895.83,Car,697.0,1,286,0.87,2024-10-29,0
CUST00455,51.0,Male,South,Primary,Self-Employed,574655.44,50000.0,Home,667.0,7,23,0.84,2018-07-08,0
CUST00456,30.0,Male,East,Secondary,Self-Employed,476806.82,487364.53,Car,767.0,4,482,0.57,2018-06-07,0
CUST00457,39.0,Female,South,Graduate,Self-Employed,1258384.49,165532.92,Home,702.0,6,356,0.38,2023-05-25,1
CUST00458,52.0,Female,South,Graduate,Self-Employed,732936.22,307845.41,Personal,716.0,0,241,0.35,2018-09-03,0
CUST00459,21.0,Male,East,Post-Graduate,Self-Employed,646690.51,287734.96,Home,850.0,11,325,0.13,2024-07-05,0
CUST00460,25.0,Male,North,Primary,Salaried,,1365672.84,Car,655.0,9,133,0.79,2020-04-29,0
CUST00461,24.0,Other,North,Primary,Salaried,944790.65,50000.0,Business,,11,288,0.48,2022-12-16,0
CUST00462,36.0,Male,West,Post-Graduate,Salaried,2895774.8,958728.36,Car,690.0,4,488,0.38,2020-12-30,0
CUST00463,44.0,Male,North,Post-Graduate,Self-Employed,,502470.67,Education,776.0,10,120,0.5,2021-08-29,0
CUST00464,36.0,Male,West,Primary,Salaried,811070.81,527780.19,Education,544.0,11,133,0.8,2023-10-28,0
CUST00465,22.0,,North,Secondary,Self-Employed,556263.86,121567.73,Education,503.0,2,422,0.21,2018-06-18,0
CUST00466,48.0,Female,North,Secondary,Salaried,332526.17,465707.68,Education,627.0,9,440,0.83,2024-02-06,1
CUST00467,,Male,South,Post-Graduate,Salaried,283828.39,162942.64,Personal,533.0,11,39,0.86,2022-07-10,0
CUST00468,47.0,Male,West,Secondary,Salaried,982324.14,232584.19,Business,642.0,11,124,0.9,2024-04-26,0
CUST00469,40.0,Female,North,Primary,Salaried,632911.14,242042.81,Business,725.0,1,99,0.44,2022-02-18,0
CUST00470,44.0,Female,West,Graduate,Self-Employed,452608.15,319584.67,Car,600.0,1,221,0.28,2022-12-01,0
CUST00471,32.0,,South,Graduate,Self-Employed,541416.27,480245.96,Home,552.0,8,47,0.42,2024-06-02,0
CUST00472,55.0,Other,South,Secondary,Salaried,801861.18,347625.22,Car,686.0,3,92,0.38,2019-09-12,0
CUST00473,,Male,West,Post-Graduate,Salaried,526648.62,277296.28,Car,758.0,3,36,0.25,2024-08-04,0
CUST00474,53.0,Male,South,Post-Graduate,,237645.07,474116.02,Car,527.0,6,226,0.62,2023-12-05,1
CUST00475,63.0,Female,East,Post-Graduate,Salaried,681460.21,155520.95,Car,754.0,9,369,0.51,2018-12-23,0
CUST00476,57.0,Male,East,Post-Graduate,Salaried,902086.95,286100.86,Business,754.0,9,495,0.84,2024-10-22,0
CUST00477,32.0,Male,South,Post-Graduate,Self-Employed,885366.08,479240.62,Home,766.0,1,381,0.13,2022-08-05,0
CUST00478,,,East,Secondary,Salaried,460167.52,395275.12,Car,,2,224,0.65,2021-04-26,0
CUST00479,21.0,Male,North,Graduate,Salaried,917293.16,216065.28,Business,850.0,2,230,0.75,2021-07-28,1
CUST00480,53.0,Other,West,Graduate,Salaried,653237.49,50000.0,Car,648.0,5,24,0.75,2022-03-15,0
CUST00481,60.0,Male,North,Secondary,Salaried,910286.84,355954.47,Education,690.0,2,452,0.85,2022-01-29,0
CUST00482,,Female,West,Post-Graduate,Salaried,743421.76,50000.0,Car,643.0,10,268,0.72,2023-05-18,0
CUST00483,63.0,Male,South,Secondary,Salaried,219600.79,261749.75,Car,680.0,4,275,0.89,2021-09-23,0
CUST00484,64.0,Male,North,Graduate,Salaried,1036684.73,512210.71,Personal,818.0,3,472,0.38,2018-07-18,0
CUST00485,49.0,Male,South,Primary,Salaried,612945.96,407416.56,Education,559.0,2,129,0.53,2022-11-23,1
CUST00486,33.0,Female,South,Secondary,Salaried,744198.46,50000.0,Home,603.0,7,473,0.11,2020-12-09,0
CUST00487,32.0,Male,West,Post-Graduate,Salaried,263988.84,336081.27,Car,804.0,9,410,0.11,2021-03-11,0
CUST00488,51.0,Female,West,Graduate,Salaried,726331.63,242549.42,Home,772.0,2,137,0.3,2022-12-12,0
CUST00489,22.0,Male,West,Graduate,,875731.93,70730.87,Education,647.0,5,220,0.19,2022-03-18,0
CUST00490,55.0,Other,North,Graduate,Salaried,,1441215.32,Car,757.0,6,20,0.32,2018-01-31,1
CUST00491,43.0,Male,East,Graduate,Salaried,950099.95,211487.19,Personal,711.0,6,185,0.25,2024-07-08,0
CUST00492,37.0,Female,West,Post-Graduate,Salaried,738556.18,212603.87,Business,815.0,1,142,0.12,2019-10-22,0
CUST00493,46.0,Female,West,Primary,Salaried,213905.66,322328.12,Personal,687.0,2,334,0.87,2024-02-03,0
CUST00494,28.0,Female,North,Graduate,,633068.2,187340.78,Personal,772.0,11,329,0.11,2024-08-14,0
CUST00495,49.0,Female,West,Secondary,Self-Employed,451872.61,317232.45,Business,850.0,9,23,0.73,2019-07-01,0
CUST00496,46.0,Female,North,Primary,Self-Employed,,193201.52,Business,734.0,9,59,0.23,2021-02-03,0
CUST00497,,,South,Graduate,Salaried,295918.54,203076.94,Business,684.0,3,419,0.88,2023-11-15,0
CUST00498,46.0,Male,West,Primary,Salaried,547458.27,478727.36,Car,745.0,6,81,0.86,2024-03-27,1
CUST00499,54.0,Male,West,Secondary,Salaried,470704.23,497040.89,Home,647.0,1,78,0.66,2024-03-24,0
CUST00500,61.0,Female,South,Graduate,Self-Employed,462958.41,50000.0,Home,850.0,2,400,0.67,2019-01-06,1
CUST00501,27.0,Male,South,Secondary,Salaried,465440.95,434473.11,Business,696.0,6,392,0.1,2021-01-28,0
CUST00502,24.0,Female,South,Post-Graduate,Salaried,566036.32,551746.38,Personal,655.0,6,25,0.94,2022-01-08,0
CUST00503,31.0,Male,West,Graduate,,3357743.4499999997,2321311.32,Education,,9,448,0.85,2022-01-31,0
CUST00504,49.0,Male,East,Graduate,Salaried,100000.0,393668.35,Business,779.0,2,343,0.86,2023-10-04,1
CUST00505,56.0,Male,East,Graduate,Salaried,100000.0,109668.39,Personal,758.0,11,366,0.66,2024-10-07,0
CUST00506,45.0,Female,East,Graduate,Salaried,515327.17,413396.55,Personal,635.0,0,65,0.39,2024-06-20,0
CUST00507,41.0,Male,West,Post-Graduate,Salaried,550557.74,143534.58,Car,732.0,11,114,0.86,2021-02-25,0
CUST00508,56.0,Male,South,Graduate,Self-Employed,647277.8,238266.27,Car,544.0,2,141,0.35,2023-09-11,1
CUST00509,30.0,Male,West,Primary,Salaried,2090409.5499999998,1475819.16,Home,697.0,4,493,0.58,2018-04-03,1
CUST00510,57.0,Male,South,Graduate,Salaried,602366.3,155143.32,Home,721.0,6,57,0.18,2021-07-05,0
CUST00511,29.0,Male,West,Post-Graduate,Self-Employed,631630.8,93647.94,Education,834.0,3,257,0.88,2023-04-10,1
CUST00512,44.0,Male,West,Graduate,Salaried,416360.48,383839.2,Education,611.0,10,282,0.22,2021-05-28,0
CUST00513,55.0,Female,South,Primary,Salaried,853363.96,636100.36,Education,565.0,10,120,0.29,2022-04-21,1
CUST00514,55.0,Male,East,Post-Graduate,,644246.58,523782.18,Education,599.0,0,429,0.57,2019-02-20,0
CUST00515,,Male,South,Post-Graduate,Salaried,736740.27,427293.51,Personal,560.0,5,335,0.75,2024-08-10,0
CUST00516,38.0,Male,North,Primary,Self-Employed,617211.43,476253.38,Personal,800.0,1,345,0.63,2022-03-25,0
CUST00517,59.0,Male,North,Primary,Salaried,1125918.28,414789.51,Home,,11,358,0.3,2024-07-06,0
CUST00518,52.0,Male,South,Primary,Salaried,749099.27,380982.04,Car,709.0,2,493,0.1,2019-11-20,0
CUST00519,44.0,Male,West,Primary,Salaried,478001.67,461751.21,Car,790.0,3,47,0.74,2022-07-24,0
CUST00520,43.0,Male,North,Primary,Salaried,805241.72,53694.64,Business,692.0,5,366,0.94,2023-08-21,0
CUST00521,52.0,Male,North,Post-Graduate,Self-Employed,190598.77,335907.35,Personal,671.0,5,249,0.79,2022-03-11,0
CUST00522,57.0,Female,West,Post-Graduate,Salaried,629900.07,285429.32,Education,650.0,6,327,0.49,2019-02-23,0
CUST00523,32.0,Female,West,Graduate,Salaried,679790.07,314202.51,Education,652.0,4,130,0.87,2021-02-19,1
CUST00524,33.0,Female,East,Graduate,Self-Employed,632755.19,216953.0,Business,541.0,6,57,0.45,2020-06-29,1
CUST00525,43.0,Male,West,Secondary,Salaried,516555.28,393687.81,Car,704.0,1,19,0.55,2021-09-16,1
CUST00526,45.0,Male,South,Graduate,Self-Employed,346931.66,152772.96,Education,676.0,0,242,0.51,2022-04-16,0
CUST00527,55.0,Male,South,Graduate,Self-Employed,402663.25,203906.11,Car,747.0,11,45,0.48,2024-07-23,0
CUST00528,61.0,Male,East,Primary,Self-Employed,625518.73,182301.62,Business,688.0,9,422,0.76,2019-02-16,1
CUST00529,,Other,North,Primary,Salaried,321620.19,455510.39,Car,665.0,7,471,0.55,2021-06-01,1
CUST00530,37.0,Male,North,Graduate,Salaried,1042541.9,297889.77,Car,602.0,0,13,0.37,2018-06-02,0
CUST00531,40.0,Male,West,Secondary,Self-Employed,,217050.18,Car,686.0,11,53,0.32,2021-05-20,0
CUST00532,45.0,Male,South,Primary,Salaried,519140.53,232782.65,Education,746.0,1,65,0.13,2018-04-02,0
CUST00533,42.0,Female,North,Graduate,Salaried,627597.41,300698.51,Home,577.0,10,51,0.6,2018-11-27,0
CUST00534,33.0,Male,East,Graduate,Self-Employed,726855.23,591991.49,Personal,688.0,11,264,0.3,2022-07-23,0
CUST00535,39.0,Male,East,Post-Graduate,Self-Employed,371018.82,77426.34,Car,701.0,9,237,0.23,2020-08-12,0
CUST00536,56.0,Male,South,Secondary,Salaried,883573.7,421591.8,Car,615.0,5,123,0.66,2021-06-05,1
CUST00537,32.0,Male,East,Post-Graduate,Salaried,251542.24,384935.22,Car,627.0,0,246,0.68,2018-07-13,0
CUST00538,61.0,Male,East,Secondary,Salaried,,141066.23,Home,701.0,9,406,0.74,2019-06-14,0
CUST00539,39.0,Male,South,Primary,Self-Employed,755186.89,564037.19,Business,578.0,2,183,0.53,2021-06-20,0
CUST00540,32.0,Male,West,Secondary,Unemployed,860047.14,397070.48,Education,711.0,6,264,0.86,2022-01-13,1
CUST00541,29.0,Male,West,Graduate,Salaried,248999.68,208608.01,Home,599.0,11,475,0.9,2019-10-01,0
CUST00542,27.0,Male,East,Graduate,Salaried,1261259.2,50000.0,Car,776.0,7,426,0.79,2022-05-30,0
CUST00543,48.0,Male,West,Secondary,Self-Employed,375627.11,341246.43,Home,850.0,3,286,0.64,2022-05-17,0
CUST00544,34.0,Male,West,Secondary,Salaried,271954.38,291945.79,Home,603.0,11,473,0.36,2024-11-30,0
CUST00545,51.0,Female,East,Secondary,Salaried,725678.72,114471.67,Home,728.0,2,344,0.94,2024-12-02,0
CUST00546,39.0,Female,West,Post-Graduate,Unemployed,512926.64,112149.41,Business,615.0,0,450,0.33,2024-05-24,0
CUST00547,36.0,Male,East,Secondary,,475986.92,456331.78,Personal,,11,78,0.27,2019-11-29,0
CUST00548,25.0,,North,Primary,Salaried,748911.01,50000.0,Education,566.0,8,335,0.48,2023-08-08,0
CUST00549,55.0,Male,South,Post-Graduate,Salaried,,356570.9,Business,723.0,9,239,0.15,2022-08-29,0
CUST00550,32.0,Male,South,Post-Graduate,Salaried,174466.4,266261.34,Business,,5,76,0.93,2019-06-24,0
CUST00551,45.0,Female,West,Secondary,Self-Employed,450644.16,389487.87,Personal,661.0,5,313,0.6,2018-11-26,0
CUST00552,41.0,Male,West,Primary,Salaried,869475.43,247025.1,Business,587.0,8,469,0.57,2019-04-15,1
CUST00553,56.0,Female,West,Post-Graduate,Unemployed,461486.18,352789.49,Home,754.0,0,493,0.66,2019-06-18,0
CUST00554,43.0,Male,South,Graduate,Salaried,999789.17,166300.53,Home,605.0,5,426,0.52,2023-05-17,0
CUST00555,36.0,Male,North,Post-Graduate,Salaried,900253.69,291143.12,Car,730.0,11,45,0.13,2019-04-12,0
CUST00556,59.0,Female,North,Secondary,Salaried,,388035.1,Business,649.0,4,426,0.62,2024-10-03,0
CUST00557,62.0,Female,South,Primary,Salaried,684930.96,327156.94,Car,670.0,10,168,0.71,2020-02-01,0
CUST00558,59.0,Female,North,Secondary,Salaried,670500.66,368455.23,Education,693.0,5,158,0.45,2020-10-02,0
CUST00559,34.0,Female,South,Graduate,Salaried,639929.43,132974.17,Home,611.0,10,36,0.74,2020-06-09,0
CUST00560,51.0,Male,North,Graduate,Salaried,508439.58,193678.58,Education,699.0,7,484,0.29,2024-06-13,1
CUST00561,25.0,Female,East,Graduate,Salaried,537453.04,196798.83,Personal,818.0,4,81,0.29,2023-05-10,1
CUST00562,55.0,,East,Secondary,Self-Employed,332509.96,250231.84,Home,610.0,1,257,0.24,2024-07-09,1
CUST00563,43.0,Female,South,Post-Graduate,Self-Employed,100000.0,544544.92,Education,785.0,11,110,0.42,2020-08-11,0
CUST00564,49.0,Male,North,Secondary,Self-Employed,876017.65,236247.82,Personal,815.0,11,199,0.82,2021-12-14,0
CUST00565,63.0,,West,Primary,Salaried,639314.61,94159.3,Education,607.0,1,105,0.8,2022-07-31,0
CUST00566,31.0,,North,Post-Graduate,Salaried,,397496.22,Personal,549.0,9,393,0.43,2020-04-11,0
CUST00567,38.0,Male,East,Graduate,Self-Employed,699612.28,542395.82,Personal,707.0,4,291,0.6,2020-04-23,0
CUST00568,32.0,Male,East,Secondary,Salaried,392900.64,72981.87,Home,631.0,2,331,0.71,2024-04-16,0
CUST00569,29.0,Female,North,Graduate,Salaried,349734.45,655105.94,Car,848.0,9,405,0.31,2021-08-12,0
CUST00570,30.0,Male,North,Graduate,Self-Employed,529078.83,374731.79,Personal,683.0,2,287,0.24,2018-07-03,0
CUST00571,64.0,Male,West,Primary,Self-Employed,942024.62,486100.34,Personal,608.0,7,26,0.93,2021-07-07,0
CUST00572,37.0,Male,West,Post-Graduate,Salaried,307814.74,564072.89,Home,577.0,6,272,0.62,2022-08-18,0
CUST00573,58.0,,North,Primary,Salaried,100000.0,475071.18,Car,778.0,0,116,0.93,2024-02-12,0
CUST00574,27.0,Female,North,Primary,Self-Employed,469649.73,280103.59,Business,,11,77,0.39,2021-12-03,1
CUST00575,33.0,Male,North,Primary,Salaried,885674.98,519185.67,Business,684.0,11,137,0.7,2022-12-02,0
CUST00576,60.0,Other,North,Graduate,Self-Employed,166863.99,345827.96,Car,766.0,4,302,0.29,2019-09-19,0
CUST00577,62.0,Male,South,Primary,Self-Employed,304929.1,496287.25,Education,636.0,8,303,0.32,2023-08-18,0
CUST00578,29.0,Male,North,Primary,Self-Employed,665886.69,515977.59,Home,676.0,3,105,0.54,2020-02-22,0
CUST00579,,Female,West,Post-Graduate,Salaried,1242476.76,103638.61,Car,679.0,0,404,0.37,2022-02-16,0
CUST00580,22.0,Female,East,Post-Graduate,Salaried,260447.08,442974.2,Business,741.0,7,10,0.24,2022-11-20,1
CUST00581,25.0,Male,South,Primary,Self-Employed,250766.48,267259.45,Personal,733.0,4,418,0.32,2020-02-14,1
CUST00582,,Male,North,Post-Graduate,Salaried,684674.59,324874.31,Business,660.0,1,307,0.13,2022-10-26,0
CUST00583,57.0,Female,East,Post-Graduate,Self-Employed,901168.61,322876.69,Personal,686.0,11,189,0.7,2023-02-07,0
CUST00584,58.0,Male,South,Primary,Salaried,443975.32,315654.64,Home,647.0,0,417,0.52,2020-10-03,0
CUST00585,39.0,Other,East,Graduate,Salaried,194651.46,574234.56,Personal,547.0,11,190,0.18,2019-11-08,0
CUST00586,28.0,Other,North,Primary,Self-Employed,3542186.5500000003,216157.72,Car,703.0,11,244,0.25,2023-01-05,1
CUST00587,21.0,Female,North,Post-Graduate,Self-Employed,753710.35,50000.0,Personal,,11,449,0.19,2018-07-30,0
CUST00588,42.0,Male,West,Graduate,Unemployed,1044663.78,50000.0,Education,,2,328,0.62,2021-08-29,1
CUST00589,37.0,Female,North,Secondary,Self-Employed,764236.78,492445.97,Car,610.0,8,346,0.18,2022-06-16,0
CUST00590,27.0,Male,North,Graduate,Salaried,807016.52,160781.25,Home,602.0,0,17,0.74,2021-09-22,0
CUST00591,45.0,Male,South,Post-Graduate,Self-Employed,2672318.55,1295174.24,Car,745.0,3,452,0.12,2019-05-05,0
CUST00592,24.0,Male,West,Graduate,Self-Employed,1210376.09,279350.92,Education,,7,438,0.31,2021-11-27,0
CUST00593,56.0,Male,South,Primary,,500464.5,140452.47,Home,666.0,7,36,0.86,2018-07-10,0
CUST00594,26.0,Female,East,Secondary,Salaried,447019.47,453265.9,Business,597.0,9,317,0.71,2020-04-22,0
CUST00595,51.0,Female,North,Secondary,Salaried,1052378.73,277056.67,Education,688.0,11,155,0.16,2018-12-01,0
CUST00596,39.0,Female,East,Secondary,Salaried,231440.68,257207.69,Home,539.0,10,100,0.8,2022-07-01,0
CUST00597,64.0,Male,South,Post-Graduate,Self-Employed,138147.9,341916.84,Personal,693.0,10,351,0.52,2021-01-15,0
CUST00598,59.0,Male,North,Post-Graduate,Salaried,629889.23,429738.98,Car,758.0,7,281,0.82,2019-08-02,0
CUST00599,47.0,Male,North,Secondary,Salaried,599565.87,127384.28,Home,567.0,9,331,0.61,2018-03-03,0
CUST00600,30.0,Other,South,Graduate,Salaried,543028.0,457125.3,Car,542.0,7,14,0.68,2019-01-22,0
CUST00601,46.0,Male,South,Secondary,Salaried,848482.44,560973.63,Personal,822.0,3,91,0.94,2021-03-15,0
CUST00602,39.0,Female,South,Graduate,Salaried,372948.45,50000.0,Home,625.0,7,396,0.3,2024-01-10,0
CUST00603,59.0,Male,South,Graduate,Salaried,616041.78,350093.82,Business,782.0,8,228,0.63,2019-09-11,1
CUST00604,23.0,Male,South,Post-Graduate,Unemployed,509973.51,245114.0,Education,666.0,6,127,0.49,2022-08-11,0
CUST00605,33.0,Female,North,Graduate,Salaried,377195.37,425861.5,Home,665.0,11,90,0.13,2023-02-21,0
CUST00606,48.0,Male,South,Secondary,Salaried,584539.98,81001.34,Personal,719.0,1,473,0.11,2024-02-04,0
CUST00607,40.0,Female,North,Post-Graduate,,813148.95,593208.88,Home,600.0,8,79,0.2,2019-05-02,1
CUST00608,48.0,Female,North,Primary,Self-Employed,1130142.03,50000.0,Car,692.0,10,124,0.65,2021-07-01,0
CUST00609,28.0,Male,South,Primary,Salaried,744854.75,256029.43,Home,646.0,7,272,0.58,2024-12-22,0
CUST00610,61.0,Male,South,Post-Graduate,Self-Employed,100000.0,378173.29,Business,561.0,4,315,0.57,2019-06-25,0
CUST00611,59.0,Male,West,Secondary,Self-Employed,590464.98,176459.37,Home,710.0,11,151,0.13,2022-03-16,0
CUST00612,21.0,Female,North,Primary,,612450.7,148187.72,Education,656.0,2,431,0.5,2023-08-23,0
CUST00613,23.0,Male,South,Primary,Salaried,834052.25,340002.41,Home,666.0,6,497,0.89,2018-05-31,0
CUST00614,33.0,Male,South,Graduate,Self-Employed,646202.58,313996.79,Car,571.0,1,216,0.44,2020-12-09,1
CUST00615,48.0,Male,South,Graduate,Salaried,913272.23,301068.87,Home,823.0,2,120,0.63,2021-05-23,1
CUST00616,45.0,Female,West,Secondary,Unemployed,697917.65,454563.93,Business,759.0,11,312,0.76,2020-09-17,0
CUST00617,53.0,Male,West,Post-Graduate,,989699.52,228994.92,Personal,767.0,8,121,0.77,2019-01-07,0
CUST00618,58.0,Female,East,Secondary,Salaried,490313.52,357526.68,Home,653.0,3,426,0.54,2021-02-10,0
CUST00619,26.0,Female,North,Post-Graduate,,636085.87,208811.49,Home,524.0,3,52,0.83,2024-04-18,0
CUST00620,64.0,Male,East,Primary,Salaried,806660.38,147120.69,Education,850.0,2,356,0.43,2023-10-02,0
CUST00621,52.0,Male,South,Graduate,Self-Employed,456951.48,248743.45,Business,675.0,4,294,0.86,2021-02-27,0
CUST00622,41.0,Other,West,Secondary,Salaried,402496.8,210222.27,Personal,613.0,2,137,0.3,2018-07-12,0
CUST00623,36.0,Male,West,Secondary,Salaried,442661.98,219215.32,Car,718.0,8,194,0.34,2020-12-16,0
CUST00624,41.0,Female,East,Post-Graduate,Salaried,412696.1,509758.94,Home,785.0,2,238,0.15,2023-11-15,0
CUST00625,31.0,Male,West,Post-Graduate,Self-Employed,730640.48,254261.38,Personal,678.0,1,398,0.78,2018-07-17,0
CUST00626,57.0,Male,South,Secondary,Self-Employed,141297.99,180676.8,Car,795.0,11,230,0.45,2024-01-04,0
CUST00627,56.0,Female,West,Post-Graduate,Self-Employed,,305054.18,Business,777.0,4,361,0.29,2022-05-18,0
CUST00628,55.0,Male,East,Secondary,Self-Employed,1065686.62,318761.03,Business,583.0,5,453,0.3,2022-05-20,0
CUST00629,39.0,Male,South,Secondary,Salaried,418725.82,86361.38,Personal,619.0,0,126,0.87,2019-11-15,1
CUST00630,40.0,Male,East,Secondary,Salaried,650003.71,246286.87,Car,766.0,11,79,0.81,2018-11-29,1
CUST00631,38.0,Male,West,Primary,Self-Employed,227713.4,239036.82,Business,436.0,10,395,0.57,2021-05-28,0
CUST00632,61.0,Male,East,Post-Graduate,Salaried,623531.07,269014.03,Personal,667.0,5,79,0.62,2021-11-22,0
CUST00633,34.0,Male,East,Graduate,Salaried,420248.33,430595.11,Business,551.0,9,119,0.5,2021-09-27,0
CUST00634,35.0,Other,North,Graduate,Salaried,209227.63,324600.94,Business,637.0,2,436,0.43,2022-12-27,0
CUST00635,51.0,Male,West,Post-Graduate,,934230.11,521028.72,Business,653.0,3,141,0.88,2024-01-29,0
CUST00636,21.0,Female,West,Secondary,Salaried,895641.43,297901.14,Education,648.0,5,65,0.21,2022-01-31,0
CUST00637,23.0,Male,East,Graduate,Self-Employed,573161.3,619695.71,Car,630.0,7,486,0.46,2022-11-07,0
CUST00638,36.0,Female,North,Graduate,Salaried,849854.76,217060.5,Personal,581.0,8,452,0.39,2023-07-04,0
CUST00639,43.0,Male,West,Post-Graduate,Salaried,1075823.17,161478.77,Personal,850.0,5,98,0.52,2021-04-27,1
CUST00640,31.0,Other,South,Graduate,Salaried,788518.98,398514.48,Car,848.0,6,146,0.49,2021-02-17,0
CUST00641,32.0,Male,East,Secondary,Self-Employed,719919.93,545534.75,Car,575.0,4,140,0.54,2018-04-15,0
CUST00642,30.0,Male,West,Post-Graduate,Salaried,649737.42,51815.41,Car,822.0,11,227,0.22,2020-03-17,0
CUST00643,52.0,Male,South,Secondary,Self-Employed,762374.34,264541.68,Car,644.0,8,185,0.54,2020-11-30,0
CUST00644,36.0,Male,West,Graduate,Self-Employed,509020.15,190059.25,Home,692.0,3,180,0.31,2020-06-07,0
CUST00645,28.0,Male,South,Graduate,Salaried,,325713.18,Personal,674.0,9,484,0.26,2018-11-17,0
CUST00646,,Male,East,Secondary,Unemployed,712722.84,301803.23,Home,621.0,10,109,0.16,2024-07-10,0
CUST00647,32.0,Female,West,Primary,Unemployed,481533.78,542168.62,Business,769.0,5,489,0.75,2024-04-30,1
CUST00648,44.0,Male,West,Graduate,,508550.08,280487.14,Business,691.0,4,138,0.46,2022-02-09,0
CUST00649,48.0,Male,North,Primary,Self-Employed,600046.67,547461.14,Personal,,0,66,0.63,2024-07-27,1
CUST00650,28.0,Male,East,Graduate,Salaried,887651.89,243281.94,Business,563.0,4,190,0.72,2022-04-18,0
CUST00651,48.0,Female,South,Primary,Salaried,316834.06,466766.74,Car,600.0,4,255,0.68,2022-12-02,0
CUST00652,56.0,Male,West,Primary,Salaried,789794.63,341159.35,Home,532.0,8,153,0.5,2022-02-28,0
CUST00653,46.0,Male,West,Primary,Salaried,797949.1,611379.37,Car,681.0,0,60,0.43,2023-04-03,0
CUST00654,28.0,Male,South,Secondary,Unemployed,796453.0,50000.0,Business,572.0,4,377,0.42,2023-02-09,1
CUST00655,48.0,Female,East,Primary,Salaried,398313.4,90505.61,Home,656.0,6,468,0.64,2021-11-06,0
CUST00656,48.0,Female,North,Primary,Self-Employed,176829.6,629692.01,Car,803.0,10,227,0.52,2022-02-13,0
CUST00657,57.0,Male,North,Primary,Self-Employed,739925.12,168012.28,Personal,788.0,5,113,0.82,2023-05-14,0
CUST00658,61.0,Female,West,Graduate,Self-Employed,646884.7,179435.4,Car,677.0,5,392,0.84,2018-01-05,0
CUST00659,56.0,Female,South,Primary,,851094.16,142369.75,Business,672.0,11,64,0.24,2023-09-13,0
CUST00660,47.0,Male,West,Graduate,Salaried,424865.79,506720.27,Home,,6,266,0.22,2021-03-14,0
CUST00661,37.0,,South,Primary,Salaried,790029.59,74377.63,Personal,727.0,5,355,0.64,2024-07-26,1
CUST00662,29.0,Male,North,Primary,Salaried,863603.03,304041.07,Home,650.0,4,165,0.36,2024-11-17,0
CUST00663,53.0,Male,East,Secondary,Salaried,576172.57,252188.07,Personal,552.0,9,62,0.12,2018-12-14,0
CUST00664,40.0,Male,South,Graduate,Salaried,704232.38,486572.81,Home,715.0,4,451,0.86,2022-11-01,0
CUST00665,33.0,Male,North,Primary,Salaried,695491.61,198537.12,Business,755.0,8,338,0.29,2018-05-05,0
CUST00666,48.0,Male,West,Graduate,Self-Employed,394632.62,374749.06,Personal,623.0,7,453,0.89,2022-12-19,0
CUST00667,49.0,,South,Graduate,Salaried,732774.15,89181.09,Education,706.0,11,196,0.71,2024-08-01,1
CUST00668,33.0,Male,East,Post-Graduate,,1005624.59,709309.39,Home,647.0,9,373,0.75,2019-05-13,0
CUST00669,55.0,Male,West,Secondary,Self-Employed,605550.98,256873.38,Home,663.0,3,159,0.27,2021-03-22,0
CUST00670,26.0,Male,West,Secondary,Salaried,234768.77,301577.43,Car,456.0,3,273,0.3,2018-02-22,0
CUST00671,38.0,Female,North,Secondary,Salaried,428193.37,597855.78,Personal,660.0,9,259,0.54,2018-05-29,1
CUST00672,25.0,Male,South,Post-Graduate,Self-Employed,155142.64,194398.9,Education,767.0,4,442,0.25,2019-05-18,1
CUST00673,45.0,Male,West,Post-Graduate,Salaried,922565.28,600128.82,Business,623.0,2,307,0.36,2020-05-19,0
CUST00674,22.0,Male,East,Secondary,Self-Employed,791026.32,225935.19,Car,685.0,7,420,0.37,2018-08-07,0
CUST00675,30.0,Male,South,Post-Graduate,Salaried,474657.68,420905.67,Education,,6,432,0.24,2021-07-24,0
CUST00676,50.0,Other,East,Post-Graduate,Self-Employed,,196917.3,Personal,712.0,4,220,0.27,2024-11-04,1
CUST00677,25.0,Other,West,Post-Graduate,Salaried,391676.26,55913.44,Education,661.0,9,34,0.77,2023-11-01,0
CUST00678,53.0,Male,East,Secondary,Salaried,440430.76,374626.98,Home,595.0,2,303,0.24,2020-01-08,0
CUST00679,21.0,Other,North,Secondary,Salaried,627351.9,415182.61,Home,800.0,4,350,0.12,2024-09-17,0
CUST00680,38.0,Male,East,Secondary,Self-Employed,618939.84,63140.57,Car,764.0,2,161,0.63,2018-10-17,0
CUST00681,52.0,Female,South,Post-Graduate,Salaried,935357.99,244729.5,Personal,626.0,9,33,0.93,2024-10-03,0
CUST00682,31.0,Male,East,Secondary,Salaried,426811.29,516136.61,Personal,725.0,4,261,0.38,2018-12-05,1
CUST00683,41.0,Male,East,Post-Graduate,Unemployed,222953.04,408021.41,Education,728.0,0,69,0.2,2022-08-21,0
CUST00684,46.0,Male,North,Primary,Self-Employed,310755.38,228861.3,Car,738.0,5,476,0.58,2023-02-12,0
CUST00685,45.0,Female,East,Post-Graduate,Salaried,594243.79,192445.37,Personal,528.0,9,443,0.87,2020-09-13,0
CUST00686,42.0,Male,East,Graduate,Self-Employed,417830.48,650683.98,Home,771.0,3,376,0.77,2020-08-16,1
CUST00687,47.0,Male,West,Secondary,Salaried,526997.86,50000.0,Education,629.0,3,75,0.63,2021-05-15,1
CUST00688,33.0,Male,West,Secondary,Salaried,486491.6,289344.26,Business,648.0,7,407,0.37,2021-07-12,0
CUST00689,53.0,Female,South,Graduate,Salaried,847559.61,50000.0,Home,850.0,1,62,0.56,2023-06-30,1
CUST00690,54.0,Male,West,Post-Graduate,Unemployed,453258.58,536666.64,Car,,3,425,0.18,2019-01-08,0
CUST00691,61.0,Female,West,Primary,Unemployed,505664.48,298717.75,Personal,645.0,1,115,0.68,2022-02-20,0
CUST00692,55.0,Other,West,Graduate,Salaried,779320.9,332071.34,Home,482.0,0,105,0.72,2019-06-15,0
CUST00693,21.0,Male,West,Graduate,Salaried,458754.52,798400.62,Business,805.0,9,485,0.92,2020-07-12,1
CUST00694,41.0,Female,North,Post-Graduate,Salaried,705803.09,193174.92,Business,559.0,2,185,0.32,2018-01-23,1
CUST00695,26.0,Male,West,Secondary,Unemployed,682871.32,614743.66,Car,590.0,11,48,0.12,2023-11-22,0
CUST00696,48.0,Female,North,Post-Graduate,Unemployed,3177207.3,918673.04,Home,650.0,7,177,0.56,2018-08-29,0
CUST00697,37.0,,North,Graduate,Salaried,316400.9,257967.76,Education,807.0,5,51,0.7,2020-10-01,0
CUST00698,25.0,Female,West,Graduate,Self-Employed,907443.56,774871.55,Home,750.0,11,376,0.77,2023-03-12,1
CUST00699,51.0,Female,East,Secondary,Self-Employed,1155170.95,271003.73,Business,666.0,6,113,0.26,2021-03-11,0
CUST00700,25.0,Female,North,Secondary,Salaried,602207.03,52613.15,Car,708.0,1,342,0.32,2020-03-24,0
CUST00701,58.0,Female,East,Secondary,Salaried,338411.28,350745.38,Car,,5,213,0.54,2019-10-17,0
CUST00702,23.0,Male,East,Post-Graduate,Salaried,607275.68,268907.37,Education,693.0,7,17,0.38,2020-02-22,0
CUST00703,43.0,Male,West,Secondary,Self-Employed,847465.04,366077.25,Car,687.0,7,472,0.83,2024-06-12,0
CUST00704,57.0,Female,South,Graduate,Self-Employed,446203.08,275952.4,Car,767.0,3,291,0.5,2018-01-08,0
CUST00705,57.0,Male,West,Graduate,Salaried,567775.2,698798.03,Car,767.0,5,405,0.78,2022-09-11,0
CUST00706,30.0,Male,South,Primary,Unemployed,685163.53,400212.45,Car,724.0,4,52,0.59,2019-07-29,1
CUST00707,30.0,Female,South,Post-Graduate,Salaried,900761.96,106506.37,Car,647.0,8,444,0.76,2020-06-30,0
CUST00708,39.0,Female,West,Primary,Salaried,,322418.42,Business,747.0,7,119,0.38,2019-06-02,1
CUST00709,,,West,Graduate,Self-Employed,804216.99,156066.63,Home,672.0,1,484,0.81,2022-03-22,0
CUST00710,41.0,Male,South,Primary,Self-Employed,493432.86,255411.51,Personal,583.0,11,219,0.33,2019-04-28,0
CUST00711,34.0,Female,West,Graduate,Salaried,,136120.67,Car,644.0,6,246,0.56,2024-03-04,0
CUST00712,29.0,Male,South,Primary,Salaried,419509.17,679281.33,Personal,688.0,6,365,0.28,2019-08-02,0
CUST00713,21.0,Female,East,Secondary,Salaried,811381.52,175550.77,Personal,762.0,10,328,0.5,2019-01-22,0
CUST00714,33.0,Male,West,Primary,Salaried,887804.91,423761.58,Business,663.0,11,58,0.37,2019-02-16,0
CUST00715,24.0,Female,East,Secondary,Salaried,738340.89,241773.7,Car,571.0,0,124,0.33,2023-02-09,0
CUST00716,21.0,Other,North,Secondary,Salaried,508147.35,91485.63,Personal,685.0,0,164,0.92,2021-10-25,0
CUST00717,60.0,,East,Post-Graduate,,549068.22,335576.87,Car,690.0,11,146,0.24,2021-10-08,0
CUST00718,52.0,,East,Secondary,,1051629.05,372124.53,Education,,3,176,0.77,2023-05-22,0
CUST00719,54.0,Male,South,Secondary,Self-Employed,512322.39,400552.78,Education,763.0,4,330,0.94,2021-09-21,0
CUST00720,48.0,Female,East,Primary,Self-Employed,862498.54,50000.0,Education,772.0,3,208,0.12,2020-06-24,0
CUST00721,51.0,Female,West,Graduate,Salaried,684722.9,77727.77,Personal,627.0,6,483,0.69,2021-08-05,0
CUST00722,28.0,Male,South,Post-Graduate,Salaried,,472359.85,Education,625.0,2,80,0.31,2020-08-20,1
CUST00723,59.0,Female,North,Secondary,Self-Employed,263837.74,133750.75,Business,586.0,6,16,0.13,2020-08-22,0
CUST00724,46.0,Female,West,Post-Graduate,Salaried,652900.1,336529.93,Business,743.0,7,209,0.44,2023-12-28,0
CUST00725,54.0,Male,North,Primary,Self-Employed,622775.22,73555.55,Personal,810.0,5,345,0.89,2023-05-31,0
CUST00726,23.0,Male,East,Secondary,Self-Employed,1051633.67,431688.2,Car,652.0,5,76,0.11,2024-06-05,0
CUST00727,32.0,Female,West,Primary,Self-Employed,384951.83,467628.53,Home,658.0,7,147,0.6,2020-11-02,0
CUST00728,21.0,Female,West,Post-Graduate,Unemployed,1173692.15,431743.78,Car,812.0,7,251,0.53,2019-10-26,1
CUST00729,64.0,Female,North,Primary,Salaried,694702.63,485860.23,Car,726.0,6,464,0.84,2020-04-04,0
CUST00730,25.0,Female,West,Post-Graduate,Salaried,694457.31,581502.03,Car,719.0,5,222,0.17,2023-03-03,0
CUST00731,50.0,Male,West,Primary,Salaried,451731.97,88666.66,Car,573.0,5,190,0.68,2024-09-13,0
CUST00732,50.0,Female,West,Post-Graduate,Salaried,678676.58,158039.05,Home,741.0,9,263,0.68,2020-09-18,0
CUST00733,37.0,Male,East,Graduate,Salaried,,461557.84,Education,596.0,10,110,0.67,2021-02-06,0
CUST00734,43.0,Male,North,Primary,Salaried,834331.82,503439.56,Car,578.0,5,360,0.9,2024-01-06,0
CUST00735,,Male,West,Primary,Unemployed,355419.45,178618.27,Business,649.0,7,96,0.8,2022-10-06,0
CUST00736,57.0,Male,South,Graduate,Salaried,951695.21,166100.51,Personal,627.0,0,194,0.14,2024-06-12,0
CUST00737,41.0,Male,South,Graduate,Salaried,690353.88,182601.57,Personal,660.0,4,100,0.5,2020-12-19,0
CUST00738,34.0,Male,South,Primary,Salaried,752057.22,50000.0,Business,550.0,2,257,0.44,2019-03-11,0
CUST00739,22.0,,South,Graduate,Salaried,544764.43,71145.99,Car,766.0,11,223,0.36,2018-01-21,0
CUST00740,31.0,Male,East,Secondary,Salaried,367964.34,75487.32,Home,781.0,7,368,0.48,2024-08-26,0
CUST00741,59.0,Male,West,Post-Graduate,Salaried,618181.16,247062.27,Education,505.0,10,258,0.43,2024-04-11,0
CUST00742,58.0,Male,North,Post-Graduate,Salaried,646823.89,348750.57,Personal,768.0,5,135,0.47,2023-04-10,0
CUST00743,54.0,Male,West,Post-Graduate,Salaried,253642.93,378025.11,Education,607.0,1,420,0.93,2022-01-12,0
CUST00744,58.0,Male,East,Secondary,Self-Employed,798321.35,208458.79,Home,757.0,6,447,0.18,2021-01-04,0
CUST00745,54.0,Male,South,Graduate,Self-Employed,849131.16,212882.32,Personal,674.0,6,378,0.88,2019-01-25,1
CUST00746,38.0,Male,East,Graduate,Self-Employed,417583.84,322259.07,Education,683.0,4,13,0.51,2021-09-16,0
CUST00747,50.0,Female,West,Primary,Salaried,344353.66,50000.0,Home,663.0,7,97,0.63,2024-04-25,0
CUST00748,35.0,Male,North,Graduate,Self-Employed,524259.66,472699.3,Education,789.0,4,160,0.81,2019-03-02,0
CUST00749,47.0,Male,East,Primary,Self-Employed,605973.77,531369.35,Car,568.0,0,185,0.41,2022-09-22,0
CUST00750,54.0,Male,North,Secondary,Salaried,533957.25,187395.49,Home,,8,220,0.47,2020-10-26,1
CUST00751,58.0,Female,East,Post-Graduate,Self-Employed,584770.54,228281.49,Education,779.0,3,435,0.45,2018-01-06,0
CUST00752,53.0,Male,North,Post-Graduate,Salaried,655369.42,523796.2,Car,744.0,1,268,0.42,2018-07-10,0
CUST00753,44.0,Male,North,Post-Graduate,Self-Employed,257932.77,277850.71,Car,850.0,3,100,0.89,2018-05-28,0
CUST00754,35.0,Male,South,Graduate,Unemployed,,405884.18,Home,632.0,8,268,0.8,2019-02-09,0
CUST00755,50.0,Male,North,Primary,Salaried,100000.0,283385.03,Business,766.0,1,421,0.19,2018-09-15,0
CUST00756,62.0,Male,South,Primary,Self-Employed,835636.31,580135.33,Personal,670.0,3,200,0.19,2023-11-08,0
CUST00757,37.0,Male,West,Secondary,Salaried,603806.76,388214.33,Home,791.0,1,90,0.46,2020-04-03,0
CUST00758,25.0,Male,West,Graduate,Unemployed,861962.78,398578.04,Car,679.0,4,424,0.18,2018-01-10,0
CUST00759,49.0,Male,South,Secondary,Salaried,315565.5,401935.18,Car,645.0,2,147,0.63,2021-01-15,0
CUST00760,24.0,Male,South,Primary,Self-Employed,606101.83,200079.53,Home,798.0,9,442,0.22,2020-04-17,1
CUST00761,30.0,Female,East,Primary,Salaried,653706.63,216616.96,Business,636.0,1,479,0.54,2020-09-14,0
CUST00762,37.0,Female,East,Post-Graduate,Salaried,459554.38,438464.22,Personal,553.0,8,359,0.11,2019-09-17,0
CUST00763,30.0,Female,East,Graduate,Salaried,211643.05,322754.31,Education,633.0,4,135,0.37,2018-01-30,0
CUST00764,37.0,Other,West,Primary,Unemployed,1036467.83,88030.02,Home,736.0,9,378,0.68,2023-12-16,0
CUST00765,40.0,Male,East,Post-Graduate,Self-Employed,949820.84,637158.8,Personal,805.0,4,414,0.51,2024-10-04,0
CUST00766,44.0,Male,North,Graduate,Self-Employed,504516.93,476052.94,Personal,690.0,0,365,0.93,2020-12-14,0
CUST00767,25.0,Male,North,Secondary,Unemployed,727556.91,306772.74,Car,799.0,5,318,0.84,2024-06-10,0
CUST00768,54.0,Male,East,Graduate,Salaried,478802.33,250769.82,Education,558.0,6,352,0.41,2019-06-30,0
CUST00769,26.0,Female,North,Graduate,Salaried,351149.1,335761.65,Home,640.0,0,239,0.14,2021-02-02,0
CUST00770,22.0,Male,West,Primary,Salaried,1056815.38,393153.62,Car,654.0,8,469,0.82,2021-04-10,1
CUST00771,33.0,Female,North,Primary,Salaried,186157.78,50000.0,Car,670.0,7,354,0.87,2022-03-03,0
CUST00772,,,West,Graduate,Salaried,528624.08,680222.95,Business,688.0,11,319,0.8,2023-09-01,0
CUST00773,63.0,Female,South,Primary,Salaried,621080.96,157820.82,Personal,742.0,7,450,0.21,2024-09-04,1
CUST00774,31.0,Male,South,Primary,Salaried,1012809.14,299656.99,Home,640.0,6,29,0.95,2019-09-09,0
CUST00775,43.0,Male,South,Primary,Salaried,824147.16,306276.04,Home,693.0,4,378,0.32,2018-05-29,0
CUST00776,36.0,Male,South,Post-Graduate,Salaried,181937.56,659433.04,Home,676.0,2,58,0.72,2022-12-17,0
CUST00777,51.0,Male,North,Post-Graduate,,599312.44,284137.71,Car,597.0,11,499,0.87,2024-06-04,0
CUST00778,31.0,Male,East,Graduate,Unemployed,605265.05,585931.31,Business,670.0,8,144,0.3,2018-06-21,0
CUST00779,36.0,Male,North,Primary,Self-Employed,542915.42,373210.94,Education,667.0,6,38,0.87,2018-02-16,0
CUST00780,28.0,Female,West,Post-Graduate,Unemployed,754952.28,126860.72,Car,665.0,10,57,0.36,2019-09-18,0
CUST00781,24.0,Male,North,Graduate,Salaried,247723.27,324247.34,Education,683.0,9,486,0.93,2022-12-16,0
CUST00782,60.0,Male,North,Primary,Salaried,497841.02,278668.43,Business,687.0,9,278,0.34,2024-03-04,1
CUST00783,,Male,West,Secondary,Self-Employed,719704.69,104867.31,Personal,641.0,7,12,0.91,2019-03-29,0
CUST00784,45.0,Female,South,Primary,Salaried,769893.92,364390.1,Home,795.0,5,267,0.15,2021-11-19,1
CUST00785,23.0,Male,South,Primary,Salaried,637354.87,303978.49,Education,575.0,11,25,0.7,2020-01-24,1
CUST00786,52.0,,South,Post-Graduate,Salaried,527901.95,400155.91,Car,615.0,10,103,0.55,2020-10-05,0
CUST00787,23.0,Male,East,Graduate,Salaried,570014.68,334803.5,Education,850.0,4,367,0.51,2021-02-07,1
CUST00788,47.0,Male,West,Graduate,Salaried,785101.78,182801.48,Personal,587.0,7,143,0.29,2021-05-10,0
CUST00789,49.0,Female,West,Post-Graduate,Salaried,608475.2,438300.12,Home,558.0,2,310,0.7,2018-06-17,1
CUST00790,52.0,Male,North,Primary,Self-Employed,339538.11,187608.31,Education,746.0,11,336,0.26,2018-03-27,0
CUST00791,39.0,Male,East,Secondary,Salaried,291625.6,50000.0,Personal,493.0,6,142,0.57,2022-08-05,0
CUST00792,41.0,Female,South,Primary,Salaried,227590.64,323157.53,Car,659.0,1,321,0.32,2023-06-06,0
CUST00793,25.0,Male,East,Primary,Self-Employed,963895.2,200266.73,Business,850.0,2,464,0.91,2020-04-28,0
CUST00794,38.0,Male,West,Secondary,Salaried,801865.46,368783.49,Car,541.0,11,491,0.12,2022-01-26,1
CUST00795,48.0,Male,West,Post-Graduate,Salaried,573378.03,659796.91,Home,502.0,1,392,0.27,2019-03-18,1
CUST00796,,Other,North,Graduate,Self-Employed,486551.88,664993.14,Car,545.0,4,41,0.31,2018-09-28,0
CUST00797,42.0,Male,North,Post-Graduate,Salaried,456517.5,270277.87,Car,761.0,6,314,0.45,2022-05-20,1
CUST00798,41.0,Female,West,Post-Graduate,Salaried,873309.28,151227.27,Car,781.0,10,278,0.3,2018-12-10,0
CUST00799,26.0,Male,South,Primary,Salaried,1076108.38,405242.99,Car,634.0,9,423,0.52,2021-04-21,0
CUST00800,21.0,Male,South,Graduate,Salaried,448651.77,233359.39,Home,741.0,10,34,0.84,2024-12-25,0
CUST00801,25.0,Male,East,Graduate,Salaried,884603.88,370519.77,Personal,805.0,10,478,0.71,2024-12-16,0
CUST00802,61.0,Other,West,Post-Graduate,,607003.23,181045.06,Education,841.0,10,325,0.59,2021-06-11,0
CUST00803,32.0,Male,West,Secondary,Salaried,546892.77,345124.63,Business,658.0,9,68,0.18,2024-04-10,0
CUST00804,46.0,Female,South,Post-Graduate,Salaried,976053.57,153844.65,Education,473.0,0,222,0.69,2022-03-13,0
CUST00805,54.0,Female,South,Secondary,Salaried,597458.57,513165.61,Education,,9,165,0.24,2018-09-24,0
CUST00806,34.0,Male,West,Graduate,Salaried,674091.11,193804.02,Business,642.0,8,323,0.77,2022-07-12,0
CUST00807,46.0,Male,North,Post-Graduate,Salaried,662068.48,418998.46,Home,657.0,0,285,0.31,2020-06-11,0
CUST00808,47.0,Male,West,Primary,Salaried,193600.16,72341.89,Business,663.0,0,427,0.45,2024-02-27,0
CUST00809,29.0,Male,West,Post-Graduate,Salaried,672102.79,440611.29,Home,781.0,11,398,0.4,2018-08-27,1
CUST00810,46.0,Female,South,Graduate,Salaried,459326.99,126050.87,Education,795.0,9,219,0.83,2020-07-03,1
CUST00811,,Female,South,Primary,Salaried,244711.71,347011.83,Home,665.0,7,453,0.21,2021-12-09,0
CUST00812,,Male,North,Primary,Salaried,470715.73,484176.18,Personal,779.0,5,496,0.58,2024-12-06,0
CUST00813,63.0,Male,North,Secondary,Self-Employed,468652.78,264003.08,Business,712.0,5,436,0.22,2021-12-31,1
CUST00814,37.0,Female,East,Primary,Salaried,857470.63,114749.96,Personal,686.0,11,66,0.7,2024-04-12,0
CUST00815,46.0,Male,West,Primary,,,389426.25,Education,762.0,8,194,0.87,2023-02-25,0
CUST00816,56.0,Female,South,Post-Graduate,Salaried,402538.14,148623.35,Business,687.0,3,468,0.47,2024-01-09,0
CUST00817,21.0,Male,North,Graduate,Self-Employed,658847.07,227235.79,Education,850.0,7,63,0.51,2021-11-16,0
CUST00818,28.0,Female,East,Secondary,Salaried,268551.56,347783.28,Personal,551.0,3,218,0.89,2024-03-08,0
CUST00819,55.0,Male,East,Post-Graduate,Self-Employed,435248.31,544921.69,Education,634.0,1,377,0.54,2019-01-02,0
CUST00820,35.0,Male,South,Primary,Self-Employed,183880.82,304779.6,Business,669.0,10,438,0.51,2022-05-13,0
CUST00821,42.0,Male,South,Primary,Self-Employed,830002.87,304114.35,Business,720.0,7,351,0.59,2018-03-27,0
CUST00822,34.0,Male,East,Secondary,Salaried,524659.22,432752.32,Education,794.0,11,302,0.69,2022-10-03,1
CUST00823,46.0,Male,North,Graduate,Salaried,596020.54,309066.94,Business,678.0,6,349,0.19,2022-07-16,0
CUST00824,48.0,Female,East,Secondary,Self-Employed,829002.58,414395.44,Business,552.0,3,313,0.8,2023-08-04,0
CUST00825,43.0,Female,West,Post-Graduate,Unemployed,419432.78,494136.04,Education,756.0,8,261,0.47,2024-10-29,0
CUST00826,34.0,Male,West,Secondary,Self-Employed,522003.25,241007.31,Personal,748.0,8,383,0.16,2019-09-12,0
CUST00827,44.0,Male,South,Primary,Salaried,335918.0,50000.0,Business,505.0,7,447,0.77,2024-06-09,1
CUST00828,,Male,North,Post-Graduate,Salaried,335374.07,152773.12,Business,680.0,0,313,0.42,2018-05-12,0
CUST00829,46.0,Male,North,Primary,Salaried,369854.28,517562.76,Business,537.0,6,121,0.19,2020-06-22,1
CUST00830,34.0,Male,West,Graduate,Self-Employed,476877.4,293922.34,Business,620.0,4,375,0.64,2020-09-14,0
CUST00831,27.0,Male,East,Primary,Salaried,503801.12,238956.55,Education,,6,15,0.85,2021-05-06,0
CUST00832,23.0,Male,South,Primary,Salaried,672158.04,510021.3,Personal,753.0,11,427,0.85,2023-09-26,0
CUST00833,43.0,Male,East,Secondary,Self-Employed,377195.76,281761.52,Personal,691.0,8,200,0.91,2022-10-30,0
CUST00834,63.0,Male,East,Primary,Salaried,679908.17,50000.0,Home,564.0,1,343,0.84,2021-05-11,1
CUST00835,38.0,Male,East,Post-Graduate,Self-Employed,721250.32,50000.0,Business,759.0,10,441,0.1,2021-07-08,0
CUST00836,58.0,Other,North,Post-Graduate,Salaried,483044.45,375356.64,Business,551.0,3,288,0.42,2019-11-21,0
CUST00837,55.0,Male,West,Graduate,Salaried,398818.86,287959.63,Home,710.0,3,391,0.8,2020-11-13,1
CUST00838,35.0,Female,North,Post-Graduate,Salaried,621269.76,561838.17,Personal,607.0,1,349,0.41,2019-11-18,0
CUST00839,45.0,Male,West,Secondary,,549270.63,168011.64,Car,647.0,2,22,0.61,2020-02-25,1
CUST00840,57.0,Male,South,Graduate,Salaried,655087.96,244289.86,Car,725.0,10,312,0.62,2018-12-06,0
CUST00841,48.0,,South,Post-Graduate,Salaried,992466.61,140789.45,Personal,727.0,7,53,0.41,2019-02-16,0
CUST00842,30.0,Female,East,Secondary,Unemployed,617159.26,206293.05,Business,800.0,11,114,0.87,2023-06-20,0
CUST00843,59.0,Other,West,Post-Graduate,,440192.36,50000.0,Car,673.0,8,169,0.53,2018-10-13,0
CUST00844,37.0,Male,West,Post-Graduate,Salaried,377277.6,230576.76,Education,708.0,5,163,0.5,2021-01-14,0
CUST00845,59.0,Male,West,Primary,Salaried,386949.59,290663.6,Education,641.0,9,251,0.95,2020-04-29,0
CUST00846,42.0,Female,East,Post-Graduate,Salaried,234308.42,275460.45,Home,696.0,1,190,0.52,2019-03-06,0
CUST00847,46.0,Male,East,Post-Graduate,Salaried,833185.9,686919.59,Personal,720.0,1,23,0.25,2022-05-24,0
CUST00848,64.0,Male,South,Secondary,Salaried,100000.0,630027.22,Personal,671.0,6,189,0.54,2018-01-31,0
CUST00849,45.0,Male,North,Secondary,Salaried,722026.2,164838.1,Car,518.0,7,386,0.79,2019-08-26,1
CUST00850,37.0,Male,West,Primary,Salaried,382984.02,50000.0,Business,710.0,7,301,0.76,2019-03-16,0
CUST00851,33.0,Female,West,Post-Graduate,Self-Employed,471898.7,282143.94,Personal,,5,273,0.77,2020-09-11,0
CUST00852,40.0,Male,North,Primary,Salaried,375503.09,367771.82,Car,619.0,9,177,0.7,2021-10-04,0
CUST00853,45.0,Male,West,Post-Graduate,Salaried,961466.16,145112.87,Car,564.0,7,223,0.32,2023-04-03,0
CUST00854,24.0,Male,East,Graduate,Salaried,604078.9,154024.39,Personal,813.0,0,159,0.83,2019-02-16,1
CUST00855,30.0,,East,Graduate,Salaried,797594.63,584859.89,Car,724.0,8,25,0.86,2019-06-12,0
CUST00856,23.0,Male,West,Primary,Salaried,925131.71,253640.72,Home,659.0,11,100,0.27,2018-11-06,1
CUST00857,61.0,Male,East,Primary,Salaried,640851.37,419205.03,Home,578.0,0,129,0.21,2022-12-17,0
CUST00858,38.0,Male,East,Primary,Self-Employed,301094.06,132544.97,Personal,606.0,2,453,0.93,2021-09-23,0
CUST00859,56.0,Female,West,Secondary,Salaried,544839.31,289750.72,Business,797.0,11,262,0.84,2023-08-01,0
CUST00860,42.0,Male,South,Secondary,Unemployed,414438.0,239459.1,Home,692.0,8,69,0.86,2024-10-20,1
CUST00861,54.0,Male,North,Secondary,Unemployed,474123.96,178432.82,Home,630.0,10,275,0.85,2019-12-05,1
CUST00862,28.0,Female,East,Primary,Salaried,576344.05,507954.07,Personal,726.0,4,418,0.56,2019-10-25,0
CUST00863,60.0,Female,South,Post-Graduate,Salaried,566461.09,50002.14,Education,607.0,8,40,0.65,2018-12-31,1
CUST00864,64.0,Male,East,Graduate,Salaried,703027.29,354010.23,Car,815.0,8,30,0.56,2020-07-11,0
CUST00865,39.0,Male,East,Primary,Self-Employed,739326.07,236078.1,Home,802.0,5,228,0.14,2023-12-01,1
CUST00866,62.0,Male,North,Secondary,Salaried,566463.71,374668.41,Education,,10,90,0.73,2018-06-25,0
CUST00867,,Female,East,Secondary,Salaried,700867.23,238516.21,Business,623.0,0,298,0.53,2021-03-18,0
CUST00868,,Other,North,Primary,Salaried,462660.04,456094.75,Education,444.0,9,40,0.65,2021-04-16,0
CUST00869,26.0,Female,North,Primary,Self-Employed,928694.96,130853.53,Personal,547.0,6,243,0.53,2020-07-24,1
CUST00870,46.0,Male,North,Secondary,Self-Employed,458622.18,508359.57,Business,559.0,5,483,0.52,2019-01-17,1
CUST00871,54.0,Female,South,Post-Graduate,Salaried,899296.62,294815.51,Business,,8,414,0.25,2021-07-06,1
CUST00872,26.0,Male,West,Secondary,Self-Employed,230983.23,60869.54,Education,651.0,6,45,0.34,2021-04-27,1
CUST00873,57.0,Male,South,Secondary,Salaried,504898.19,422438.78,Personal,559.0,11,458,0.24,2018-11-02,0
CUST00874,,Male,West,Primary,Salaried,,264207.05,Home,655.0,10,141,0.27,2021-11-02,1
CUST00875,42.0,Other,West,Post-Graduate,Self-Employed,669747.95,50000.0,Education,725.0,11,333,0.93,2019-08-25,1
CUST00876,41.0,Male,North,Secondary,,815454.2,359844.26,Home,728.0,3,355,0.23,2024-07-18,0
CUST00877,26.0,Female,East,Secondary,Salaried,287651.2,481187.23,Education,509.0,6,141,0.33,2024-01-13,0
CUST00878,26.0,Male,North,Graduate,Salaried,323004.24,530784.43,Home,668.0,1,18,0.6,2019-12-13,0
CUST00879,24.0,Male,East,Primary,Self-Employed,1247614.9000000001,927586.64,Education,555.0,5,39,0.62,2022-01-05,1
CUST00880,50.0,Male,West,Graduate,Self-Employed,930046.05,326157.25,Business,761.0,5,124,0.23,2019-02-07,1
CUST00881,31.0,Male,North,Graduate,Salaried,674401.24,309096.54,Car,751.0,1,310,0.77,2019-09-06,1
CUST00882,50.0,Female,East,Secondary,Self-Employed,328907.2,568164.47,Business,599.0,3,13,0.77,2022-12-07,1
CUST00883,51.0,Male,South,Primary,,489226.28,154112.06,Home,611.0,7,334,0.3,2018-06-26,1
CUST00884,44.0,Female,East,Post-Graduate,Salaried,895440.35,216361.3,Personal,638.0,7,246,0.35,2019-03-25,0
CUST00885,29.0,Female,North,Secondary,Salaried,530470.19,149750.34,Business,477.0,7,32,0.9,2020-01-13,0
CUST00886,23.0,Female,South,Post-Graduate,Salaried,515702.97,50000.0,Car,710.0,7,25,0.8,2022-04-14,0
CUST00887,,,East,Post-Graduate,Salaried,404675.82,344601.69,Home,655.0,0,31,0.69,2023-06-02,0
CUST00888,60.0,Male,East,Primary,Unemployed,343751.92,588233.7,Business,767.0,1,494,0.17,2024-06-06,0
CUST00889,57.0,Male,East,Graduate,Salaried,895830.95,264272.8,Education,581.0,11,81,0.46,2018-11-03,1
CUST00890,56.0,Other,East,Primary,Salaried,1018475.4,141258.61,Personal,624.0,3,313,0.58,2020-01-21,0
CUST00891,44.0,Female,East,Post-Graduate,Salaried,1768507.0,1334539.0,Home,544.0,11,455,0.26,2020-05-18,0
CUST00892,51.0,Male,South,Secondary,Salaried,951235.58,406041.27,Business,590.0,8,490,0.48,2018-08-02,0
CUST00893,26.0,Female,West,Post-Graduate,Unemployed,478152.65,271854.64,Home,574.0,2,453,0.61,2022-06-06,0
CUST00894,22.0,Male,South,Secondary,Salaried,733412.0,552636.36,Education,770.0,5,239,0.38,2022-07-22,0
CUST00895,40.0,Male,South,Secondary,Salaried,952553.45,153774.86,Car,617.0,6,116,0.76,2024-12-05,0
CUST00896,48.0,Male,South,Primary,,563730.85,248345.47,Business,691.0,7,217,0.81,2022-05-17,0
CUST00897,31.0,Female,West,Post-Graduate,Salaried,518014.52,353277.82,Home,646.0,6,398,0.38,2023-12-21,0
CUST00898,24.0,Male,North,Graduate,Salaried,800270.24,370733.48,Home,566.0,2,217,0.81,2022-07-31,0
CUST00899,35.0,Female,West,Post-Graduate,Salaried,,308501.06,Home,665.0,5,272,0.19,2019-05-27,0
CUST00900,26.0,Female,South,Post-Graduate,,886765.34,69884.41,Car,734.0,4,60,0.81,2024-03-08,0
CUST00901,50.0,Female,East,Graduate,Unemployed,635702.35,720842.05,Home,571.0,11,74,0.23,2020-09-13,0
CUST00902,58.0,Male,East,Primary,Self-Employed,2277811.85,1030101.68,Personal,753.0,9,274,0.17,2018-09-10,0
CUST00903,22.0,Male,South,Post-Graduate,Salaried,448958.1,319848.15,Personal,604.0,3,347,0.65,2018-02-07,0
CUST00904,35.0,Male,East,Post-Graduate,Self-Employed,254134.37,411017.0,Home,637.0,0,310,0.5,2019-09-21,1
CUST00905,31.0,Male,South,Secondary,Salaried,465956.96,185429.03,Personal,728.0,6,387,0.87,2020-09-13,0
CUST00906,28.0,Male,East,Post-Graduate,Salaried,533990.56,310246.76,Business,620.0,7,184,0.41,2022-09-22,0
CUST00907,46.0,Female,West,Graduate,Salaried,334676.62,178105.76,Personal,683.0,1,460,0.34,2023-09-25,0
CUST00908,64.0,Male,North,Secondary,Salaried,588633.76,374799.13,Home,652.0,6,161,0.53,2022-01-17,0
CUST00909,25.0,Male,North,Primary,Salaried,718229.27,250315.92,Education,692.0,5,485,0.49,2022-08-29,0
CUST00910,26.0,Male,West,Secondary,Salaried,546631.97,348369.33,Business,466.0,4,275,0.39,2018-11-01,0
CUST00911,46.0,Male,West,Graduate,Unemployed,765681.46,111623.28,Car,515.0,3,338,0.69,2022-10-05,0
CUST00912,,Male,South,Graduate,Salaried,398215.0,150795.04,Home,735.0,1,470,0.75,2024-03-30,0
CUST00913,39.0,Male,South,Secondary,Salaried,850845.69,54274.68,Car,773.0,9,313,0.83,2018-09-02,0
CUST00914,40.0,Female,South,Primary,Salaried,630453.68,172104.59,Education,598.0,5,172,0.93,2022-10-11,0
CUST00915,,Male,East,Secondary,Salaried,986314.29,50000.0,Car,658.0,4,447,0.33,2024-01-15,0
CUST00916,40.0,Other,South,Primary,Salaried,1203554.33,244721.96,Home,707.0,1,352,0.71,2020-10-21,1
CUST00917,32.0,Female,West,Secondary,Salaried,482439.1,203836.75,Home,742.0,9,376,0.44,2018-08-05,0
CUST00918,21.0,,North,Graduate,Self-Employed,492734.03,327163.97,Education,498.0,6,474,0.68,2019-05-22,0
CUST00919,46.0,Female,East,Post-Graduate,Salaried,538439.47,308029.39,Home,600.0,5,247,0.5,2020-01-31,0
CUST00920,34.0,Male,South,Post-Graduate,Salaried,3744627.8000000003,2105097.44,Education,650.0,11,208,0.94,2020-11-19,1
CUST00921,58.0,Female,East,Primary,,931492.49,766975.83,Education,743.0,10,25,0.72,2023-03-20,0
CUST00922,57.0,Male,East,Primary,Salaried,436797.88,504757.02,Home,850.0,8,318,0.91,2018-10-02,0
CUST00923,31.0,Female,South,Primary,Salaried,695311.07,218440.63,Personal,659.0,10,305,0.81,2019-05-07,0
CUST00924,56.0,Female,East,Graduate,Self-Employed,566018.18,211189.67,Education,553.0,9,365,0.87,2020-04-06,0
CUST00925,33.0,Female,North,Secondary,Salaried,754527.28,456359.35,Home,716.0,4,285,0.79,2020-08-08,0
CUST00926,63.0,Female,West,Graduate,Salaried,977364.42,50000.0,Personal,799.0,8,481,0.49,2021-03-24,0
CUST00927,23.0,Male,West,Post-Graduate,Salaried,539917.94,243263.47,Education,690.0,8,248,0.31,2021-01-05,0
CUST00928,53.0,Male,North,Primary,Salaried,182533.08,257132.47,Personal,598.0,0,78,0.41,2022-06-25,0
CUST00929,26.0,Male,East,Secondary,Salaried,785975.42,405143.67,Business,766.0,4,310,0.12,2021-12-26,0
CUST00930,30.0,Male,South,Post-Graduate,Self-Employed,391823.7,410495.94,Business,740.0,8,15,0.55,2018-02-08,0
CUST00931,25.0,Female,East,Post-Graduate,Salaried,564221.07,165979.1,Personal,588.0,6,229,0.53,2024-04-05,0
CUST00932,43.0,Male,North,Post-Graduate,Self-Employed,796757.71,225412.92,Education,714.0,5,263,0.55,2023-12-10,0
CUST00933,30.0,Other,East,Graduate,Salaried,674348.71,380118.77,Home,770.0,5,462,0.93,2018-05-24,1
CUST00934,64.0,,West,Primary,Self-Employed,574569.99,156194.28,Car,786.0,10,442,0.87,2024-11-07,0
CUST00935,22.0,Female,East,Post-Graduate,Salaried,456029.57,517101.32,Home,674.0,6,304,0.24,2024-08-12,1
CUST00936,33.0,Male,North,Primary,Self-Employed,100000.0,409651.54,Car,648.0,0,367,0.41,2020-01-29,0
CUST00937,60.0,Female,West,Graduate,Salaried,774580.2,330871.72,Car,790.0,3,395,0.46,2018-09-04,0
CUST00938,22.0,Female,East,Post-Graduate,Unemployed,536762.08,370369.31,Education,,0,116,0.41,2020-02-04,0
CUST00939,40.0,Male,East,Graduate,Salaried,978334.07,215959.69,Personal,,5,304,0.78,2024-08-19,0
CUST00940,21.0,Male,West,Graduate,Salaried,699507.01,187267.54,Home,557.0,3,127,0.55,2021-08-07,0
CUST00941,57.0,Female,South,Primary,Salaried,,223550.0,Personal,776.0,0,414,0.59,2018-07-26,0
CUST00942,29.0,Male,West,Post-Graduate,Self-Employed,,389994.0,Business,657.0,8,177,0.83,2023-07-12,0
CUST00943,37.0,Male,South,Graduate,Salaried,887782.35,336182.7,Education,794.0,11,494,0.79,2024-04-08,0
CUST00944,29.0,Male,North,Post-Graduate,Self-Employed,545242.05,223911.4,Education,724.0,3,260,0.21,2024-06-07,0
CUST00945,31.0,Male,North,Primary,Salaried,898411.22,434924.71,Business,570.0,11,91,0.71,2021-08-10,0
CUST00946,35.0,Male,West,Graduate,,,268689.64,Home,808.0,5,63,0.47,2019-12-02,0
CUST00947,44.0,Male,West,Primary,Salaried,639911.94,175204.07,Business,820.0,6,249,0.35,2018-10-15,1
CUST00948,58.0,Male,North,Post-Graduate,Unemployed,742852.1,345781.47,Home,759.0,7,375,0.14,2024-01-11,1
CUST00949,55.0,Male,South,Post-Graduate,Self-Employed,796195.4,117654.69,Car,611.0,11,21,0.51,2022-05-13,0
CUST00950,50.0,Other,North,Primary,Unemployed,755380.46,50000.0,Education,652.0,10,218,0.4,2024-10-06,0
CUST00951,51.0,Male,West,Secondary,Salaried,516835.7,299081.18,Home,693.0,8,174,0.31,2020-04-29,1
CUST00952,,Other,North,Graduate,Salaried,873424.41,181665.52,Personal,617.0,8,375,0.69,2018-02-19,1
CUST00953,64.0,Male,West,Post-Graduate,Self-Employed,568893.17,254252.22,Personal,832.0,7,303,0.75,2021-05-15,0
CUST00954,34.0,Male,West,Post-Graduate,Salaried,457743.16,125988.07,Education,,9,408,0.31,2024-03-10,1
CUST00955,31.0,Male,North,Graduate,Self-Employed,461415.51,517607.79,Business,437.0,10,16,0.14,2023-03-24,0
CUST00956,29.0,Male,South,Primary,Unemployed,1084997.1,180931.31,Business,711.0,11,87,0.82,2022-08-14,0
CUST00957,54.0,Male,East,Primary,Self-Employed,414504.14,222240.11,Home,649.0,11,443,0.11,2022-10-07,0
CUST00958,32.0,Male,North,Primary,Self-Employed,922908.81,368018.99,Business,673.0,2,74,0.9,2021-09-05,0
CUST00959,55.0,Male,East,Secondary,Salaried,316133.33,52209.43,Education,647.0,11,111,0.63,2022-11-26,1
CUST00960,55.0,Male,North,Secondary,Salaried,721976.36,50000.0,Home,753.0,1,460,0.37,2023-05-15,0
CUST00961,21.0,Female,East,Post-Graduate,Unemployed,674270.86,368571.51,Car,781.0,4,366,0.31,2020-12-24,0
CUST00962,60.0,,South,Primary,Salaried,,219909.43,Business,705.0,0,309,0.11,2021-03-01,0
CUST00963,42.0,Male,South,Graduate,Self-Employed,436399.53,137730.88,Business,,2,296,0.3,2024-07-09,0
CUST00964,49.0,Female,North,Post-Graduate,Self-Employed,367333.95,408607.17,Home,676.0,0,180,0.22,2018-02-01,0
CUST00965,28.0,Male,West,Graduate,Salaried,570872.41,153854.1,Personal,682.0,2,86,0.62,2020-05-17,1
CUST00966,31.0,Male,East,Post-Graduate,Unemployed,1016200.46,250587.79,Business,608.0,3,57,0.24,2021-06-20,0
CUST00967,61.0,,West,Secondary,Salaried,378960.38,138696.52,Education,732.0,6,264,0.55,2021-04-30,0
CUST00968,57.0,Male,West,Post-Graduate,Salaried,100000.0,354618.69,Business,721.0,11,91,0.6,2021-03-11,1
CUST00969,34.0,,West,Secondary,Salaried,614941.96,539773.71,Car,819.0,11,392,0.35,2022-08-11,0
CUST00970,50.0,Other,South,Post-Graduate,Salaried,837380.73,50000.0,Business,793.0,4,218,0.13,2019-08-24,1
CUST00971,55.0,Male,North,Primary,Salaried,346548.52,320278.38,Personal,618.0,4,218,0.13,2023-07-19,0
CUST00972,41.0,,North,Graduate,Salaried,811983.04,454185.92,Business,754.0,0,454,0.12,2022-05-04,0
CUST00973,57.0,Male,South,Primary,Self-Employed,341022.25,224134.01,Home,594.0,7,468,0.73,2020-09-14,0
CUST00974,25.0,Male,South,Post-Graduate,Unemployed,563360.37,96412.37,Business,743.0,3,93,0.37,2021-04-29,1
CUST00975,,Male,North,Post-Graduate,Salaried,788170.58,375773.43,Personal,634.0,9,19,0.78,2023-05-20,0
CUST00976,34.0,Female,West,Post-Graduate,Salaried,303133.65,480297.63,Home,588.0,4,38,0.47,2021-12-10,0
CUST00977,46.0,Male,East,Secondary,Unemployed,645378.33,460293.99,Education,705.0,1,313,0.49,2019-06-04,0
CUST00978,24.0,Male,East,Graduate,Salaried,903743.38,365863.68,Home,439.0,11,491,0.54,2022-10-25,0
CUST00979,45.0,Other,East,Graduate,Salaried,718483.52,317624.47,Car,522.0,0,474,0.71,2020-05-18,0
CUST00980,62.0,Female,West,Post-Graduate,Salaried,419843.49,138177.74,Home,664.0,8,455,0.33,2023-08-26,1
CUST00981,45.0,Male,North,Post-Graduate,Salaried,979679.59,455744.09,Education,687.0,1,125,0.2,2023-01-06,1
CUST00982,38.0,Male,South,Secondary,Salaried,764598.13,445792.23,Business,647.0,5,499,0.57,2021-02-03,0
CUST00983,60.0,Male,North,Primary,Unemployed,134888.0,95149.5,Home,538.0,0,278,0.38,2018-10-10,0
CUST00984,28.0,Male,West,Primary,Salaried,816060.9,365606.35,Home,606.0,0,437,0.48,2018-12-27,0
CUST00985,59.0,Male,South,Graduate,Salaried,457156.44,417508.3,Home,715.0,8,56,0.65,2020-11-24,0
CUST00986,60.0,Male,West,Secondary,Salaried,649140.89,458780.48,Home,,3,368,0.52,2023-12-01,1
CUST00987,34.0,Female,East,Post-Graduate,Salaried,852001.0,286501.87,Education,679.0,8,457,0.63,2024-06-13,1
CUST00988,52.0,Male,East,Graduate,Self-Employed,462598.85,145637.84,Personal,784.0,10,100,0.56,2023-04-19,1
CUST00989,58.0,Male,West,Secondary,,188601.85,209619.09,Personal,716.0,4,62,0.73,2020-08-16,0
CUST00990,53.0,Male,South,Primary,Self-Employed,976386.3,118695.03,Home,613.0,6,227,0.7,2020-12-12,0
CUST00991,,Male,South,Secondary,Salaried,891145.87,290809.08,Education,,0,357,0.55,2021-01-09,0
CUST00992,35.0,Female,North,Primary,Unemployed,578186.0,255560.63,Education,554.0,5,86,0.68,2022-06-28,0
CUST00993,53.0,Female,East,Secondary,Self-Employed,,686106.56,Home,670.0,7,213,0.84,2021-10-24,0
CUST00994,45.0,Female,North,Graduate,Self-Employed,507653.32,461041.89,Car,780.0,0,53,0.47,2024-04-08,1
CUST00995,,Male,North,Primary,Salaried,624242.54,474518.65,Home,742.0,8,165,0.45,2018-01-31,1
CUST00996,53.0,Male,West,Graduate,Salaried,563928.01,384843.45,Car,806.0,2,11,0.75,2019-12-05,1
CUST00997,22.0,Male,West,Graduate,Salaried,517763.98,233882.82,Home,653.0,0,366,0.6,2020-05-18,1
CUST00998,34.0,,North,Primary,Self-Employed,689825.65,250429.81,Car,801.0,0,322,0.16,2021-10-16,0
CUST00999,60.0,Male,East,Primary,Salaried,297955.29,266903.53,Car,663.0,10,66,0.86,2018-08-21,0
CUST01000,60.0,Female,West,Post-Graduate,Salaried,537104.79,333881.99,Home,812.0,5,299,0.13,2020-11-23,0
