customer_id,age,gender,education_level,employment_type,annual_income,loan_amount,credit_score,repayment_history,transaction_count,spending_ratio,join_date,default_flag,debt_income_ratio,join_year,join_month,join_day,join_weekday,region_East,region_North,region_South,region_West,loan_purpose_Business,loan_purpose_Car,loan_purpose_Education,loan_purpose_Home,loan_purpose_Personal,income_group,transaction_bin,kmeans_bin,annual_income_log,annual_income_sqrt,annual_income_reciprocal,annual_income_boxcox,loan_amount_yeojohnson
CUST00001,59.0,1,0.0,Salaried,0.0,0.9653306978647856,0.2610299671683043,7,196,0.17,2023-02-20,0,0.5943354896807785,2023,2,20,0,0,0,1,0,0,0,0,1,0,Low Income,Q2,2,13.304700667407849,774.6021172188983,1.666640444857001e-06,498.4754052077574,0.3790602237096698
CUST00002,49.0,1,0.0,Salaried,0.3085276857408352,0.9512153631704046,0.0,7,15,0.89,2021-08-10,0,0.8428504622851958,2021,8,10,1,0,0,0,1,0,1,0,0,0,Low Income,Q1,0,13.525803342961536,865.1483572197315,1.3360362593827822e-06,544.5598944444623,1.4402308739626442
CUST00003,35.0,0,0.0,Self-Employed,-0.5665799234390932,-0.5610826596186089,0.6034678445709097,10,362,0.41,2021-10-15,0,0.27738382902870595,2021,10,15,4,1,0,0,0,0,0,1,0,0,Low Income,Q3,1,12.688184486125419,569.119653500035,3.087389993978972e-06,389.46617217127215,-1.4133708344399651
CUST00004,63.0,1,0.0,Salaried,0.0,0.5823535869654713,0.8129356061512185,0,359,0.82,2022-08-06,0,0.6561566867292734,2022,8,6,5,0,1,0,0,0,1,0,0,0,Low Income,Q3,1,13.304700667407849,774.6021172188983,1.666640444857001e-06,498.4754052077574,0.5471686832995631
CUST00005,42.32736842105263,1,0.0,Salaried,-0.5612521532671251,0.7325034360134883,0.38527228901317173,1,119,0.46,2018-06-29,1,0.8714156473812084,2018,6,29,4,0,1,0,0,1,0,0,0,0,Low Income,Q1,0,13.069874020650854,688.7896703638927,2.1077826903868942e-06,453.7738532619884,0.6325725348029693
CUST00006,41.0,1,0.0,Unemployed,-0.2899676834443822,-0.7703185040974874,-0.5679156141566349,4,492,0.47,2020-03-07,0,0.1048633085799998,2020,3,7,5,0,1,0,0,0,0,1,0,0,Low Income,Q4,3,13.074877981654252,690.5151699999067,2.097261773083826e-06,454.6834917863113,-1.9346653193275656
CUST00007,59.0,0,3.0,Salaried,-0.8823586944862231,0.46629313398591127,0.06335493242175584,8,416,0.64,2022-01-07,0,0.9563205666883859,2022,1,7,4,0,1,0,0,0,0,1,0,0,Low Income,Q4,3,12.876396980021356,625.2785379332958,2.5577131997823385e-06,419.9566281110771,0.45870810287462344
CUST00008,39.0,1,2.0,Salaried,-0.8790295349758829,0.4192601171087702,-0.22699786528076302,9,147,0.76,2023-07-18,1,3.5593103474512047,2023,7,18,1,0,0,1,0,1,0,0,0,0,Low Income,Q2,2,11.766050331196679,358.89191966384533,7.763709332623006e-06,269.0508310314368,0.8184111055787757
CUST00009,43.0,1,0.0,Self-Employed,0.3188963462525192,0.8556498626043886,-0.40763762457835523,10,60,0.13,2024-10-24,0,0.617586886119183,2024,10,24,3,0,0,1,0,0,0,0,0,1,Low Income,Q1,0,13.395940739455812,810.7579971853501,1.5213069767305295e-06,517.0024785857897,0.6005411296670071
CUST00010,31.0,0,1.0,Self-Employed,0.9819795093101499,-0.02252432973296003,-0.18764034178469793,11,412,0.6,2020-06-05,0,0.2770883615173268,2020,6,5,4,0,1,0,0,0,0,1,0,0,Medium Income,Q4,3,13.843289067687232,1013.9856655791541,9.726037652234494e-07,618.2452259186275,0.02012349823854733
CUST00011,42.32736842105263,0,3.0,Salaried,-0.06188587145281718,0.36190588790284445,-0.9301581947259182,10,60,0.26,2024-10-04,0,0.6160574090973026,2024,10,4,4,0,1,0,0,0,1,0,0,0,Low Income,Q1,0,13.278229505009328,764.4173402010188,1.711347467591657e-06,493.2249226601226,0.39480272608995987
CUST00012,44.0,1,3.0,Salaried,-0.687308922489336,0.07712128565541872,-0.722259477172438,6,485,0.39,2021-04-04,0,2.4069245633294205,2021,4,4,6,0,1,0,0,0,0,0,1,0,Low Income,Q4,3,11.830237380829391,370.5969373861581,7.281036126389759e-06,276.0777515840545,0.25445340803458744
CUST00013,42.32736842105263,1,0.0,Salaried,0.4738859878792318,-0.795039909898298,-0.3786074644808667,9,96,0.4,2022-08-03,0,0.06288630269667786,2022,8,3,2,0,0,1,0,0,1,0,0,0,Low Income,Q1,0,13.586206444294003,891.6757818848732,1.25772447206072e-06,557.8711609346741,-1.9346653193275656
CUST00014,60.0,1,3.0,Salaried,-0.9784655628778072,0.1388074946253035,0.15276655948885665,4,77,0.5,2022-02-28,0,1.7275376482516813,2022,2,28,0,0,1,0,0,0,0,0,0,1,Low Income,Q1,0,12.17458971834693,440.2277819492995,5.159918782878357e-06,316.999696080907,0.27508385142912106
CUST00015,44.0,0,0.0,Salaried,-0.6656924374833407,-0.17332745582907957,-0.7258175884706204,0,93,0.38,2024-11-20,1,0.7856728355546121,2024,11,20,2,0,1,0,0,0,0,0,1,0,Low Income,Q1,0,12.603983962122683,545.6568518767083,3.3586079779030463e-06,376.5478555869509,-0.27088530720375165
CUST00016,23.0,1,2.0,Salaried,-0.34551157233652896,-0.9326859056055741,0.10353141970556286,5,476,0.19,2024-08-29,1,0.3203683514161494,2024,8,29,3,0,0,0,1,0,1,0,0,0,Low Income,Q4,3,13.200095343523635,735.1295532081402,1.8504247631539574e-06,478.04595675507693,-0.6755214350513485
CUST00017,42.0,1,2.0,Unemployed,0.03872935297623692,0.7759388418584773,0.6296180992580875,11,51,0.22,2024-06-19,0,1.1848449700073342,2024,6,19,2,0,0,0,1,0,1,0,0,0,Low Income,Q1,0,13.354604396977873,794.1730667807867,1.5855100615992856e-06,508.52538080009026,1.8018438460981367
CUST00018,22.0,0,3.0,Salaried,-0.5150171388890672,0.6439850234686535,0.5657213414735184,7,228,0.13,2020-02-10,0,1.5106942679554038,2020,2,10,0,0,1,0,0,1,0,0,0,0,Low Income,Q2,2,12.759483508386646,589.7745331904388,2.8749263300127934e-06,400.7487387070135,1.0750526588090694
CUST00019,44.0,0,3.0,Salaried,-0.1339891477901945,-0.5202242669104415,0.8434533895787905,6,66,0.5,2021-07-02,1,0.17519146844639086,2021,7,2,4,1,0,0,0,0,0,0,0,1,Low Income,Q1,0,13.181899388075077,728.4716809869825,1.8844032073371727e-06,474.5783147224592,-1.379251606781221
CUST00020,64.0,1,1.0,Salaried,0.7684671492756626,0.4080121738466197,0.4929343835411486,1,235,0.91,2020-08-16,0,0.46532985888632966,2020,8,16,6,0,1,0,0,1,0,0,0,0,Low Income,Q2,2,13.565498766597669,882.491133099931,1.2840405571914233e-06,553.2716360843934,0.4059876086806147
CUST00021,50.0,0,3.0,Self-Employed,0.5037804545940007,0.8638317275772301,0.0,11,205,0.2,2020-07-05,0,0.6917756627212339,2020,7,5,6,0,0,0,1,0,0,0,1,0,Low Income,Q2,2,13.608542623111116,901.6899245306005,1.2299431328412871e-06,562.8750848780375,1.2079704241424747
CUST00022,58.0,1,1.0,Salaried,0.0,-1.0,0.0,4,257,0.9,2023-09-02,0,0.08333216112760014,2023,9,2,5,1,0,0,0,1,0,0,0,0,Low Income,Q2,1,13.304700667407849,774.6021172188983,1.666640444857001e-06,498.4754052077574,-1.9346653193275656
CUST00023,22.0,0,2.0,Salaried,0.9522817905120996,0.05850002515317212,-0.2995615771692827,10,175,0.72,2022-11-17,1,0.2913218660974651,2022,11,17,3,1,0,0,0,0,0,0,0,1,Medium Income,Q2,2,13.890020133750175,1037.9569644257897,9.281985857854963e-07,629.8987479628267,0.17119563259216516
CUST00024,41.0,1,2.0,Self-Employed,0.30852483159362676,0.062142088571484275,-0.9491842756378226,3,71,0.64,2018-12-05,0,0.4016750209941819,2018,12,5,2,0,1,0,0,0,0,1,0,0,Low Income,Q1,0,13.595453899789199,895.8081993373359,1.2461473330210239e-06,559.9374529589725,0.2137513706471883
CUST00025,53.0,1,0.0,Salaried,-0.12277621750423175,-0.6784255719799509,0.7243374515369406,8,272,0.65,2022-02-25,0,0.1293316737016093,2022,2,25,4,0,0,0,1,0,0,1,0,0,Low Income,Q3,1,13.210038795536496,738.7935232526067,1.8321163286873123e-06,479.9515396482535,-1.6419163346470491
CUST00026,32.0,0,2.0,Salaried,0.9018232258940392,0.4321051599299282,0.0,9,121,0.8,2024-08-10,0,0.45202036085018876,2024,8,10,5,0,0,0,1,0,0,0,1,0,Low Income,Q1,0,13.610734106520594,902.6784865055774,1.2272506841769159e-06,563.3684385749112,0.43327314157325086
CUST00027,42.0,1,1.0,Salaried,0.38212754008522243,0.9241095947496794,0.0,0,262,0.19,2021-10-27,1,0.6989521223070198,2021,10,27,2,1,0,0,0,0,0,1,0,0,Low Income,Q3,1,13.482384799633204,846.5689930537263,1.3953227608983568e-06,535.1873482258223,0.9835605045200738
CUST00028,64.0,1,3.0,Salaried,0.31542486243416085,0.9405737273890663,-0.12581025198221843,11,208,0.53,2020-07-03,0,0.7864782085191334,2020,7,3,4,0,1,0,0,1,0,0,0,0,Low Income,Q2,2,13.49612140697696,852.4035077356264,1.3762868040767927e-06,538.1351054602251,1.2395094564940234
CUST00029,45.0,1,0.0,Salaried,0.23223870335225613,-0.26249448792427993,-0.9365691797590998,5,187,0.69,2023-01-28,0,0.3959531259045604,2023,1,28,5,0,0,1,0,0,0,0,1,0,Low Income,Q2,2,13.375928581898092,802.6859286171647,1.5520582853760258e-06,512.881045593575,-0.14553681471772711
CUST00030,47.0,0,1.0,Salaried,-0.34071855235442566,0.9251957452308479,0.16710386317569234,2,445,0.6,2019-04-20,0,2.016998387064992,2019,4,20,5,0,0,1,0,0,0,0,0,1,Low Income,Q4,3,12.826615449892307,609.9069355237732,2.6882625912103976e-06,411.66856414281887,1.8106845812824062
CUST00031,62.0,1,3.0,Salaried,-0.4995260632668286,-0.6360507289497395,0.5881438449220137,10,35,0.81,2021-12-17,0,0.14578283780288934,2021,12,17,4,0,0,0,1,0,0,0,1,0,Low Income,Q1,0,12.745418376941394,585.641443205653,2.915648255028254e-06,398.49760897567717,-1.9346653193275656
CUST00032,48.0,0,0.0,Salaried,-0.05475674645409792,0.21925655032767427,-0.9741294902918038,8,419,0.16,2021-10-11,0,0.6324580097858258,2021,10,11,0,0,0,1,0,0,0,0,1,0,Low Income,Q4,3,13.26337922895886,758.7624463559065,1.7369510898021952e-06,490.30354186188987,0.41395826802029567
CUST00033,36.0,1,2.0,Self-Employed,0.10612868397121679,-0.9332303512014687,0.3432459963858594,4,255,0.69,2022-01-23,1,0.078464909990077,2022,1,23,6,0,0,0,1,0,1,0,0,0,Low Income,Q2,2,13.364883614334047,798.265319301797,1.5692957371085651e-06,510.6203927373216,-1.9346653193275656
CUST00034,35.0,1,1.0,Unemployed,-0.9340977013127079,0.17890865306448328,-0.30895497772485786,5,28,0.55,2023-09-06,0,0.7351863093245249,2023,9,6,2,0,0,0,1,0,1,0,0,0,Low Income,Q1,0,12.971867806188216,655.8504173971379,2.3248203140567215e-06,436.31830872086766,0.18319570136062846
CUST00035,64.0,1,3.0,Self-Employed,0.6484746464919299,-0.713073276245295,0.2664716411965215,10,274,0.42,2020-03-11,0,0.2919331528654078,2020,3,11,2,0,0,0,1,0,0,0,1,0,Low Income,Q3,1,13.467138889085254,840.1401609255446,1.4167587170224085e-06,531.9345215713373,-0.4470610737258929
CUST00036,23.0,1,0.0,Self-Employed,0.9405420059101174,0.24211398959687247,0.23824682822664897,8,326,0.39,2021-05-31,0,0.34925987832008865,2021,5,31,0,0,0,1,0,0,0,1,0,0,Medium Income,Q3,1,13.929011085648387,1058.3909863561764,8.927037253454871e-07,639.789332177551,0.536326199193568
CUST00037,57.0,0,0.0,Salaried,-0.9960103037108748,-0.046296432173875,-0.07628967996879116,8,29,0.63,2020-05-13,0,1.6908614050058892,2020,5,13,2,0,0,0,1,0,1,0,0,0,Low Income,Q1,0,12.007123533958358,404.86703990322553,6.100599371687069e-06,296.39775678583015,-0.021808933389692257
CUST00038,27.0,1,2.0,Unemployed,0.606845114164357,-0.7935857260890661,-0.04427982342487724,7,115,0.86,2021-03-17,0,0.20296505000153442,2021,3,17,2,1,0,0,0,0,0,0,0,1,Low Income,Q1,0,13.521893736341886,863.4588119881573,1.3412698595792393e-06,543.7092959940568,-0.8421987237308536
CUST00039,41.0,1,3.0,Salaried,-0.0919585287863618,-0.9716347668627084,-0.21787498435363783,8,246,0.52,2020-01-09,0,0.2795987272391933,2020,1,9,3,0,1,0,0,1,0,0,0,0,Low Income,Q2,2,13.276812309892698,763.8758668789059,1.7137745002487887e-06,492.94538288441316,-0.7500989738110173
CUST00040,29.0,1,2.0,Salaried,0.2014219821588946,0.8594834108242349,0.46980575945929154,3,315,0.8,2021-10-06,1,0.9090438270977921,2021,10,6,2,0,1,0,0,0,1,0,0,0,Low Income,Q3,1,13.476766588911813,844.1942252823103,1.403184040678642e-06,533.9863646418827,1.495433682010312
CUST00041,59.0,0,2.0,Unemployed,-0.5329927291694277,0.5864766649433737,0.6098884095713105,5,473,0.44,2024-09-28,0,0.7715170043824224,2024,9,28,5,0,0,0,1,0,0,0,1,0,Low Income,Q4,3,13.106888902926956,701.6561266033384,2.0311896482775755e-06,460.5456152367563,0.4855347276654854
CUST00042,38.0,1,3.0,Self-Employed,-0.1083508488779906,-0.9709183503686207,0.21348922798327602,4,255,0.19,2020-09-08,0,0.0887335019352688,2020,9,8,1,0,1,0,0,0,0,1,0,0,Low Income,Q2,2,13.241897820672843,750.6563994265285,1.774666889257219e-06,486.1081055339881,-1.9346653193275656
CUST00043,24.0,1,3.0,Unemployed,0.0,0.42310613582313245,-0.906080127708812,4,90,0.15,2024-10-12,0,0.6652269591407748,2024,10,12,5,0,0,1,0,1,0,0,0,0,Low Income,Q1,0,13.304700667407849,774.6021172188983,1.666640444857001e-06,498.4754052077574,0.5709907566963943
CUST00044,45.0,1,3.0,Salaried,-0.8988883643993327,-0.4381777132026367,0.0,3,159,0.14,2023-09-20,0,0.5050752535024726,2023,9,20,2,0,0,1,0,0,1,0,0,0,Low Income,Q2,2,13.170377106893017,724.286911382499,1.9062414022555754e-06,472.39543950694485,-0.08950263358157405
CUST00045,34.0,1,1.0,Salaried,-0.8395902808166754,0.025875052679492163,0.5426035772154563,1,406,0.42,2020-10-08,0,1.3682425648468215,2020,10,8,3,0,1,0,0,0,0,1,0,0,Low Income,Q4,3,12.300772047938864,468.8972915255536,4.5482316543551336e-06,333.45565057440183,0.10436325224030428
CUST00046,29.0,1,3.0,Salaried,-0.2666860207757535,0.9577815276215056,0.10739232593537325,11,405,0.39,2023-10-28,0,0.8265232034111903,2023,10,28,5,0,0,1,0,0,0,1,0,0,Low Income,Q4,3,13.202139415678587,735.8812675968861,1.8466462245391805e-06,478.4370712520596,0.7746191607747145
CUST00047,46.0,1,0.0,Salaried,0.0,0.8524617158354698,0.5227896546746565,5,19,0.71,2019-12-18,0,0.8549561236171945,2019,12,18,2,0,1,0,0,0,0,1,0,0,Low Income,Q1,0,13.304700667407849,774.6021172188983,1.666640444857001e-06,498.4754052077574,1.0288396227801866
CUST00048,22.0,0,2.0,Salaried,0.3059585285443231,-0.3716118283304346,0.8765238318813152,8,330,0.73,2022-12-13,0,0.19050705839400028,2022,12,13,1,0,1,0,0,0,0,0,1,0,Low Income,Q3,1,13.545405474513485,873.6694340538646,1.3101021135510569e-06,548.8446680048469,-0.8899096536944926
CUST00049,40.0,1,1.0,Salaried,-0.8574665804971116,0.006178986103451617,0.514502559236904,11,233,0.14,2022-01-13,0,2.205211410923968,2022,1,13,3,0,1,0,0,0,0,0,0,1,Low Income,Q2,2,11.80271571365607,365.5321052930919,7.4842053330651e-06,273.0428019277028,0.0720220636008922
CUST00050,48.0,0,3.0,Unemployed,0.8952787211734902,-0.4256356963249687,0.13156848189410378,0,423,0.29,2024-11-26,0,0.23531099821913806,2024,11,26,1,0,0,0,1,0,0,1,0,0,Medium Income,Q4,3,13.661385232815583,925.8312967274329,1.1666370865833364e-06,574.8919158315092,-0.47591844455017857
CUST00051,27.0,0,1.0,Salaried,0.48383969168686863,0.7019809794212131,-0.5226106172660387,6,273,0.33,2021-03-11,0,0.5759690666014505,2021,3,11,3,0,1,0,0,1,0,0,0,0,Low Income,Q3,1,13.469339893259725,841.0652471717043,1.413643854342378e-06,532.4029037537942,0.6069071041666945
CUST00052,64.0,0,3.0,Self-Employed,0.17090770001308464,-0.07243549808921589,-0.9826208102278339,5,158,0.57,2024-05-30,1,0.3644896291317047,2024,5,30,3,0,0,0,1,0,1,0,0,0,Low Income,Q2,2,13.470690989100833,841.6336198132772,1.411735175704207e-06,532.6906254665618,-0.1279147345294575
CUST00053,28.0,1,1.0,Unemployed,-0.9978442551611371,0.03534758790214878,-0.055293674786682914,2,287,0.22,2019-09-02,0,3.0526527000000003,2019,9,2,0,0,1,0,0,1,0,0,0,0,Low Income,Q3,1,11.51293546492023,316.22776601683796,9.99990000099999e-06,243.026193207401,0.12732255787963456
CUST00054,55.0,1,2.0,Unemployed,-0.6856423154593064,-0.4602860882624193,-0.5639426674793114,0,283,0.21,2023-12-24,1,0.4853724284017766,2023,12,24,6,0,1,0,0,0,0,0,1,0,Low Income,Q3,1,13.157443105424276,719.618051468972,1.931056867037118e-06,469.9570121453593,-0.1673201988463776
CUST00055,34.0,1,2.0,Unemployed,0.9281070782426153,-0.04898190491433475,0.36907726062021073,3,203,0.9,2024-12-06,0,0.3161879558283614,2024,12,6,4,0,1,0,0,0,0,0,1,0,Medium Income,Q2,2,13.697168208421036,942.5448848728638,1.1256294041235362e-06,583.173954337474,-0.001451457543749001
CUST00056,37.0,1,0.0,Salaried,-0.29116849718911264,0.9550416323894988,-0.055824606110883815,8,441,0.78,2022-12-18,0,1.2901876208639642,2022,12,18,6,0,0,1,0,1,0,0,0,0,Low Income,Q4,3,13.06123027258232,685.8192254523053,2.1260808011480664e-06,452.20682194878634,1.3605546779920321
CUST00057,56.0,1,0.0,Unemployed,-0.41202089387922114,0.9052996118320312,-0.1033024482949996,1,181,0.25,2021-08-28,0,2.209900913344004,2021,8,28,5,0,0,0,1,0,0,0,0,1,Low Income,Q2,2,12.708317943357553,574.8777783146605,3.025851727334691e-06,392.61977737541395,1.7514790813524972
CUST00058,60.0,0,3.0,Self-Employed,-0.33193126008753426,0.21339435443112612,-0.9188495459397173,2,274,0.45,2019-07-09,0,0.8345042543144735,2019,7,9,1,0,0,0,1,0,0,0,1,0,Low Income,Q3,1,12.99642248674964,663.9521669518068,2.2684302471763263e-06,440.62794145032274,0.4312448257177141
CUST00059,24.0,0,2.0,Salaried,-0.07486884315938112,-0.06016413625524131,-0.9953767794321088,1,460,0.4,2022-07-14,0,0.4837719015569247,2022,7,14,3,0,1,0,0,0,0,0,1,0,Low Income,Q4,3,13.275825117109688,763.4989129003393,1.71546716142112e-06,492.75075362243473,0.0045462527061382926
CUST00060,22.0,1,1.0,Salaried,-0.5142549803098866,-0.7907230868711814,0.3321126542536253,1,319,0.77,2022-10-22,0,0.12914644351745422,2022,10,22,5,0,1,0,0,1,0,0,0,0,Low Income,Q3,1,12.866589164766932,622.219728070398,2.5829221988447673e-06,418.3107221901611,-1.9346653193275656
CUST00061,26.0,1,1.0,Self-Employed,0.0,-0.3588816025884641,0.9333830914064898,9,35,0.53,2018-02-15,0,0.27187070901869315,2018,2,15,3,0,0,1,0,0,0,0,1,0,Low Income,Q1,0,13.304700667407849,774.6021172188983,1.666640444857001e-06,498.4754052077574,-0.7502733231162336
CUST00062,62.0,2,1.0,Salaried,-0.5777273369627145,-0.7227303538139532,-0.37933093704828236,10,478,0.21,2021-06-13,0,0.4747718149323218,2021,6,13,6,0,0,1,0,0,0,0,0,1,Low Income,Q4,3,13.277372180367161,764.0897329502602,1.7128152770516393e-06,493.05579772033786,-0.021666490377846945
CUST00063,24.0,0,0.0,Salaried,-0.5866070596651819,-0.689898046437994,0.42418491612975723,10,359,0.73,2020-12-07,0,0.3714720766078794,2020,12,7,0,0,0,1,0,0,0,0,0,1,Low Income,Q3,1,13.041388999193883,679.0490851182998,2.1686862267995575e-06,448.63010785278993,-0.689084899445672
CUST00064,49.0,1,1.0,Self-Employed,-0.7417466033325313,-0.31411215606006415,0.5925753368643945,7,485,0.44,2024-02-24,1,0.692547173616998,2024,2,24,5,0,0,0,1,0,0,0,0,1,Low Income,Q4,3,12.523307889139684,524.084077224256,3.640797200605596e-06,364.56984029263083,-0.5538815275342531
CUST00065,38.0,0,0.0,Salaried,0.26618941413347147,0.8656850070055263,-0.4239488936760197,2,365,0.32,2023-11-02,0,0.8092645708885717,2023,11,2,3,0,0,0,1,0,1,0,0,0,Low Income,Q3,1,13.488550645394165,849.1829308223288,1.386745884987595e-06,536.5084922185196,1.281483361012857
CUST00066,46.0,0,0.0,Salaried,0.7226224193937563,0.11020285098647642,0.6824017662813944,6,35,0.42,2019-06-27,0,0.4265799295087616,2019,6,27,3,0,0,0,1,0,0,0,0,1,Low Income,Q1,0,13.48062166519236,845.8230134017399,1.3977850725695765e-06,534.8101604861392,0.1268954069583144
CUST00067,64.0,1,3.0,Self-Employed,-0.7397807536068123,0.1469915462976747,-0.656595706588122,7,43,0.52,2021-12-22,0,0.7993032527584366,2021,12,22,2,0,1,0,0,0,0,0,0,1,Low Income,Q1,0,12.904079921669325,633.9935094304989,2.487879238938833e-06,424.63707160970324,0.2084932027213217
CUST00068,54.0,1,1.0,Salaried,-0.8706974419510289,-0.26715252425321523,0.41293521691067936,2,273,0.39,2023-10-20,1,1.7864570000000002,2023,10,20,4,0,0,0,1,0,1,0,0,0,Low Income,Q3,1,11.51293546492023,316.22776601683796,9.99990000099999e-06,243.026193207401,-0.6354814527669775
CUST00069,30.0,1,1.0,Salaried,0.0,0.9833611028181674,0.18166161252239799,1,147,0.31,2023-06-16,0,0.8532514142634394,2023,6,16,4,1,0,0,0,0,0,1,0,0,Low Income,Q2,2,13.304700667407849,774.6021172188983,1.666640444857001e-06,498.4754052077574,1.0250241826810162
CUST00070,56.0,1,2.0,Salaried,-0.42086016745614474,-0.37048366821348006,0.8280208759662223,7,313,0.44,2020-07-01,0,0.47304581978844534,2020,7,1,2,1,0,0,0,0,0,0,1,0,Low Income,Q3,1,13.223655899986833,743.8408095822654,1.8073373014628679e-06,482.57341409111814,-0.10770046477455861
CUST00071,34.0,1,3.0,Salaried,0.35979395113513607,-0.497297191685446,-0.7894579253312594,2,192,0.12,2020-12-04,0,0.301519263117411,2020,12,4,4,0,0,1,0,0,0,0,0,1,Low Income,Q2,2,13.435740666987607,827.0536802408898,1.4619481432666491e-06,525.2973419744989,-0.44582600964144314
CUST00072,51.0,0,2.0,Unemployed,0.7881179400876843,-0.5271702005511432,0.3177446965140614,6,372,0.76,2024-05-29,0,0.045901305784740526,2024,5,29,2,0,0,0,1,0,0,0,1,0,Medium Income,Q3,1,13.901040916286972,1043.6923061899038,9.180252729236351e-07,632.678776271533,-1.9346653193275656
CUST00073,35.0,1,3.0,Salaried,-0.013454630976702455,-0.008550236611823359,0.9998729251055669,11,251,0.25,2020-03-22,0,0.4871153504773129,2020,3,22,6,1,0,0,0,1,0,0,0,0,Low Income,Q2,2,13.293443721181802,770.2545293602628,1.6855077214457125e-06,496.2358589622053,0.042118321484531374
CUST00074,28.0,1,1.0,Salaried,-0.4249140570563619,-0.40915693431996203,-0.8074891003684156,0,63,0.14,2022-01-28,0,0.4254769713768928,2022,1,28,4,0,0,1,0,0,0,0,1,0,Low Income,Q1,0,13.063762076043842,686.6879567896906,2.1207047907887614e-06,452.6652562933001,-0.4830680253564436
CUST00075,34.0,1,0.0,Salaried,-0.5578501516923957,0.8176168512771338,-0.14249874653636949,11,471,0.66,2023-03-24,1,1.9261911863642152,2023,3,24,4,0,0,0,1,0,1,0,0,0,Low Income,Q4,3,12.654503081577605,559.6155019296732,3.193148678015692e-06,384.2466549460605,1.3484021271161546
CUST00076,43.0,1,0.0,Salaried,-0.1655894635199183,0.9733599349364528,0.15858930175673863,5,177,0.76,2022-04-23,1,1.2107843624732237,2022,4,23,5,0,1,0,0,0,0,0,1,0,Low Income,Q2,2,13.165222751057502,722.4226948262353,1.916092214237121e-06,471.422192082854,1.4436493596433546
CUST00077,60.0,0,0.0,Self-Employed,0.11012234563476839,-0.7954451240996266,0.595936341850391,11,128,0.79,2020-05-16,0,0.12130000243382609,2020,5,16,5,1,0,0,0,0,0,0,1,0,Low Income,Q2,0,13.369450523303971,800.090207414139,1.56214524657791e-06,511.5539299501953,-1.554080522944898
CUST00078,41.0,1,0.0,Salaried,0.04561416156541807,-0.8986656837907396,-0.43625604527800665,11,152,0.52,2024-08-24,1,0.15980454532840777,2024,8,24,5,0,1,0,0,0,0,0,1,0,Low Income,Q2,2,13.326654916964197,783.151875436687,1.6304493325967615e-06,502.87213039346375,-1.3256658308586011
CUST00079,36.0,1,0.0,Salaried,0.5672961496080086,-0.0745557715881848,-0.8201320110584749,8,90,0.27,2022-11-02,0,0.24276907712400428,2022,11,2,2,0,0,0,1,0,0,1,0,0,Medium Income,Q1,0,13.845911083527232,1015.3158818811021,9.70056923134261e-07,618.8933653970395,-0.17365243362769675
CUST00080,38.0,0,2.0,Salaried,0.292257021881517,-0.4402094247805541,0.8490002918110925,11,254,0.73,2024-04-28,1,0.21125720760031655,2024,4,28,6,1,0,0,0,0,0,1,0,0,Low Income,Q2,2,13.493612939718231,851.3350632976419,1.3797435081653704e-06,537.595606600516,-0.82797313063276
CUST00081,44.0,1,3.0,Salaried,-0.15274209696885313,0.2876775926122394,0.9454689072213767,2,411,0.69,2019-08-03,0,0.5988612250564532,2019,8,3,5,0,0,0,1,1,0,0,0,0,Low Income,Q4,3,13.24688062946277,752.5289230321981,1.7658460579905963e-06,487.0780826116342,0.2960916913255636
CUST00082,46.0,1,1.0,Salaried,-0.37437193201446967,-0.14593984419296904,-0.9157222386710313,6,361,0.31,2024-08-01,0,0.5697464327392776,2024,8,1,3,0,1,0,0,0,1,0,0,0,Low Income,Q3,1,12.955980191274767,650.6610945799664,2.3620511352891716e-06,433.5522049534058,-0.22704347818272086
CUST00083,45.0,1,2.0,Self-Employed,0.3803552343652793,0.4498655401845771,-0.808053767669808,5,367,0.87,2021-12-13,1,0.525742528678322,2021,12,13,0,1,0,0,0,0,0,0,1,0,Low Income,Q3,1,13.410049234848946,816.4975137745369,1.4999943225214894e-06,519.9278655115172,0.3503364810899148
CUST00084,61.0,1,3.0,Salaried,-0.4200861837014654,0.47755780911107226,0.7716645237537951,7,416,0.19,2019-11-29,1,1.2937695091488242,2019,11,29,4,0,1,0,0,0,0,0,1,0,Low Income,Q4,3,12.830000929061319,610.9402262087511,2.679176922555926e-06,412.22701913302586,0.9145724545443743
CUST00085,49.0,1,0.0,Salaried,0.09760897907765219,-0.5391900019671427,0.8365085946851301,2,71,0.94,2023-05-31,0,0.16813524085460665,2023,5,31,2,0,0,0,1,0,0,0,1,0,Low Income,Q1,0,13.37694167125416,803.0926285304828,1.5504867078557595e-06,513.0888998636798,-1.2200863563144346
CUST00086,35.0,1,3.0,Salaried,0.3218364331714959,0.6674800350088694,0.6714847080522441,2,55,0.83,2024-10-26,0,0.6637607676283559,2024,10,26,5,0,0,0,1,0,0,0,1,0,Low Income,Q1,0,13.489578846314243,849.6196090015814,1.385320764373451e-06,536.7291184376237,0.899986904520855
CUST00087,21.0,1,3.0,Unemployed,-0.3042656068007027,-0.9369714475670876,-0.17177586257165622,3,96,0.68,2019-12-27,0,0.30929952271801925,2019,12,27,4,0,1,0,0,0,0,1,0,0,Low Income,Q1,0,13.210168995567583,738.8416203761128,1.8318778026127489e-06,479.9765414944087,-0.7072237896563222
CUST00088,45.0,0,0.0,Unemployed,-0.2828301533827283,0.9571173525939551,0.06271744335542578,2,108,0.9,2018-10-13,1,1.552176409836629,2018,10,13,5,1,0,0,0,1,0,0,0,0,Low Income,Q1,0,13.000036160075906,665.1529072326152,2.260247674775855e-06,441.2657459907958,1.6185058688523963
CUST00089,27.0,1,0.0,Salaried,-0.7767744713074214,0.6290747840565801,-0.029771408922707642,8,304,0.71,2023-03-07,0,5.9177567,2023,3,7,1,0,1,0,0,0,0,0,0,1,Low Income,Q3,1,11.51293546492023,316.22776601683796,9.99990000099999e-06,243.026193207401,1.3095897949756536
CUST00090,29.0,1,0.0,Salaried,0.682829239933905,-0.04038719998626707,0.7294608304553131,10,408,0.26,2019-07-24,0,0.3156415626282014,2019,7,24,2,0,0,0,1,0,1,0,0,0,Medium Income,Q4,3,13.694427285010635,941.2540464720457,1.1287189002106167e-06,582.5353826024684,-0.008258019856692863
CUST00091,44.0,1,1.0,Salaried,0.3121061334495563,-0.6928872689301353,-0.649997687701815,3,62,0.48,2023-05-19,0,0.1805799763735631,2023,5,19,4,0,1,0,0,0,0,0,1,0,Low Income,Q1,0,13.460015061061494,837.1529728789118,1.4268874974833273e-06,530.4213535202782,-1.0507917872492596
CUST00092,21.0,1,0.0,Salaried,0.3063972370832645,-0.7749094954041649,-0.5528435647090453,5,481,0.16,2022-02-22,0,0.13032049372678894,2022,2,22,1,0,0,0,1,1,0,0,0,0,Low Income,Q4,3,13.468652017947674,840.7760224935057,1.4146165995751739e-06,532.2564771527028,-1.3884045318616671
CUST00093,64.0,0,1.0,Self-Employed,-0.7412472660805922,0.42370368984672246,0.5206031826048705,7,201,0.43,2019-05-13,0,2.1809069095618314,2019,5,13,0,0,1,0,0,0,0,0,0,1,Low Income,Q2,2,12.253256377220463,457.88854539068785,4.769560588014323e-06,327.16173470702427,0.8136165776534167
CUST00094,28.0,1,0.0,Unemployed,0.0,0.6625042246452134,0.7490581768642838,10,456,0.73,2023-04-02,0,0.49087226173018506,2023,4,2,6,1,0,0,0,1,0,0,0,0,Low Income,Q4,3,13.304700667407849,774.6021172188983,1.666640444857001e-06,498.4754052077574,0.0713953562303369
CUST00095,44.0,2,1.0,Unemployed,-0.25702960354418464,0.5216868751121306,0.8134977487600439,7,485,0.43,2019-12-06,0,0.9651439175260118,2019,12,6,4,1,0,0,0,0,0,1,0,0,Low Income,Q4,3,13.089213501770104,695.4824081168409,2.0674109097852584e-06,457.2995072404062,0.851746254083258
CUST00096,31.0,1,3.0,Salaried,-0.12597938263993724,0.9540382224990435,-0.27191959318983583,4,89,0.38,2021-09-18,0,1.3201206242115755,2021,9,18,5,0,1,0,0,0,0,0,0,1,Low Income,Q1,0,13.176476814448744,726.4992567098744,1.8946492773987646e-06,473.54977098036477,1.649556959767384
CUST00097,37.0,1,2.0,Salaried,-0.83406359120055,-0.5516630752201213,0.0024035957065677706,4,25,0.61,2019-07-16,0,0.484946192310896,2019,7,16,1,0,1,0,0,1,0,0,0,0,Low Income,Q1,0,12.714934211797347,576.7827060514211,3.0058979625692963e-06,393.66164580046336,-0.7639709538948465
CUST00098,28.0,1,3.0,Self-Employed,-0.7754489828334454,-0.5010526933207068,-0.3842200847673645,5,369,0.84,2023-06-22,0,0.5126796928976664,2023,6,22,3,1,0,0,0,0,0,1,0,0,Low Income,Q3,1,11.93992092268873,391.4889142747212,6.524665159077535e-06,288.5088164689162,-1.5429363052837823
CUST00099,42.32736842105263,2,3.0,Salaried,0.9790643581636393,0.19437504380842047,0.06042619397327138,9,496,0.14,2018-02-01,0,0.37630391859064205,2018,2,1,3,0,0,0,1,1,0,0,0,0,Medium Income,Q4,3,13.698232172450584,943.046435760191,1.1244324118182435e-06,583.4220210861785,0.2744184121095276
CUST00100,55.0,1,0.0,Salaried,0.569182493875463,0.5115695741974174,-0.6436830426702117,6,335,0.43,2018-02-12,0,0.5490772987479164,2018,2,12,0,1,0,0,0,1,0,0,0,0,Medium Income,Q3,1,13.733921189827848,960.0256975727265,1.0850101785889863e-06,591.8041861774656,1.0029175663787386
CUST00101,53.0,1,1.0,Salaried,-0.16692295952659708,-0.8799408862585376,-0.4447929431470575,9,203,0.23,2023-04-01,0,0.23400097984676327,2023,4,1,5,0,0,0,1,0,0,0,0,1,Low Income,Q2,2,13.233222873915048,747.4074926035997,1.790128999559915e-06,484.42398238065846,-1.0140626982651377
CUST00102,25.0,1,2.0,Self-Employed,-0.4337280798715944,0.04856660929630096,-0.8997339813480206,6,150,0.69,2021-10-06,0,0.7119137556966245,2021,10,6,2,0,1,0,0,0,0,1,0,0,Low Income,Q2,2,12.971900562369953,655.8611590878057,2.3247441630672266e-06,436.324029803512,0.13229952282241472
CUST00103,42.32736842105263,0,0.0,Salaried,-0.23289161152485363,0.8495750487188326,0.4732691981058454,3,117,0.19,2023-01-20,0,1.0808102662290442,2023,1,20,4,0,1,0,0,0,0,0,1,0,Low Income,Q1,0,13.133777903127557,711.1532605564007,1.9773007456242927e-06,465.52781312301613,1.151726055326756
CUST00104,59.0,1,0.0,Salaried,-0.22298772639983155,-0.8348927083867156,0.5032202692238547,5,312,0.67,2019-07-13,0,0.09754265662302446,2019,7,13,5,0,0,0,1,0,1,0,0,0,Low Income,Q3,1,13.14724572809085,715.9582739238369,1.9508493266399694e-06,468.04334629475693,-1.9346653193275656
CUST00105,61.0,0,0.0,Unemployed,-0.9753665000193832,0.22059054975211048,0.0,6,274,0.34,2024-05-06,0,1.1410573770592884,2024,5,6,0,0,1,0,0,0,0,0,0,1,Low Income,Q3,1,12.611657979744223,547.7545709530866,3.332932603736611e-06,377.7073803148968,0.3115905655502651
CUST00106,48.0,1,3.0,Salaried,-0.19046202453112346,-0.31485299859838084,0.9298342897985177,4,456,0.27,2021-12-07,0,0.3848311047902953,2021,12,7,1,0,0,0,1,0,0,1,0,0,Low Income,Q4,3,13.174836655337387,725.9037126230999,1.8977593534865257e-06,473.23910562845873,-0.4687196218474416
CUST00107,27.0,1,1.0,Salaried,0.07619125959948854,0.08123452386215782,0.9937785689445773,4,299,0.9,2020-07-31,1,0.5050298656301236,2020,7,31,4,0,0,1,0,1,0,0,0,0,Low Income,Q3,1,13.366526854022458,798.9214604703018,1.5667191256453904e-06,510.9560974718554,0.21382655685374938
CUST00108,29.0,1,1.0,Salaried,0.8086676531294037,0.5822555638068626,0.08387541474195573,1,218,0.12,2022-05-18,0,0.5005751812634576,2022,5,18,2,1,0,0,0,0,0,1,0,0,Medium Income,Q2,2,13.658318954210975,924.4129542579983,1.1702198109296914e-06,574.1876911692318,0.6930489363263126
CUST00109,28.0,1,2.0,Salaried,0.0217428777967902,0.3936114879456024,-0.9190197189518637,6,484,0.47,2021-10-02,1,0.5629016909375065,2021,10,2,5,0,0,1,0,0,1,0,0,0,Low Income,Q4,3,13.310604114567532,776.8919101136271,1.6568305057753466e-06,499.6539007381591,0.2990354304061829
CUST00110,32.0,1,1.0,Salaried,-0.8587354431580362,-0.5124192020837735,0.0,11,422,0.12,2023-04-13,0,0.5738370266492877,2023,4,13,3,0,0,0,1,0,1,0,0,0,Low Income,Q4,3,12.235209368417497,453.7753519088493,4.856418293408961e-06,324.80224785236464,-1.127230906004882
CUST00111,54.0,1,1.0,Salaried,0.2498710594579035,-0.3147980532624349,-0.9156782400535497,5,174,0.51,2022-06-25,1,0.3047351404690301,2022,6,25,5,1,0,0,0,0,0,0,1,0,Low Income,Q2,2,13.442107867861772,829.6908882228369,1.452669197574734e-06,526.6365901344424,-0.42272771598126485
CUST00112,53.0,0,0.0,Self-Employed,-0.17584046927254135,0.9827732242148237,0.056893928783412796,10,436,0.53,2023-09-16,0,1.0387475883243782,2023,9,16,5,0,0,0,1,0,0,0,1,0,Low Income,Q4,3,13.191923693197637,732.1320645894427,1.8656077377648034e-06,476.48556101365085,1.1879912110177877
CUST00113,43.0,1,0.0,Salaried,0.9529336999784894,0.2520517517433064,0.16848524531375716,0,351,0.37,2018-04-02,0,0.3810810500571386,2018,4,2,0,1,0,0,0,0,1,0,0,0,Medium Income,Q3,1,13.756400921727439,970.8771394980932,1.0608915465212295e-06,597.1453728569479,0.39119662552544887
CUST00114,44.0,1,3.0,Unemployed,0.6489449637310508,0.3904724930463416,0.6529943845258395,3,380,0.21,2023-01-18,1,0.4713538715585272,2023,1,18,2,1,0,0,0,0,0,0,0,1,Medium Income,Q4,1,13.771940467969559,978.4500242730846,1.0445332030730794e-06,600.8656047273388,0.7895064401155784
CUST00115,57.0,1,0.0,Salaried,0.9439956176984007,0.18432556282252982,0.2736719946512115,2,329,0.42,2018-07-04,0,0.35715589465164127,2018,7,4,2,1,0,0,0,0,0,0,0,1,Medium Income,Q3,1,13.781037718997148,982.9107690935124,1.0350739143176993e-06,603.0542260489563,0.32448819459394485
CUST00116,55.0,1,0.0,Salaried,-0.5108454662579552,0.7547106579483942,-0.41164150954780326,11,161,0.67,2019-12-29,0,0.9696213266831885,2019,12,29,6,1,0,0,0,1,0,0,0,0,Low Income,Q2,2,13.038120571654778,677.940277605631,2.1757860168411927e-06,448.0436251550382,0.7667392269329224
CUST00117,64.0,1,0.0,Salaried,0.9854578180148286,-0.16992024280071252,0.0,2,464,0.77,2020-11-17,0,0.20838382664787194,2020,11,17,1,0,0,0,1,0,0,0,1,0,Medium Income,Q4,3,13.90851332318845,1047.5990502095733,9.111909806453286e-07,634.5706640760945,-0.3029293139177063
CUST00118,60.0,1,0.0,Salaried,0.4178327539752148,-0.838826047547027,-0.3489794430365783,6,299,0.55,2022-04-21,1,0.23533447002011512,2022,4,21,3,1,0,0,0,1,0,0,0,0,Low Income,Q3,1,13.441161238394296,829.2982756523735,1.4540449881228517e-06,526.4372655426059,-0.7600143724878757
CUST00119,42.0,1,3.0,Self-Employed,0.7920972996175126,0.38258529598985463,-0.4756157684843931,10,441,0.6,2024-08-16,0,0.43459936373622327,2024,8,16,4,1,0,0,0,0,0,0,1,0,Medium Income,Q4,3,13.822084998888121,1003.2921309369469,9.93447123429149e-07,613.0285425564329,0.7332781737280804
CUST00120,47.0,0,0.0,Salaried,-0.40217569601659164,0.9116555927672566,0.08449135878746486,11,277,0.27,2020-04-11,0,1.0602561721413377,2020,4,11,5,0,0,1,0,0,1,0,0,0,Low Income,Q3,1,13.069692503010055,688.727159330892,2.1081653248545736e-06,453.7408903521362,0.9911294520516093
CUST00121,55.0,0,2.0,Salaried,-0.28756729776979584,-0.8159025868437618,-0.5016054405955295,9,160,0.34,2018-12-11,0,0.25778842412390257,2018,12,11,1,0,1,0,0,0,0,0,0,1,Low Income,Q2,2,13.171823450468017,724.8108856798441,1.9034863151325908e-06,472.66889756706024,-0.9733486204348833
CUST00122,21.0,1,2.0,Salaried,0.17350921292819413,-0.328066970079833,-0.9285831229199014,3,216,0.24,2021-12-13,0,0.29368425011178645,2021,12,13,0,0,1,0,0,0,0,0,0,1,Low Income,Q2,2,13.412803403204057,817.6226758107923,1.4958687694672363e-06,520.5008592804226,-0.5120270832280642
CUST00123,55.0,1,2.0,Unemployed,0.11158933801048333,-0.08557778911912545,0.9900627564209578,11,264,0.31,2021-05-04,0,0.42418843286214036,2021,5,4,1,0,0,1,0,0,1,0,0,0,Low Income,Q3,1,13.36604716626632,798.7298667259163,1.5674708419073987e-06,510.8580772375388,-0.057863551929498346
CUST00124,57.0,1,2.0,Self-Employed,0.5982465528556631,0.7717158150931326,-0.2157678445261442,7,362,0.29,2023-10-27,0,0.6474406196262968,2023,10,27,4,0,0,1,0,1,0,0,0,0,Medium Income,Q3,1,13.725261935837198,955.878125076623,1.0944463534628978e-06,589.7594621554467,1.308882935916738
CUST00125,34.0,1,0.0,Salaried,-0.16683835254871998,0.42425169580707667,-0.8900423937788854,10,386,0.54,2018-06-16,1,0.7405688608695054,2018,6,16,5,0,0,0,1,1,0,0,0,0,Low Income,Q4,3,13.202963474322999,736.184535289896,1.845125106585958e-06,478.5948373477284,0.5806614048740278
CUST00126,23.0,1,2.0,Self-Employed,0.6813773651421566,-0.7290543039149883,-0.0648437214768237,8,150,0.58,2018-09-21,0,0.06919610673242413,2018,9,21,4,0,0,0,1,0,0,1,0,0,Medium Income,Q2,2,13.700273372629118,944.0094014362357,1.1221395610582787e-06,583.8982278701394,-1.7612359368337471
CUST00127,21.0,1,0.0,Salaried,0.9829188680595277,-0.06456442286134614,0.17234249073620328,2,352,0.9,2022-02-04,0,0.3617393246786642,2022,2,4,4,0,0,0,1,0,0,0,1,0,Low Income,Q3,1,13.570964127884217,884.906000657697,1.2770419540080237e-06,554.4819053209203,0.011342775528655723
CUST00128,25.0,0,3.0,Salaried,-0.12177907731552888,-0.11233635615365972,-0.9861796993521497,4,367,0.27,2021-05-16,0,0.46783299684561636,2021,5,16,6,0,0,1,0,1,0,0,0,0,Low Income,Q3,1,13.211569419354062,739.3591481817209,1.8293141928530708e-06,480.24554179067695,-0.14192587144620958
CUST00129,46.0,0,2.0,Salaried,0.48815144600759697,-0.8197291477057181,0.2995868658041422,3,105,0.65,2021-07-10,0,0.11629575451620638,2021,7,10,5,0,0,1,0,0,1,0,0,0,Low Income,Q1,0,13.545891234084051,873.8816567476399,1.3094658734533489e-06,548.9512738283298,-1.424803784240544
CUST00130,34.0,1,1.0,Salaried,-0.4234826883615919,-0.05331529919495334,-0.9043339491193457,11,438,0.79,2022-03-10,0,0.5836556783087592,2022,3,10,3,1,0,0,0,1,0,0,0,0,Low Income,Q4,3,13.085045112647958,694.0343939604146,2.0760466690308687e-06,456.5372996758189,-0.0001554728138160933
CUST00131,59.0,1,2.0,Salaried,0.7890072511035296,-0.08052228161741441,0.609084329029386,9,379,0.58,2022-12-14,0,0.2086589679967129,2022,12,14,2,0,0,0,1,0,0,0,0,1,Medium Income,Q4,1,13.98740498233659,1089.7483425084895,8.42068070340809e-07,654.8917830957711,-0.18809114676593705
CUST00132,47.0,1,2.0,Salaried,-0.9480589629305439,-0.14671702256081715,0.28223805217927306,5,236,0.32,2023-02-21,0,2.3490615,2023,2,21,1,0,0,0,1,0,0,0,1,0,Low Income,Q2,2,11.51293546492023,316.22776601683796,9.99990000099999e-06,243.026193207401,-0.2649419896868812
CUST00133,29.0,0,0.0,Self-Employed,0.8038939145034902,-0.4229472379959622,-0.41817485349533173,10,202,0.32,2022-10-16,0,0.29505439605912664,2022,10,16,6,0,0,0,1,0,0,1,0,0,Low Income,Q2,2,13.55185329793819,876.4906160364753,1.3016819813890716e-06,550.2614012542089,-0.3154338870879176
CUST00134,35.0,1,2.0,Salaried,-0.7338902442448233,0.6130956831938144,-0.29243596333451133,9,312,0.13,2023-03-25,0,3.5558527732462784,2023,3,25,5,0,1,0,0,0,0,0,1,0,Low Income,Q3,1,11.975728356015928,398.5611872724187,6.295167036591666e-06,292.6859960714035,1.2164297215061692
CUST00135,35.0,1,1.0,Salaried,-0.5831344525787656,-0.8049260004683619,-0.10976494880274797,3,323,0.36,2021-08-28,0,0.43145614063295473,2021,8,28,5,1,0,0,0,0,0,0,0,1,Low Income,Q3,1,13.205944715196244,737.2827273170042,1.8396325356085715e-06,479.16602856365927,-0.2672032333375954
CUST00136,46.0,0,0.0,Salaried,-0.12273418620265959,0.13001050603301392,0.9838869792096095,7,398,0.73,2021-04-12,0,0.5339472322388682,2021,4,12,0,0,0,0,1,0,0,0,0,1,Low Income,Q4,3,13.26836490864671,760.6562824298502,1.7283127599015125e-06,491.28241162293017,0.14618435127649004
CUST00137,62.0,1,0.0,Unemployed,0.9996466918582292,-0.009812437369186624,0.02470237903066278,2,386,0.14,2024-10-14,0,0.2962635524094536,2024,10,14,0,0,0,0,1,0,0,0,0,1,Medium Income,Q4,3,13.792149183632919,988.3867613439589,1.023636388631703e-06,605.738200658877,0.0443594234642791
CUST00138,33.0,0,3.0,Salaried,-0.8221045995451534,-0.5333231817555799,-0.19927471291864338,10,470,0.29,2020-02-07,0,0.48973209439389154,2020,2,7,4,0,0,0,1,0,0,0,0,1,Low Income,Q4,3,12.964452520296305,653.4232548662467,2.34212359643852e-06,435.0250979482992,-0.42714856773892657
CUST00139,52.0,1,3.0,Salaried,0.9919081249247861,0.09081262060788875,0.08872057059398755,4,127,0.7,2024-11-15,0,0.33906131563892056,2024,11,15,4,0,1,0,0,0,1,0,0,0,Medium Income,Q2,0,13.73971313795841,962.8099397077286,1.0787440200634307e-06,593.1757869017814,0.17349242683227933
CUST00140,59.0,1,2.0,Self-Employed,-0.9017455918525424,0.08106545584876607,-0.42459778548944355,0,14,0.77,2018-04-11,1,1.0211836165209456,2018,4,11,2,0,1,0,0,0,0,1,0,0,Low Income,Q1,0,12.62903982819446,552.5358268927002,3.2755006569999216e-06,380.34686602832915,0.16057307972744128
CUST00141,42.32736842105263,1,3.0,Self-Employed,0.9734427579369623,0.08674073542454452,-0.2118613741060175,5,453,0.49,2022-09-29,0,0.3356112958897268,2022,9,29,3,0,0,1,0,0,0,0,0,1,Medium Income,Q4,3,13.750084635202324,967.815803756066,1.0676136485138076e-06,595.6397921594245,0.17372164867978512
CUST00142,24.0,0,3.0,Salaried,-0.2082788304562189,-0.34848936514708334,-0.9138791447249315,10,361,0.69,2023-04-04,0,0.3018984464170978,2023,4,4,1,1,0,0,0,0,0,0,0,1,Low Income,Q3,1,13.084484215169068,693.8397797762824,2.077211445003002e-06,456.4348336921626,-0.8905284641367243
CUST00143,50.0,0,3.0,Self-Employed,0.06817455814289801,-0.1469290825456676,0.9867948491577716,4,252,0.43,2024-04-10,0,0.42515391108878037,2024,4,10,2,0,0,1,0,1,0,0,0,0,Low Income,Q2,2,13.334825492753147,786.3578256748006,1.6171818978544896e-06,504.51826642837807,-0.10112367516795184
CUST00144,57.0,0,0.0,Self-Employed,-0.36271960872634657,0.8434160774800009,0.3963379942595148,7,30,0.24,2021-10-03,1,0.8467792724684585,2021,10,3,6,1,0,0,0,0,0,1,0,0,Low Income,Q1,0,13.1536804969772,718.2655010509693,1.9383363642776006e-06,469.25000710878726,0.7307755983937693
CUST00145,43.0,1,0.0,Self-Employed,0.8634467276946113,-0.08928021958252615,-0.4964763748908539,8,161,0.44,2018-04-15,0,0.29071873154683797,2018,4,15,6,0,1,0,0,0,0,0,1,0,Medium Income,Q2,2,13.732772079129237,959.4742675027819,1.086257692021547e-06,591.5324390643214,-0.07450140434504195
CUST00146,59.0,0,0.0,Salaried,0.476576297729022,0.0875476222165764,0.8747630800891875,7,137,0.59,2019-11-25,1,0.3774601949668356,2019,11,25,0,0,0,0,1,0,0,1,0,0,Medium Income,Q2,2,13.678471259827269,933.7745766511316,1.1468732176156607e-06,578.8317974375018,0.2473298861890939
CUST00147,35.0,1,3.0,Self-Employed,0.8671987721995212,0.40073259095133973,0.29560054134772706,7,133,0.91,2022-08-18,0,0.46431012533377325,2022,8,18,3,0,0,1,0,0,0,1,0,0,Low Income,Q2,2,13.474253896212494,843.1342894225095,1.4067142442744935e-06,533.450104347237,0.25197499729180256
CUST00148,63.0,1,0.0,Salaried,-0.9318446724933557,0.36285741875528854,0.0,11,155,0.16,2021-08-03,1,1.2022165611382645,2021,8,3,1,0,0,0,1,0,0,1,0,0,Low Income,Q2,2,12.650867114735371,558.5990511986214,3.204779993455839e-06,383.68737182631963,0.4643104634509473
CUST00149,49.0,0,3.0,Salaried,-0.5431860744672804,0.4451511462133727,0.7118913860482837,2,286,0.53,2020-12-06,0,0.9508898786175335,2020,12,6,6,0,0,1,0,0,0,0,0,1,Low Income,Q3,1,12.950971149316445,649.0335353431285,2.3739124305959993e-06,432.68372899831235,0.5771529995670689
CUST00150,56.0,1,0.0,Salaried,-0.9038235312078412,-0.11166240542297769,0.41307932851952683,3,319,0.38,2020-12-02,0,0.783573838184541,2020,12,2,2,0,1,0,0,0,0,0,0,1,Low Income,Q3,1,12.74506835042921,585.5389568594048,2.9166689878490694e-06,398.44174764444523,-0.06880617527346401
CUST00151,33.0,1,0.0,Salaried,-0.9003870822357268,-0.3801482261151248,0.21163749271941057,10,403,0.53,2020-03-28,0,1.3595964999999999,2020,3,28,5,0,1,0,0,0,1,0,0,0,Low Income,Q4,3,11.51293546492023,316.22776601683796,9.99990000099999e-06,243.026193207401,-0.9688224196621914
CUST00152,52.0,1,1.0,Salaried,0.7236937411059875,-0.6561308459881317,-0.2139151280927055,3,161,0.12,2024-03-18,1,0.08808984890938677,2024,3,18,0,0,1,0,0,0,0,0,1,0,Medium Income,Q2,2,13.727040514000691,956.7285560701113,1.0925015251048166e-06,590.178865907125,-1.5184701879983828
CUST00153,27.0,1,2.0,Self-Employed,-0.2721088946742324,0.8570875151662256,0.4374445573845361,10,369,0.37,2022-03-17,0,0.932707333884998,2022,3,17,3,0,0,1,0,1,0,0,0,0,Low Income,Q3,1,13.15781762169537,719.7528186815249,1.9303337902304725e-06,470.0274427928436,0.9156821251729705
CUST00154,42.0,1,3.0,Salaried,-0.3815420047993718,0.8925283996167387,-0.2404553065566644,4,120,0.8,2024-01-01,0,0.8511157794133846,2024,1,1,0,1,0,0,0,0,0,1,0,0,Low Income,Q1,0,13.152654940237458,717.8972837391154,1.9403252578871746e-06,469.05748557095745,0.7381296690960399
CUST00155,48.0,1,1.0,Salaried,0.8511878378901879,0.3836280394818633,0.35820216631272517,8,478,0.57,2020-06-08,0,0.42800277232971173,2020,6,8,0,0,0,1,0,0,0,0,1,0,Medium Income,Q4,3,13.78919385124672,986.9273326846309,1.0266660490243715e-06,605.023180988121,0.6472834637928658
CUST00156,22.0,1,0.0,Salaried,-0.22484222895957698,0.3928685518699556,-0.8916839535553465,11,482,0.48,2023-02-21,0,0.9272640276455744,2023,2,21,1,1,0,0,0,0,0,0,1,0,Low Income,Q4,3,13.083630553213869,693.5436900441096,2.0789854384741413e-06,456.2789287433406,0.7682679251608974
CUST00157,62.0,0,3.0,Salaried,-0.9025426790691594,-0.12329861639962202,-0.4125701923947042,8,125,0.34,2023-02-17,0,0.6948762250717376,2023,2,17,4,0,0,1,0,0,1,0,0,0,Low Income,Q1,0,12.873602665612035,624.4055332874622,2.56487024949801e-06,419.4870434679347,-0.056194655635250106
CUST00158,26.0,0,0.0,Unemployed,-0.11680259513566572,-0.2939429841043017,0.9486594098333879,9,197,0.35,2020-02-29,0,0.3448281606938142,2020,2,29,5,0,0,1,0,1,0,0,0,0,Low Income,Q2,2,13.206363640537404,737.437176985267,1.8388620283247643e-06,479.24634693953703,-0.5726069971384963
CUST00159,48.0,1,2.0,Salaried,-0.6969865963112634,-0.5609587906522813,-0.44669331733569756,11,66,0.43,2019-07-07,0,0.3898797516948533,2019,7,7,6,0,1,0,0,0,0,1,0,0,Low Income,Q1,0,12.66613243577667,562.8789745584747,3.156229510152549e-06,386.04092182794494,-1.0779906519436273
CUST00160,48.0,1,1.0,Salaried,0.2847410262645335,-0.8415564807328709,-0.45902640196215866,0,260,0.81,2020-04-23,1,0.15146287010544143,2020,4,23,3,0,0,0,1,1,0,0,0,0,Low Income,Q3,1,13.438764005985856,828.3048593362229,1.4575348532293013e-06,525.9328342430173,-1.265069263012983
CUST00161,64.0,1,2.0,Salaried,-0.2793724009431946,0.9135005518619772,-0.29574956185782914,7,393,0.92,2019-10-21,0,1.0229065051499406,2019,10,21,0,0,0,0,1,0,1,0,0,0,Low Income,Q4,3,13.135448354472949,711.7474833113216,1.974000518135656e-06,465.8390896137269,1.0481923717379633
CUST00162,64.0,1,1.0,Salaried,-0.3734949286102574,-0.32209371012519417,-0.8699179157829812,0,416,0.47,2020-10-15,0,0.44641145064326704,2020,10,15,3,1,0,0,0,0,0,0,0,1,Low Income,Q4,3,13.06723780183022,687.8823663970461,2.1133465974010274e-06,453.29535977127216,-0.41325969973567817
CUST00163,40.0,1,0.0,Salaried,-0.23541819592067742,0.42366134595416927,-0.8746938532845393,1,159,0.43,2023-05-08,0,1.0849354678013832,2023,5,8,0,0,0,0,1,0,0,0,1,0,Low Income,Q2,2,13.020386486382282,671.9555119202461,2.2147157630467633e-06,444.87470807796427,0.9414624776346732
CUST00164,50.0,1,2.0,Self-Employed,-0.42385000157734276,-0.5563494497619057,-0.714721250497361,6,461,0.82,2021-04-05,1,0.46449218645573503,2021,4,5,0,0,0,1,0,0,0,1,0,0,Low Income,Q4,3,13.2594184072213,757.2612693119859,1.7438444861808434e-06,489.5272722014844,-0.08162608237109147
CUST00165,31.0,1,2.0,Unemployed,0.0,-0.9525509009409845,0.3043793375321638,7,171,0.46,2020-01-21,0,0.2971234537967499,2020,1,21,1,0,0,1,0,0,0,0,0,1,Low Income,Q2,2,13.304700667407849,774.6021172188983,1.666640444857001e-06,498.4754052077574,-0.6381377310652417
CUST00166,48.0,1,0.0,Salaried,-0.45329972295657844,-0.8913541076803735,0.0026862406470822935,0,129,0.57,2024-04-15,0,0.21917654155350239,2024,4,15,0,0,1,0,0,0,1,0,0,0,Low Income,Q2,0,13.060503356546647,685.5700037195327,2.127626845229594e-06,452.07528439642397,-1.2741915268668578
CUST00167,45.0,1,2.0,Self-Employed,-0.5554100515608474,-0.8203316410519682,-0.13629260183209332,2,79,0.3,2020-02-14,1,0.38042127926847075,2020,2,14,4,0,1,0,0,1,0,0,0,0,Low Income,Q1,0,13.142772722570777,714.3588174020113,1.9595950316584336e-06,467.2063781484069,-0.5269819306506357
CUST00168,59.0,1,3.0,Self-Employed,-0.057084462048417724,0.9956295276452953,0.073913516175656,6,421,0.73,2021-10-12,0,0.9580132848925714,2021,10,12,1,0,0,0,1,0,0,0,1,0,Low Income,Q4,3,13.270128495717248,761.3273211963433,1.7252674160181659e-06,491.62913305330227,1.1826597851554976
CUST00169,53.0,0,1.0,Self-Employed,-0.12066195894698666,-0.6696999358270438,0.7327637324651987,8,360,0.55,2019-11-23,0,0.18911083454559974,2019,11,23,5,1,0,0,0,0,0,1,0,0,Low Income,Q3,1,13.225635359593692,744.5773767715482,1.8037632887525422e-06,482.95572894428,-1.2557703897100374
CUST00170,21.0,0,1.0,Salaried,0.014735429679724302,0.9978779182168281,-0.06342339826438742,7,108,0.79,2019-12-20,0,1.1205152635378781,2019,12,20,4,0,0,0,1,0,0,0,0,1,Low Income,Q1,0,13.317551783451513,779.5954014743802,1.6453592912674087e-06,501.0444041612172,1.6007022344582797
CUST00171,47.0,1,1.0,Salaried,-0.5839691012277048,-0.6693123495204684,-0.45934852518615643,7,176,0.76,2018-08-22,1,0.34512421654550973,2018,8,22,2,0,0,0,1,0,0,0,0,1,Low Income,Q2,2,12.97347651932717,656.3781684364586,2.321083351727919e-06,436.5993691901332,-0.8633052295806635
CUST00172,33.0,0,3.0,Salaried,0.7806619222049254,0.600054193111931,-0.1746480132956013,8,307,0.28,2023-09-03,0,0.5110637309320375,2023,9,3,6,0,0,0,1,0,0,0,1,0,Medium Income,Q3,1,13.654342750583904,922.5769507201012,1.1748821061613368e-06,573.275765145971,0.7230730683757115
CUST00173,61.0,1,1.0,Self-Employed,0.1451426663009158,-0.14838624525757174,0.9782203885819499,9,160,0.71,2021-11-05,0,0.43872425725925807,2021,11,5,4,0,0,0,1,1,0,0,0,0,Low Income,Q2,2,13.344238989222887,790.0677439308607,1.602029989873248e-06,506.421463591542,-0.039965298259669754
CUST00174,23.0,1,0.0,Self-Employed,-0.31269405217892454,-0.16727386506513425,0.9350090287254424,2,335,0.78,2020-10-02,0,0.5111386039664179,2020,10,2,4,0,0,1,0,0,1,0,0,0,Low Income,Q3,1,13.069045529727957,688.5044008573947,2.1095296928012153e-06,453.62342184495543,-0.22054193032692404
CUST00175,59.0,0,2.0,Salaried,0.2502540167818701,-0.868326123713339,-0.42823202818274453,7,473,0.39,2021-10-01,0,0.10369431510354854,2021,10,1,4,1,0,0,0,1,0,0,0,0,Low Income,Q4,3,13.438774369004967,828.3091512231408,1.4575197488460268e-06,525.935013818352,-1.6348424167653013
CUST00176,26.0,1,3.0,Salaried,-0.3987972731286372,-0.2860115035034958,0.8712968235962031,0,11,0.25,2021-11-02,1,0.48552708739656686,2021,11,2,1,0,0,1,0,1,0,0,0,0,Low Income,Q1,0,13.273209488869286,762.5010491796061,1.719960059087508e-06,492.23544094551715,0.006081691976167233
CUST00177,28.0,1,1.0,Unemployed,-0.831865088603089,-0.5204277009509342,0.19275757429035034,7,161,0.1,2023-08-27,0,0.5494574657742387,2023,8,27,6,1,0,0,0,1,0,0,0,0,Low Income,Q2,2,12.023017279564113,408.09730457330886,6.0044044708555515e-06,298.2945853231367,-1.395106316129835
CUST00178,47.0,1,0.0,Self-Employed,0.20596806190484393,-0.7909162153580329,-0.5762193139412181,6,410,0.48,2024-04-11,0,0.07296733046847054,2024,4,11,3,0,1,0,0,0,0,0,1,0,Low Income,Q4,3,13.43752320958921,827.7911391166252,1.4593444796799926e-06,525.6719318980906,-1.9346653193275656
CUST00179,29.0,1,2.0,Unemployed,-0.984923987191046,0.15337440429857677,0.0800064470011577,7,374,0.4,2019-12-18,1,0.9316311598067301,2019,12,18,2,0,0,0,1,0,0,0,1,0,Low Income,Q3,1,12.751660355605688,587.4720844431674,2.897505523007715e-06,399.4950849454974,0.20973827314256174
CUST00180,57.0,1,2.0,Self-Employed,0.8512814214993061,-0.524709387575752,0.0,0,74,0.57,2022-04-12,0,0.222675494728061,2022,4,12,1,0,0,1,0,0,1,0,0,0,Medium Income,Q1,0,13.63351848688394,913.0207828959864,1.1996046822730038e-06,568.5233051111051,-0.5858953206853218
CUST00181,53.0,1,3.0,Salaried,0.0,0.6926008733807876,-0.7213210312975564,5,335,0.26,2022-09-08,0,1.0052904089149146,2022,9,8,3,1,0,0,0,1,0,0,0,0,Low Income,Q3,1,13.304700667407849,774.6021172188983,1.666640444857001e-06,498.4754052077574,1.348261865259509
CUST00182,62.0,1,3.0,Salaried,0.5766624655761158,0.7507307906596116,0.32227888660486237,6,78,0.83,2021-05-10,1,0.6037651595549014,2021,5,10,0,0,1,0,0,0,0,0,1,0,Low Income,Q1,0,13.58612075185423,891.6375777186603,1.2578322541572834e-06,557.8520489803583,0.9033531735633817
CUST00183,64.0,0,3.0,Self-Employed,-0.3427108049322503,0.9212164346082446,-0.1841455532733898,10,130,0.32,2021-06-25,0,1.3686159800613573,2021,6,25,4,0,1,0,0,0,1,0,0,0,Low Income,Q2,0,13.000074515743359,665.1656635756239,2.260160983130249e-06,441.2725205937695,1.356189095832217
CUST00184,44.0,2,0.0,Salaried,0.10308156682857285,-0.9146301128522596,0.390929593717372,4,118,0.29,2023-12-06,0,0.2873622033421135,2023,12,6,2,0,0,0,1,0,1,0,0,0,Low Income,Q1,0,13.333407334973685,785.8004326799521,1.6194769439278134e-06,504.232164358352,-0.6441628739024825
CUST00185,35.0,1,0.0,Salaried,0.989263449780473,0.1429351029124751,0.03045296839123955,4,325,0.51,2018-01-09,0,0.3595378408157907,2018,1,9,1,1,0,0,0,1,0,0,0,0,Medium Income,Q3,1,13.712992531935647,950.0320415649148,1.1079572737993322e-06,586.8743071593926,0.22454228948544905
CUST00186,52.0,1,3.0,Self-Employed,-0.1645249225083861,-0.8005341865658004,-0.5762608489330519,6,256,0.52,2019-08-21,0,0.09385338067197745,2019,8,21,2,0,0,1,0,0,0,1,0,0,Low Income,Q2,2,13.18580165599699,729.8944170220786,1.877064090063337e-06,475.3198643941855,-1.9346653193275656
CUST00187,52.0,1,1.0,Salaried,0.0,-0.998057155450033,0.06230501147571342,10,443,0.28,2018-01-23,1,0.4154534392882874,2018,1,23,1,0,0,0,1,1,0,0,0,0,Low Income,Q4,3,13.304700667407849,774.6021172188983,1.666640444857001e-06,498.4754052077574,-0.17941264151929476
CUST00188,44.0,1,2.0,Self-Employed,0.4753635734703813,0.10032054251217394,-0.8740510635927013,2,102,0.33,2023-06-14,0,0.41600717188504793,2023,6,14,2,0,0,1,0,0,0,1,0,0,Low Income,Q1,0,13.546010388379381,873.9337217432452,1.3093098542653026e-06,548.9774268301915,0.19072699843782817
CUST00189,61.0,0,2.0,Salaried,0.7665870823516037,0.6193660604053569,0.16949905129411008,5,277,0.24,2024-04-06,0,0.5686045754832647,2024,4,6,5,0,1,0,0,0,1,0,0,0,High Income,Q3,1,14.638726264214851,1509.242144256514,4.3901763044316833e-07,849.4357163406818,3.1486559909883396
CUST00190,32.0,1,0.0,Unemployed,-0.38150746530122803,0.000804071254341714,-0.9243654079360878,6,112,0.71,2022-05-28,0,0.6317321831603937,2022,5,28,5,0,0,1,0,0,0,0,1,0,Low Income,Q1,0,13.0450799194975,680.3034029019699,2.160696532505562e-06,449.29332000817305,0.060025059082889194
CUST00191,59.0,1,2.0,Salaried,-0.9985460330164718,0.05390565783910909,0.0,0,440,0.75,2023-09-06,0,3.010444760125803,2023,9,6,2,0,0,1,0,0,0,0,0,1,Low Income,Q4,3,11.548637530010343,321.92350022948,9.649180871386646e-06,246.54010466883733,0.16170930666037467
CUST00192,22.0,1,1.0,Salaried,-0.3460690906504711,-0.7426330916582996,-0.5733517905007289,11,460,0.49,2021-01-09,1,0.11173327675756109,2021,1,9,5,0,0,0,1,0,1,0,0,0,Low Income,Q4,3,13.011421224462179,668.9501177217925,2.234660541432327e-06,443.28119028885664,-1.9346653193275656
CUST00193,23.0,1,2.0,Salaried,0.6932032160258964,0.29854940194111007,0.65600118589219,1,121,0.71,2024-02-25,0,0.4498920945057469,2024,2,25,6,0,0,1,0,0,0,0,1,0,Low Income,Q1,0,13.553289427252658,877.1202198102607,1.2998139394334537e-06,550.5774468569539,0.3295744055305615
CUST00194,57.0,0,0.0,Salaried,-0.7981236121832117,0.5280690216926822,-0.29007207380952044,11,330,0.73,2018-04-02,1,0.952682647228637,2018,4,2,0,0,0,0,1,0,1,0,0,0,Low Income,Q3,1,12.914705427838003,637.370731991986,2.461584209134225e-06,426.44729974580355,0.5176448597192784
CUST00195,37.0,0,0.0,Self-Employed,-0.00769395474999024,0.9427764272716099,-0.33333678351073665,3,420,0.22,2020-04-30,0,0.9055345299177983,2020,4,30,3,0,1,0,0,1,0,0,0,0,Low Income,Q4,3,13.300118758400242,772.8295672397635,1.6742943611071867e-06,497.5626328327985,1.1310059003449668
CUST00196,22.0,1,1.0,Self-Employed,0.0,0.3935609556215045,0.9192985229022661,7,313,0.92,2023-06-06,0,0.6106128273795616,2023,6,6,1,0,0,0,1,0,0,1,0,0,Low Income,Q3,1,13.304700667407849,774.6021172188983,1.666640444857001e-06,498.4754052077574,0.42434023396035103
CUST00197,22.0,1,1.0,Salaried,-0.013832791984707087,0.9996750939953586,0.021409351024232325,10,353,0.8,2021-01-12,0,1.8910503503772842,2021,1,12,1,0,0,0,1,0,1,0,0,0,Low Income,Q3,1,13.279011592934056,764.7163199513922,1.7100095666485205e-06,493.3792559499142,2.732684005964351
CUST00198,48.0,1,2.0,Salaried,-0.4722136981996661,0.7812436499669568,0.40825553593172725,9,71,0.27,2018-10-27,1,1.157168106090392,2018,10,27,5,1,0,0,0,0,0,0,1,0,Low Income,Q1,0,12.974166594570107,656.6046831998688,2.319482182097397e-06,436.71998834207164,0.9758519470536304
CUST00199,43.0,0,2.0,Salaried,0.3851036340929411,-0.7489983090170248,-0.5391629847254422,5,309,0.26,2024-06-01,0,0.06508018444921748,2024,6,1,5,0,0,1,0,1,0,0,0,0,Low Income,Q3,1,13.551914748456408,876.5175468865413,1.3016019948143917e-06,550.2749208262012,-1.9346653193275656
CUST00200,57.0,0,0.0,Salaried,-0.8096711054331185,-0.1856972094038461,-0.5567308572787537,0,412,0.21,2022-01-17,0,2.0730926000000003,2022,1,17,0,0,1,0,0,0,0,0,0,1,Low Income,Q4,3,11.51293546492023,316.22776601683796,9.99990000099999e-06,243.026193207401,-0.4388356141217116
CUST00201,52.0,1,1.0,Unemployed,0.3288696053842157,-0.916715619926709,0.2268859952417066,9,452,0.22,2021-07-28,0,0.24456103705310667,2021,7,28,2,0,0,0,1,1,0,0,0,0,Low Income,Q4,3,13.404594882465132,814.273811441827,1.5081981731376514e-06,518.7949611381704,-0.7576732123455944
CUST00202,53.0,1,1.0,Self-Employed,-0.974977038384593,0.007227083732765275,-0.22218808222658482,4,145,0.74,2020-09-27,0,0.968048886083091,2020,9,27,6,0,1,0,0,0,0,1,0,0,Low Income,Q2,2,12.623083148334201,550.8926301921274,3.295069992064483e-06,379.440269055267,0.06748714875865944
CUST00203,21.0,0,1.0,Self-Employed,0.3794349080166389,-0.8164391843121307,0.4352656762233237,6,64,0.5,2020-12-18,0,0.06647959132389213,2020,12,18,4,1,0,0,0,1,0,0,0,0,Low Income,Q1,0,13.530639889809274,867.2430570491758,1.329590058665768e-06,545.6139969137356,-1.9346653193275656
CUST00204,39.0,1,2.0,Self-Employed,0.4740655870547537,0.8803924487147524,-0.013074992025762193,5,117,0.77,2021-09-27,1,0.6904038202998171,2021,9,27,0,0,0,1,0,0,0,0,0,1,Low Income,Q1,0,13.565227964301743,882.3716507232085,1.2843883254084647e-06,553.2117370765272,1.1190430269842706
CUST00205,22.0,0,1.0,Salaried,-0.4594381894916069,-0.5361634556067228,0.7081280243773241,11,312,0.73,2024-07-17,0,0.45786042846897906,2024,7,17,2,0,0,0,1,0,0,0,1,0,Low Income,Q3,1,13.230345689149202,746.3330489801453,1.7952869480735871e-06,483.866698859668,-0.14599905695142212
CUST00206,64.0,1,0.0,Unemployed,-0.10284246168123823,0.21368332479174587,-0.971474582673828,8,267,0.61,2023-10-11,0,0.6409510792797543,2023,10,11,2,0,0,1,0,0,1,0,0,0,Low Income,Q3,1,13.231368371874096,746.7147782118685,1.793451877632922e-06,484.06470974868114,0.3826910762335877
CUST00207,46.0,1,0.0,Self-Employed,-0.37181986242152026,0.1196395968872845,0.9205630650669675,7,262,0.68,2020-02-15,0,0.8537862805572348,2020,2,15,5,1,0,0,0,0,0,1,0,0,Low Income,Q3,1,12.895237733071296,631.1967442881815,2.509975080214411e-06,423.1364856709248,0.30101466326353643
CUST00208,52.0,1,2.0,Self-Employed,-0.7257030348384208,0.6854068743925295,-0.059770576053516496,3,231,0.12,2021-12-23,0,2.0001512874512786,2021,12,23,3,1,0,0,0,0,0,0,0,1,Low Income,Q2,2,12.482207618597183,513.4239476300263,3.7935525918215174e-06,358.6139519988126,1.08157307441527
CUST00209,26.0,1,3.0,Self-Employed,0.7445061539141202,-0.5739805499703381,0.3409646829801475,10,487,0.37,2022-08-09,0,0.04880318819125263,2022,8,9,1,0,1,0,0,0,0,1,0,0,Medium Income,Q4,3,13.83973889694267,1012.1873492590194,9.760628111255114e-07,617.3687318277971,-1.9346653193275656
CUST00210,52.0,1,2.0,Salaried,-0.7305460628076188,0.12809029793269086,-0.6707423690895046,11,378,0.64,2022-10-18,0,0.8344826419804189,2022,10,18,1,0,0,0,1,1,0,0,0,0,Low Income,Q3,1,12.85770264206496,619.4611690816463,2.605977685430036e-06,416.82496141487775,0.20319717047963098
CUST00211,24.0,0,3.0,Self-Employed,0.7896451898995308,0.5831152033144958,0.19088513229696064,4,176,0.11,2024-04-22,0,0.5104214780067883,2024,4,22,0,0,1,0,0,0,0,1,0,0,Medium Income,Q2,2,13.807428012014377,995.966379954665,1.0081152979046736e-06,609.448237603459,1.0038774709246618
CUST00212,31.0,1,1.0,Salaried,-0.5593445454548528,-0.03446693094076543,-0.828218395196236,6,438,0.13,2023-01-26,0,0.7331709116045677,2023,1,26,3,1,0,0,0,0,0,0,0,1,Low Income,Q4,3,12.861325806489628,620.5843939384877,2.596552883901707e-06,417.43009325652264,0.006477432881347191
CUST00213,37.0,1,2.0,Salaried,0.4547229307344876,-0.7648187418576902,0.4563763231889427,7,169,0.82,2023-03-13,0,0.17608632928646287,2023,3,13,0,0,0,1,0,0,1,0,0,0,Low Income,Q2,2,13.502577136858195,855.1594003459238,1.3674304859875296e-06,539.5260258489095,-1.0311399141557631
CUST00214,58.0,1,0.0,Salaried,-0.8766409933101836,-0.4200865510972054,-0.23458017485582555,4,458,0.68,2022-09-26,0,0.6062458094755157,2022,9,26,0,0,1,0,0,0,1,0,0,0,Low Income,Q4,3,12.662069923444047,561.7367799957557,3.169077811983747e-06,385.4131818982216,-0.5464123264848375
CUST00215,44.0,1,1.0,Unemployed,0.8291975166899326,-0.5386578052070755,0.149262343559068,8,175,0.33,2021-08-20,0,0.31370436085441755,2021,8,20,4,0,1,0,0,0,0,1,0,0,Low Income,Q2,2,13.501963177249925,854.8969236112621,1.368270290849795e-06,539.393591244887,-0.2993758524441743
CUST00216,25.0,1,0.0,Self-Employed,-0.3042496785061211,-0.6159914365734174,0.7266269216022343,9,214,0.68,2019-09-07,0,0.3282104760024987,2019,9,7,5,0,0,1,0,0,0,0,1,0,Low Income,Q2,2,13.158896173651135,720.141069513467,1.928252947296065e-06,470.2303313925162,-0.6970561379721013
CUST00217,54.0,1,1.0,Self-Employed,-0.2502822541500561,-0.0851335450346195,-0.9644226629271033,11,276,0.77,2018-09-02,0,0.5221482337319555,2018,9,2,6,0,1,0,0,0,0,1,0,0,Low Income,Q3,1,13.16517754942059,722.4063676352805,1.9161788266991774e-06,471.4136659208018,-0.04747664720961849
CUST00218,26.0,0,2.0,Self-Employed,0.3481452731292936,0.8618416040727943,-0.3688142056469117,3,147,0.36,2020-01-27,0,0.7594420369841939,2020,1,27,0,0,0,1,0,1,0,0,0,0,Low Income,Q2,2,13.531165298820273,867.4709159389726,1.3288916635556204e-06,545.7286295518935,1.2396347933407128
CUST00219,42.0,1,3.0,Salaried,-0.5284182479023568,-0.6069517224723456,0.5936192061175718,3,377,0.13,2020-04-03,0,0.3987331563536935,2020,4,3,4,0,0,0,1,0,1,0,0,0,Low Income,Q3,1,13.087183063633214,694.776697939705,2.071612924262702e-06,456.928075087045,-0.5383333005426327
CUST00220,31.0,1,1.0,Unemployed,-0.572995021215737,-0.17338713968522929,0.8010078685342311,7,452,0.89,2023-01-21,0,0.8734613287428927,2023,1,21,5,0,0,1,0,0,1,0,0,0,Low Income,Q4,3,12.400668069299064,492.91264946235657,4.115838123757325e-06,347.0824646163398,-0.4068889104186876
CUST00221,36.0,1,3.0,Salaried,0.837976799164636,0.5391429123576856,-0.08437893170847797,0,355,0.39,2021-12-06,0,0.48430688237552083,2021,12,6,0,0,0,0,1,0,1,0,0,0,Low Income,Q3,1,13.580202556317417,889.0030314908943,1.2652984227207412e-06,556.53369171311,0.49865769017383105
CUST00222,53.0,0,1.0,Salaried,-0.861323604094371,-0.09600690828577775,0.4989031194443362,7,257,0.19,2021-05-25,0,0.8564945649443737,2021,5,25,1,0,0,1,0,0,0,0,1,0,Low Income,Q2,1,12.655637091796143,559.9328977654376,3.189529667170985e-06,384.4212536331158,-0.06947870552584082
CUST00223,29.0,0,0.0,Salaried,0.38130284381042695,-0.9235942069814195,-0.039772881872502976,4,64,0.52,2019-05-31,0,0.08331399977167288,2019,5,31,4,1,0,0,0,0,0,0,1,0,Low Income,Q1,0,13.499607760446258,853.8906955811148,1.3714969362404242e-06,538.8858144690397,-1.7740977516070664
CUST00224,26.0,0,0.0,Self-Employed,0.0,-0.008593192882946361,0.9999630778364151,10,413,0.75,2019-04-19,1,0.48163669164387096,2019,4,19,4,1,0,0,0,0,0,0,0,1,Low Income,Q4,3,13.304700667407849,774.6021172188983,1.666640444857001e-06,498.4754052077574,0.04203528461598221
CUST00225,36.0,1,1.0,Self-Employed,-0.21222350686987426,-0.030429820973304513,-0.9767472595955339,0,218,0.29,2018-02-05,0,0.5575671759391865,2018,2,5,0,0,0,0,1,0,0,1,0,0,Low Income,Q2,2,13.134543952087096,711.4257023751672,1.9757866164679878e-06,465.6705350987812,0.005596419276031972
CUST00226,49.0,1,3.0,Salaried,0.7619177724478421,0.6391460967884153,0.10475483276800043,3,26,0.33,2021-11-11,0,0.531072310565589,2021,11,11,3,0,0,0,1,0,0,1,0,0,Medium Income,Q1,0,13.70523711584497,946.355224004179,1.1165833496363808e-06,585.0578720300231,0.8862791999448074
CUST00227,23.0,1,2.0,Salaried,0.25326026198070223,-0.47503340599722815,-0.8427351321074366,1,77,0.31,2022-11-28,1,0.17352109963338955,2022,11,28,0,1,0,0,0,1,0,0,0,0,Low Income,Q1,0,13.487627034526378,848.7908635229294,1.3880272902266374e-06,536.3103853725592,-1.0645937132082934
CUST00228,40.0,1,2.0,Self-Employed,-0.250969319896963,0.36001793688029715,-0.898555221227338,3,142,0.94,2022-10-01,0,1.1191989224162617,2022,10,1,5,0,0,0,1,0,1,0,0,0,Low Income,Q2,2,12.96227828372387,652.713290809985,2.347221467199317e-06,434.6466385476825,0.890946869060439
CUST00229,56.0,1,0.0,Salaried,0.9666353107360754,-0.036428792736963526,0.2535529907098278,7,197,0.27,2020-04-09,0,0.29714136447109757,2020,4,9,3,0,0,1,0,0,0,0,1,0,Medium Income,Q2,2,13.764594297753563,974.862682637919,1.0522347756753835e-06,599.1040333914877,0.006628887725884445
CUST00230,39.0,1,2.0,Self-Employed,-0.7339824055619271,-0.6658591810541559,0.13379603630681935,4,416,0.59,2020-12-28,0,0.31969561898702165,2020,12,28,0,0,0,1,0,1,0,0,0,0,Low Income,Q4,3,12.659003358426496,560.8761360585776,3.1788109111031545e-06,384.9400076586871,-1.299141554446724
CUST00231,46.0,1,0.0,Unemployed,-0.28780395929289987,-0.9405469673937645,-0.18038925450736706,0,439,0.89,2024-08-10,0,0.12735612911416835,2024,8,10,5,1,0,0,0,1,0,0,0,0,Low Income,Q4,3,13.133947798147652,711.2136739405395,1.9769648406094832e-06,465.5594623748031,-1.723318058413219
CUST00232,23.0,1,2.0,Salaried,-0.1065577572551453,0.9939172460586174,-0.027819999209332407,6,317,0.22,2021-03-31,0,1.1819197029728785,2021,3,31,2,0,1,0,0,0,0,0,1,0,Low Income,Q3,1,13.214800889592636,740.5547245139957,1.8234123594171862e-06,480.86683094693393,1.4965527811218364
CUST00233,39.0,0,1.0,Salaried,0.28966432138648834,-0.05419454015956014,0.9555927651110586,0,147,0.93,2022-10-29,0,0.36099158700903633,2022,10,29,5,0,0,1,0,0,0,1,0,0,Low Income,Q2,2,13.529569542326424,866.7790548923065,1.3310139439283489e-06,545.3805448849499,-0.05455729760693185
CUST00234,40.0,1,0.0,Self-Employed,0.7529578141963539,0.6437920548961842,-0.13633165477319587,8,183,0.91,2020-08-02,0,0.5331584503859508,2020,8,2,6,0,0,0,1,0,1,0,0,0,Medium Income,Q2,2,13.686380118352409,937.4744369848172,1.1378385337029823e-06,580.664598828444,0.8585962353533642
CUST00235,52.0,1,0.0,Self-Employed,0.5919236139327434,-0.7360696297289566,0.32837164228885124,2,421,0.85,2022-02-20,0,0.05792414529650901,2022,2,20,6,0,1,0,0,0,0,1,0,0,Medium Income,Q4,3,13.668400407012353,929.0844364211468,1.1584815638490916e-06,576.5063096167762,-1.9346653193275656
CUST00236,27.0,0,1.0,Salaried,0.08326836056718821,0.9711261392330376,-0.22356297060736022,11,106,0.28,2019-03-07,0,1.1811881102986281,2019,3,7,3,0,1,0,0,1,0,0,0,0,Low Income,Q1,0,13.393821673227285,809.8994258548403,1.5245341450522281e-06,516.5645088233003,1.8820052425471965
CUST00237,42.32736842105263,1,0.0,Unemployed,-0.27424170598073777,0.8918787887367369,0.35964386954634114,2,180,0.64,2023-07-16,0,0.8695142092754718,2023,7,16,6,0,0,1,0,0,1,0,0,0,Low Income,Q2,2,13.180507221104302,727.9647793677933,1.887028438197894e-06,474.3140392354236,0.8277231624803796
CUST00238,53.0,0,2.0,Salaried,-0.9889956391984519,-0.11167042159232589,-0.09704299350204407,5,163,0.75,2020-05-08,0,1.770130910691372,2020,5,8,4,0,0,1,0,0,0,0,0,1,Low Income,Q2,2,11.874124738676391,378.8191389040422,6.9684012271633295e-06,280.98672838587953,-0.15184515642778956
CUST00239,60.0,1,2.0,Salaried,-0.9476871495983527,-0.18427731051026003,-0.2606356447557679,9,192,0.94,2018-08-18,0,0.902110648081875,2018,8,18,5,0,1,0,0,1,0,0,0,0,Low Income,Q2,2,12.511586802091388,521.0216310288854,3.683722374937073e-06,362.8613819994867,-0.20518219062307633
CUST00240,59.0,1,0.0,Self-Employed,0.0,0.3655369752322232,0.9307968197937062,5,251,0.25,2024-08-14,0,0.7203693001385114,2024,8,14,2,0,1,0,0,0,0,1,0,0,Low Income,Q2,2,13.304700667407849,774.6021172188983,1.666640444857001e-06,498.4754052077574,0.7116344274291246
CUST00241,38.0,0,2.0,Self-Employed,-0.78508589940682,0.2998814283480615,0.5419513442039893,10,313,0.75,2018-06-27,0,2.9925288334681026,2018,6,27,2,1,0,0,0,0,0,1,0,0,Low Income,Q3,1,11.856394594715589,375.4756982815266,7.093053772440649e-06,278.9932120765389,0.6684449867177763
CUST00242,60.0,0,3.0,Salaried,0.7229441807007364,0.6904521665098258,0.02505029646189513,10,294,0.39,2021-12-04,0,0.6413700951878113,2021,12,4,5,0,0,0,1,0,0,1,0,0,High Income,Q3,1,14.518304904615713,1421.0512657888173,4.951996092677003e-07,809.5667413588312,3.1486559909883396
CUST00243,21.0,0,0.0,Self-Employed,0.4457549579706662,0.02062954097428404,-0.8949172808051926,5,36,0.25,2022-06-02,0,0.34075229365107373,2022,6,2,3,1,0,0,0,0,0,0,1,0,Medium Income,Q1,0,13.694644415665278,941.3562396882489,1.128473847342112e-06,582.5859436186431,0.11023016591722862
CUST00244,31.0,1,1.0,Salaried,0.3017583341547849,0.8467222773126066,-0.4381818034454217,0,411,0.46,2022-10-30,1,0.6146147671823934,2022,10,30,6,0,0,1,0,1,0,0,0,0,Low Income,Q4,3,13.388458090472671,807.7303510454464,1.5327330782742874e-06,515.4576098920362,0.579043830923296
CUST00245,48.0,1,3.0,Salaried,0.36229897642672787,-0.5110878236635146,0.7794412666667306,4,369,0.77,2022-11-10,1,0.06009533981432727,2022,11,10,3,1,0,0,0,0,1,0,0,0,Medium Income,Q3,1,13.631602467290755,912.1465178358135,1.2019053517083348e-06,568.088011581366,-1.9346653193275656
CUST00246,45.0,1,0.0,Salaried,0.8292737383140382,-0.48720819648502206,-0.27373936549293015,11,69,0.5,2020-09-01,0,0.3169339444587927,2020,9,1,1,1,0,0,0,0,0,1,0,0,Low Income,Q1,0,13.508588702189922,857.7336941032455,1.359234747574952e-06,540.8244660674669,-0.2754910422095503
CUST00247,43.0,1,1.0,Self-Employed,0.6392897405927959,-0.5695022382664728,0.5166970371332444,5,211,0.56,2018-03-23,0,0.05168516215025697,2018,3,23,4,1,0,0,0,0,0,1,0,0,Medium Income,Q2,2,13.78236385580076,983.5627229617845,1.0337021744638494e-06,603.3739310136257,-1.9346653193275656
CUST00248,51.0,0,2.0,Salaried,0.17469107843091647,0.372989928427639,0.9112417573883389,7,259,0.95,2020-04-25,0,0.6066965679741878,2020,4,25,5,1,0,0,0,0,0,0,1,0,Low Income,Q2,1,13.42077441808656,820.8878242488433,1.4839925727952524e-06,522.1627410165459,0.6128882508120902
CUST00249,50.0,1,1.0,Salaried,0.6987170828660931,-0.6479815316578091,0.30317383254742925,0,371,0.44,2021-05-01,0,0.23287943036938782,2021,5,1,5,0,0,0,1,0,1,0,0,0,Low Income,Q3,1,13.548758490151851,875.1353780987259,1.305716677003808e-06,549.5809479567773,-0.637583985449189
CUST00250,62.0,2,3.0,Salaried,-0.4262308354352814,-0.7704064418879103,-0.4741320377508273,4,78,0.62,2019-09-10,1,0.11934929712931285,2019,9,10,1,0,0,0,1,1,0,0,0,0,Low Income,Q1,0,12.945481486763333,647.2544862725944,2.386980244897967e-06,431.7339086960998,-1.9346653193275656
CUST00251,55.0,1,2.0,Self-Employed,0.22477082396829162,-0.27987688893096396,-0.9333525613266084,2,467,0.41,2024-03-13,0,0.21044998277753998,2024,3,13,2,0,1,0,0,0,0,0,0,1,Low Income,Q4,3,13.52326373621223,864.0504846361698,1.3394335781853633e-06,544.0072111027823,-0.7965191949448441
CUST00252,27.0,1,0.0,Self-Employed,0.0,0.2379429392373432,0.9712791347841742,1,379,0.43,2024-05-26,1,0.5447992031578757,2024,5,26,6,0,0,1,0,0,0,0,1,0,Low Income,Q4,1,13.304700667407849,774.6021172188983,1.666640444857001e-06,498.4754052077574,0.23631338071348995
CUST00253,36.0,1,2.0,Self-Employed,-0.49879836360236257,-0.17317228940055557,-0.8492417504170268,10,30,0.69,2019-03-21,0,0.5404688160442952,2019,3,21,3,1,0,0,0,1,0,0,0,0,Low Income,Q1,0,13.095453595208964,697.6557388855911,2.0545502401532957e-06,458.44290069923125,-0.1002119631913515
CUST00254,46.0,0,0.0,Salaried,0.6222408516596587,-0.7644741959480589,0.16850972154576524,7,161,0.9,2020-07-11,0,0.10784737409468581,2020,7,11,5,0,1,0,0,0,0,0,0,1,Low Income,Q2,2,13.621539666387022,907.5686640690059,1.2140609430427193e-06,565.8073220936591,-1.42457773012932
CUST00255,22.0,0,0.0,Salaried,0.45052850782851117,-0.654176719238877,-0.6075169821821235,6,111,0.56,2018-07-12,0,0.06057626149095335,2018,7,12,3,0,1,0,0,0,0,1,0,0,Low Income,Q1,0,13.623631683157488,908.5184863281539,1.2115237620274627e-06,566.2807166861122,-1.9346653193275656
CUST00256,21.0,0,1.0,Salaried,0.9898797806270491,0.06702815976280986,-0.12508095660234012,9,396,0.75,2022-07-21,0,0.30653034846896304,2022,7,21,3,0,1,0,0,0,0,1,0,0,Medium Income,Q4,3,13.837381182733814,1010.9948268908205,9.783668032942861e-07,616.7873247620362,0.16841437604369305
CUST00257,32.0,0,1.0,Self-Employed,0.9504081394738799,-0.3060747386724499,0.05515997433274847,6,497,0.18,2018-10-16,0,0.19433154659133411,2018,10,16,1,0,0,0,1,0,1,0,0,0,Medium Income,Q4,3,13.8213105057024,1002.9036843087176,9.942168394880658e-07,612.8388317383024,-0.5179223688719556
CUST00258,25.0,0,1.0,Unemployed,0.9190519958369152,-0.20915347451307664,0.3340632470764937,4,104,0.28,2021-03-13,0,0.3057237045876582,2021,3,13,5,1,0,0,0,0,0,0,0,1,Medium Income,Q1,0,13.628373171655932,910.6749090647003,1.205792933110482e-06,567.3551104215952,-0.1545918509386012
CUST00259,57.0,0,3.0,Salaried,0.0,-0.10415390264776557,-0.9945611919652002,11,455,0.53,2021-12-01,0,0.4520880906275252,2021,12,1,2,1,0,0,0,0,0,1,0,0,Low Income,Q4,3,13.304700667407849,774.6021172188983,1.666640444857001e-06,498.4754052077574,-0.05432692527348011
CUST00260,52.0,1,3.0,Self-Employed,0.8001329803332691,0.20176904575884214,0.5648685386499825,8,370,0.12,2023-01-09,0,0.3570863743030754,2023,1,9,0,0,0,1,0,0,0,1,0,0,Medium Income,Q3,1,13.870870758765607,1028.0662673193785,9.461442846380466e-07,625.0971626842085,0.4746233261603241
CUST00261,29.0,1,1.0,Salaried,0.6656588561397916,0.6283884459775417,-0.40252484172358144,4,238,0.31,2023-05-25,0,0.5454548249246357,2023,5,25,3,1,0,0,0,0,1,0,0,0,Medium Income,Q2,2,13.628569853314005,910.7644701019029,1.2055557990778269e-06,567.3997211528242,0.7943193343906806
CUST00262,61.0,1,3.0,Salaried,-0.41681335555559984,0.10065381885216637,-0.9034021448839693,1,134,0.54,2020-06-14,0,0.7988830234316777,2020,6,14,6,1,0,0,0,1,0,0,0,0,Low Income,Q2,2,12.9203352677389,639.1674115597572,2.4477648211058426e-06,427.4095418461337,0.23378264453470055
CUST00263,55.0,2,2.0,Salaried,0.9357123268859472,-0.34591786486044523,-0.06916120360488977,2,267,0.11,2020-07-08,1,0.30977791633938007,2020,7,8,2,0,1,0,0,0,0,1,0,0,Low Income,Q3,1,13.569901907870193,884.4361424093885,1.2783991742359509e-06,554.246477352259,-0.2204380787378127
CUST00264,39.0,1,2.0,Salaried,-0.9938785289183716,0.06369902505294156,0.09026574080102659,3,331,0.32,2023-07-28,0,0.8936663688732148,2023,7,28,4,0,0,1,0,0,0,0,1,0,Low Income,Q3,1,12.738712284160155,583.6810430363488,2.9352665703429587e-06,397.4287246518464,0.12315805084853201
CUST00265,36.0,1,3.0,Salaried,0.8631414728300655,-0.40146598682356666,0.30628721701129646,4,496,0.54,2022-04-02,0,0.3166169295362361,2022,4,2,5,1,0,0,0,0,0,0,1,0,Low Income,Q4,3,13.534020647776856,868.7102681561903,1.3251026262169194e-06,546.3520229022149,-0.24062611541571718
CUST00266,23.0,0,3.0,Salaried,-0.5571681091862521,-0.5541301959706626,0.6184686119920167,2,378,0.59,2022-08-28,1,0.1845478185359017,2022,8,28,6,0,0,0,1,1,0,0,0,0,Low Income,Q3,1,12.509628645386108,520.5117577922712,3.690942747609386e-06,362.57673845925234,-1.9346653193275656
CUST00267,40.0,0,2.0,Salaried,-0.5854013917389798,0.8002901855439627,-0.12977222149626294,11,435,0.89,2023-08-23,0,1.2477850227694551,2023,8,23,2,1,0,0,0,0,0,0,0,1,Low Income,Q4,3,12.894072601830468,630.82913693012,2.5129012349401826e-06,422.9391476135595,0.966965822941517
CUST00268,42.32736842105263,1,0.0,Self-Employed,0.7778199339298695,0.6284416725429974,-0.007564032832649545,6,245,0.65,2022-09-22,0,0.5686045754832647,2022,9,22,3,0,1,0,0,0,1,0,0,0,High Income,Q2,2,14.638726264214851,1509.242144256514,4.3901763044316833e-07,849.4357163406818,3.1486559909883396
CUST00269,53.0,1,2.0,Salaried,0.4308580956480597,0.7940479133336927,-0.4287764134661978,4,171,0.45,2024-07-15,1,0.7577559136998755,2024,7,15,0,0,0,0,1,0,0,0,1,0,Medium Income,Q2,2,13.674203516037343,931.7841434581294,1.151778237908065e-06,577.8451830313296,1.5276980018440636
CUST00270,44.0,0,2.0,Salaried,0.13245205980971478,0.9205258156719905,0.36754411236418993,4,51,0.89,2023-03-13,0,1.0427537627325827,2023,3,13,0,0,1,0,0,0,0,0,1,0,Low Income,Q1,0,13.43184638802203,825.4448558201814,1.4676524770943112e-06,524.4799080659443,1.6915922674309025
CUST00271,31.0,1,3.0,Self-Employed,-0.24535868544164094,-0.9447230105652542,0.21747999629131975,5,285,0.77,2022-12-05,0,0.1671209570852426,2022,12,5,0,1,0,0,0,1,0,0,0,0,Low Income,Q3,1,13.177720200464861,726.9510574997466,1.8922949609471952e-06,473.7854180390144,-1.4303161881797855
CUST00272,28.0,0,2.0,Salaried,0.0,-0.6059558768733625,-0.7954982559896875,6,362,0.27,2018-11-08,0,0.3993743988001236,2018,11,8,3,0,0,0,1,0,0,0,0,1,Low Income,Q3,1,13.304700667407849,774.6021172188983,1.666640444857001e-06,498.4754052077574,-0.23648581113256403
CUST00273,56.0,1,3.0,Salaried,0.0,0.7964391172943129,-0.6047187217570293,9,77,0.21,2021-02-01,0,1.2534442515508617,2021,2,1,0,0,0,1,0,0,0,0,0,1,Low Income,Q1,0,13.304700667407849,774.6021172188983,1.666640444857001e-06,498.4754052077574,1.8159200214514142
CUST00274,58.0,0,3.0,Salaried,0.3271515940353959,0.001794120748850983,0.9449701665401073,9,182,0.67,2018-12-05,0,0.39911693022825945,2018,12,5,2,0,0,1,0,1,0,0,0,0,Low Income,Q2,2,13.505408723705466,856.3709885324233,1.363563964587862e-06,540.1372343207022,0.06175575203656319
CUST00275,60.0,2,1.0,Salaried,-0.2502988217256473,0.22124311419052645,-0.9425507860407472,7,340,0.58,2024-06-05,1,0.6604304935600925,2024,6,5,2,0,0,0,1,0,0,0,1,0,Low Income,Q3,1,13.163140033296804,721.6707836680102,1.920087052138735e-06,471.0294985383287,0.3192562330720491
CUST00276,40.0,0,2.0,Salaried,0.0,-0.9235232446230404,-0.3835424574162969,8,134,0.77,2018-12-25,0,0.08333216112760014,2018,12,25,1,0,0,0,1,0,1,0,0,0,Low Income,Q2,2,13.304700667407849,774.6021172188983,1.666640444857001e-06,498.4754052077574,-1.9346653193275656
CUST00277,55.0,1,0.0,Salaried,-0.37108897972837057,0.37704087964648464,0.8486065897691121,10,179,0.73,2024-01-26,0,0.5907776945421336,2024,1,26,4,0,1,0,0,0,0,0,1,0,Low Income,Q2,2,13.224191595839322,744.0400728455423,1.8063693776459585e-06,482.67684921143814,0.23714165633999276
CUST00278,42.32736842105263,0,1.0,Unemployed,-0.14152539587703725,0.8455866141922932,-0.5147366707557,3,56,0.63,2021-03-18,0,1.2466943220443616,2021,3,18,3,0,0,0,1,0,0,0,0,1,Low Income,Q1,0,13.160765390129239,720.8144352050672,1.924651991644316e-06,470.5821598312079,1.4951324673302833
CUST00279,42.32736842105263,0,3.0,Salaried,0.03874731862250062,0.6612810676623571,-0.7491368331959786,4,270,0.94,2020-02-07,0,0.8588351749565629,2020,2,7,4,0,1,0,0,0,0,0,1,0,Low Income,Q3,1,13.33581265068105,786.7460517854538,1.6155862716202804e-06,504.7175130477678,1.0974538434196242
CUST00280,45.0,1,3.0,Self-Employed,-0.12378710824882189,-0.2501737834371937,-0.9602550858558963,4,226,0.55,2023-09-21,1,0.3576407411930605,2023,9,21,3,1,0,0,0,0,1,0,0,0,Low Income,Q2,2,13.184074185577312,729.264252517563,1.880309465092384e-06,474.99145036325524,-0.5539858905535848
CUST00281,49.0,0,0.0,Salaried,0.8561829384282836,-0.20363578719405342,0.47485075773148777,7,314,0.2,2018-07-21,0,0.23798680420009777,2018,7,21,5,0,1,0,0,0,0,1,0,0,Medium Income,Q3,1,13.775545893748014,980.2154814121229,1.040773996977738e-06,601.7320520771856,-0.3031183135381811
CUST00282,38.0,1,3.0,Salaried,-0.863255509580034,-0.45668944125839056,-0.21499925447036938,8,133,0.8,2022-08-20,1,0.9643795,2022,8,20,5,0,0,0,1,0,0,0,1,0,Low Income,Q2,2,11.51293546492023,316.22776601683796,9.99990000099999e-06,243.026193207401,-1.342206212149145
CUST00283,38.0,1,2.0,Salaried,-0.24656173182038477,-0.35496315499270725,0.9017807222375936,6,302,0.31,2019-04-09,0,0.31667350355476837,2019,4,9,1,0,0,0,1,1,0,0,0,0,Low Income,Q3,1,13.04664871521516,680.837241930845,2.15730949851507e-06,449.57550813784445,-0.8786858862487066
CUST00284,22.0,1,1.0,Self-Employed,-0.47331406555068706,-0.7119788921260302,-0.5187097960506151,4,171,0.76,2019-03-25,0,0.13074085034999586,2019,3,25,0,1,0,0,0,0,0,1,0,0,Low Income,Q2,2,12.854319055912274,618.4140522336147,2.6148101697498155e-06,416.2606307600521,-1.9346653193275656
CUST00285,55.0,1,3.0,Salaried,0.23995332267926028,-0.04397844365576568,-0.9697877599912259,2,210,0.91,2020-07-01,1,0.43485366368262574,2020,7,1,2,0,0,0,1,1,0,0,0,0,Low Income,Q2,2,13.392052518571862,809.1833228632435,1.5272336689658405e-06,516.1991417928707,0.01925957996777349
CUST00286,36.0,1,3.0,Salaried,0.048166239845540394,0.9443578084836707,-0.32537415830864713,0,463,0.69,2020-03-08,1,0.9233532411993035,2020,3,8,6,0,0,0,1,1,0,0,0,0,Low Income,Q4,3,13.336324418215867,786.9473934133081,1.6147596785465614e-06,504.82083832938224,1.2408035425088348
CUST00287,61.0,0,0.0,Salaried,0.9560930047742116,0.22883357759044923,0.18308839392210322,10,411,0.61,2020-03-04,1,0.3619694421833231,2020,3,4,2,0,0,1,0,1,0,0,0,0,Medium Income,Q4,3,13.821044497436437,1002.7703027114435,9.944813445642367e-07,612.7736869463322,0.41330624419081136
CUST00288,56.0,1,2.0,Salaried,0.805730219222769,0.5665220511596192,-0.17277609609296707,8,471,0.49,2019-03-13,0,0.5018664203386934,2019,3,13,2,0,0,1,0,0,0,0,1,0,Medium Income,Q4,3,13.899655464717416,1042.9695633142896,9.192980339496948e-07,632.3286211185924,1.1492710683509209
CUST00289,53.0,0,3.0,Unemployed,-0.5154028452566112,0.724488724205989,0.45768547671929494,4,284,0.41,2023-04-01,0,1.2125634519326547,2023,4,1,5,1,0,0,0,0,0,0,0,1,Low Income,Q3,1,12.91590519782902,637.7531967775623,2.458632645222702e-06,426.652181531929,0.954135662350185
CUST00290,24.0,1,0.0,Salaried,0.0004390903955155513,-0.4611125072869752,-0.8873415705483113,8,215,0.4,2022-11-09,0,0.3358875788914783,2022,11,9,2,0,1,0,0,0,0,1,0,0,Low Income,Q2,2,13.304894945477704,774.677365101111,1.6663166846190072e-06,498.5141445754045,-0.4767552981307939
CUST00291,53.0,1,3.0,Salaried,0.12795140837394886,-0.45417632062633445,-0.8816758513634407,9,49,0.64,2019-06-15,1,0.25157111777802327,2019,6,15,5,0,0,1,0,0,1,0,0,0,Low Income,Q1,0,13.383306786781286,805.6525926228996,1.5406490230513448e-06,514.3967418040917,-0.7490249805674222
CUST00292,34.0,1,0.0,Salaried,-0.3866193819710845,-0.3195266200658515,-0.865117444370179,11,282,0.74,2019-07-19,0,0.4248863852432037,2019,7,19,4,0,1,0,0,0,0,0,0,1,Low Income,Q3,1,12.900587790000692,632.8874781507374,2.4965824283138813e-06,424.0437995502758,-0.6972355801141881
CUST00293,41.0,0,0.0,Unemployed,0.23700531505901676,-0.4937866634606802,-0.8366619458432092,3,197,0.68,2022-06-09,0,0.06604186570859467,2022,6,9,3,0,0,0,1,0,0,0,1,0,Low Income,Q2,2,13.537246014385884,870.1123548140206,1.3208355695629873e-06,547.0570528891877,-1.9346653193275656
CUST00294,40.0,1,2.0,Salaried,-0.4457550509064298,0.13741594151480452,-0.8845446815220845,4,364,0.27,2021-07-20,0,0.5662031600348335,2021,7,20,1,0,0,1,0,1,0,0,0,0,Low Income,Q3,1,13.19955431803747,734.9307178231156,1.8514261609775055e-06,477.9424897237397,0.13017543416857125
CUST00295,28.0,1,3.0,Salaried,-0.6253419334149153,-0.7667658863568575,-0.1449742798991543,3,102,0.52,2018-08-01,0,0.15010899864718769,2018,8,1,2,1,0,0,0,0,1,0,0,0,Low Income,Q1,0,12.716174877711552,577.1406154482631,3.0021709598862227e-06,393.85731997904253,-1.9346653193275656
CUST00296,27.0,0,2.0,Self-Employed,-0.31121262322806553,0.6877395304320691,-0.6558666338704716,1,51,0.77,2020-08-06,1,0.7667397046246733,2020,8,6,3,1,0,0,0,0,0,1,0,0,Low Income,Q1,0,13.180837773848095,728.0851049156273,1.886404778851863e-06,474.37677490934493,0.6026851501369518
CUST00297,23.0,1,0.0,Self-Employed,-0.5970482843657304,0.0672212695292406,0.79938391718799,11,474,0.5,2021-02-01,0,0.8926275201853288,2021,2,1,0,1,0,0,0,0,0,0,0,1,Low Income,Q4,3,12.767350936455632,592.0991133247878,2.852396794864408e-06,402.0134302900439,0.16654186525018275
CUST00298,37.0,1,1.0,Salaried,0.59068134924813,0.28555741622776165,0.7546870249896532,0,388,0.56,2018-07-11,0,0.44794731366694635,2018,7,11,2,0,0,1,0,0,0,0,0,1,Medium Income,Q4,3,13.663713600956905,926.9097636771338,1.1639238858492824e-06,575.4272407810079,0.5080309113015488
CUST00299,53.0,1,3.0,Salaried,0.8641428012009341,0.48669243467971063,-0.1280144255860976,7,116,0.76,2021-11-04,0,0.4558932262897302,2021,11,4,3,0,1,0,0,0,1,0,0,0,Medium Income,Q1,0,13.88819469766377,1037.0100337026638,9.298945004002776e-07,629.4394517668542,0.9429518233321561
CUST00300,32.0,0,1.0,Salaried,0.13552659456510716,0.13056802516004307,-0.9821326453037754,3,337,0.66,2023-06-14,0,0.5078351059862176,2023,6,14,2,0,0,0,1,0,0,0,1,0,Low Income,Q3,1,13.401820477315892,813.1450301145546,1.5123883358320005e-06,518.219642144007,0.27987131267061544
CUST00301,42.0,1,3.0,Salaried,0.06486971728831695,0.9505386107660919,-0.3037569245660117,4,74,0.45,2021-01-09,0,0.9456272115543332,2021,1,9,5,0,1,0,0,0,0,1,0,0,Low Income,Q1,0,13.350009082796413,792.35042121526,1.5928127446809254e-06,507.5915764459737,1.3160878265265752
CUST00302,42.0,0,2.0,Salaried,0.17589403436378864,0.7474212940458237,-0.6406424103055437,5,374,0.86,2019-12-06,0,0.6455800656781527,2019,12,6,4,0,1,0,0,0,1,0,0,0,Low Income,Q3,1,13.366265475448706,798.8170566531488,1.5671286859787383e-06,510.90268459701525,0.6262693337360116
CUST00303,50.0,1,2.0,Salaried,0.7873773058700368,-0.46246682219348867,-0.4076290183133416,7,318,0.24,2019-07-03,0,0.1828101326400215,2019,7,3,2,0,0,0,1,1,0,0,0,0,Medium Income,Q3,1,13.705203952769597,946.3395320919443,1.116620379588175e-06,585.050116771323,-0.7457695628965204
CUST00304,58.0,0,2.0,Salaried,0.9870094894198134,-0.1606619674821619,0.0,10,493,0.95,2023-02-05,0,0.28894552446022537,2023,2,5,6,0,0,0,1,0,0,1,0,0,Medium Income,Q4,3,13.699174194123424,943.4907259745588,1.1233736708734203e-06,583.6417442629565,-0.13348534942135595
CUST00305,58.0,0,2.0,Salaried,-0.07979805926251438,-0.9030010802712,-0.42216266860889323,7,144,0.2,2018-06-03,0,0.08755239419814098,2018,6,3,6,0,0,1,0,0,0,0,0,1,Low Income,Q2,2,13.255297909443005,755.7027259445343,1.7510448177994967e-06,488.7210057683281,-1.9346653193275656
CUST00306,28.0,2,2.0,Self-Employed,0.2697518775229639,-0.8924144125236247,-0.36170490858287996,6,398,0.11,2022-07-24,0,0.20750394768898164,2022,7,24,6,0,0,1,0,0,1,0,0,0,Low Income,Q4,3,13.404754195829094,814.3386764731245,1.5079579161517494e-06,518.8280167014472,-0.9548423197794126
CUST00307,47.0,1,1.0,Unemployed,0.6953174752552779,-0.34984502619262053,-0.6278073480399146,3,33,0.86,2019-07-25,0,0.30323937944466806,2019,7,25,3,0,0,1,0,0,0,0,0,1,Low Income,Q1,0,13.545226393722597,873.5912087469745,1.310336748682391e-06,548.8053717548659,-0.28617664581711627
CUST00308,47.0,0,2.0,Salaried,-0.8725232246018182,0.4401702815007293,0.21202204086842955,5,37,0.31,2022-11-20,0,1.2622206658547388,2022,11,20,6,0,0,1,0,0,0,0,0,1,Low Income,Q1,0,12.662164769444937,561.7634199554115,3.168777251880463e-06,385.42782594594894,0.5674469653769568
CUST00309,54.0,1,0.0,Salaried,0.8320889644698133,-0.4719680888992758,0.2913315607144533,3,71,0.72,2024-04-06,0,0.18262152887078617,2024,4,6,5,0,0,1,0,0,0,0,0,1,Medium Income,Q1,0,13.713647319696468,950.3431275071126,1.1072320344017879e-06,587.0279251286571,-0.7365434168196654
CUST00310,41.0,1,0.0,Salaried,0.7649532625433376,-0.516057461300738,-0.3853974607598512,6,282,0.79,2024-08-18,0,0.07320489170650392,2024,8,18,6,0,0,0,1,0,0,0,1,0,Medium Income,Q3,1,13.84866383408495,1016.7143010698728,9.67390270396899e-07,619.574549552982,-1.5781639326878543
CUST00311,42.32736842105263,1,1.0,Unemployed,0.525390215455577,-0.590389150014872,0.6127036584257183,11,238,0.83,2020-03-15,1,0.05610047631211805,2020,3,15,6,0,1,0,0,0,0,0,0,1,Medium Income,Q2,2,13.700390382496623,944.0646323213258,1.1220082673383965e-06,583.9255376989959,-1.9346653193275656
CUST00312,53.0,0,3.0,Salaried,-0.7540163125700298,-0.32565692507524197,-0.57044453501531,11,29,0.94,2020-03-09,0,0.6675115571116881,2020,3,9,0,0,0,1,0,1,0,0,0,0,Low Income,Q1,0,12.572805657092518,537.216455444172,3.4649732095201383e-06,371.87314686078037,-0.537163029419835
CUST00313,48.0,2,0.0,Salaried,-0.6163208787014902,0.6071549723887909,-0.5015091364872525,10,12,0.35,2019-09-03,0,6.0572463841590904,2019,9,3,1,0,0,1,0,1,0,0,0,0,Low Income,Q1,0,11.585254405585351,327.87175846662973,9.302248567430465e-06,250.1962967864831,1.506088399817332
CUST00314,53.0,0,3.0,Salaried,0.794275322511739,0.34317629270686323,0.5013549083960844,0,430,0.7,2022-12-12,1,0.44880133058550026,2022,12,12,0,0,1,0,0,0,0,1,0,0,Low Income,Q4,3,13.563428124843135,881.5779432358775,1.2867020997833102e-06,552.8137929396215,0.3423062124829461
CUST00315,25.0,1,1.0,Salaried,-0.5238438006063411,0.6592144600134016,-0.5394663736281842,4,227,0.2,2018-05-23,0,1.1443377703336657,2018,5,23,2,0,0,1,0,0,0,0,0,1,Low Income,Q2,2,12.923799359116506,640.2754407284415,2.439300209652974e-06,428.0026904749508,0.8607787675848659
CUST00316,39.0,1,3.0,Salaried,0.29779599298870846,-0.8644989809558719,0.40491858253990787,9,408,0.45,2018-09-29,1,0.20540884506007548,2018,9,29,5,0,1,0,0,0,0,0,0,1,Low Income,Q4,3,13.417692645379555,819.6239015548533,1.4885729548265445e-06,521.5195951312878,-0.9515916129741692
CUST00317,24.0,0,3.0,Salaried,0.0,-0.20322463537540275,-0.9791321399977302,11,316,0.82,2022-04-05,0,0.33332864451040056,2022,4,5,1,0,1,0,0,0,1,0,0,0,Low Income,Q3,1,13.304700667407849,774.6021172188983,1.666640444857001e-06,498.4754052077574,-0.4872839460581792
CUST00318,55.0,1,3.0,Salaried,-0.3307116409874007,-0.5767826096484004,0.7469615998982823,9,441,0.41,2024-10-09,1,0.18405965964708054,2024,10,9,2,0,0,0,1,0,0,0,1,0,Low Income,Q4,3,12.984851983643741,660.1221174903928,2.29482955853377e-06,438.5919355998547,-1.5234973229203779
CUST00319,37.0,1,3.0,Unemployed,-0.44650078045394676,-0.061646839642313794,0.8926571123427692,3,145,0.6,2023-09-25,1,0.5587619929568827,2023,9,25,0,1,0,0,0,0,0,1,0,0,Low Income,Q2,2,13.133525528162517,711.0635274010333,1.977799829806369e-06,465.4808028714042,0.00730980522730059
CUST00320,64.0,1,1.0,Salaried,0.13879470621815082,-0.6566930127005006,-0.7412761405820082,10,406,0.53,2023-11-13,0,0.07471822933816057,2023,11,13,0,0,0,0,1,0,0,0,0,1,Low Income,Q4,3,13.413810961410514,818.034681416381,1.4943623536410303e-06,520.7106347232959,-1.9346653193275656
CUST00321,42.32736842105263,1,0.0,Self-Employed,-0.5998715519164516,-0.4332414321123876,-0.67264848375846,6,441,0.65,2023-10-13,0,0.43107399143154407,2023,10,13,4,1,0,0,0,0,1,0,0,0,Low Income,Q4,3,12.526791409523904,524.9977047568875,3.6281364740949782e-06,365.0791342631967,-1.121159026163251
CUST00322,50.0,1,2.0,Self-Employed,-0.37790495108995226,-0.2633731300542855,0.8875936245304544,8,12,0.93,2024-09-26,0,0.4736615149050893,2024,9,26,3,1,0,0,0,0,0,0,1,0,Low Income,Q1,0,12.925221216004035,640.7307937035647,2.4358343384194773e-06,428.2463886708574,-0.5247783666826795
CUST00323,42.32736842105263,1,3.0,Salaried,0.0,-1.0,0.0,4,202,0.15,2019-04-04,0,0.10372094099209672,2019,4,4,3,1,0,0,0,0,0,1,0,0,Low Income,Q2,2,13.304700667407849,774.6021172188983,1.666640444857001e-06,498.4754052077574,-1.7533199783479319
CUST00324,26.0,1,0.0,Salaried,-0.1925656605936281,-0.8389430619380449,-0.5090117927770997,3,82,0.59,2022-10-05,0,0.09525872918606293,2022,10,5,2,0,0,1,0,0,0,1,0,0,Low Income,Q1,0,13.17093881375949,724.4903588040354,1.9051709540379793e-06,472.5016219054988,-1.9346653193275656
CUST00325,55.0,1,0.0,Salaried,0.25709212707397083,0.1370217041207915,-0.9566235888772634,8,424,0.83,2021-12-03,0,0.46820470905845557,2021,12,3,4,0,0,0,1,0,0,0,0,1,Low Income,Q4,3,13.530628481861502,867.2381103249556,1.3296052266462356e-06,545.6115082174485,0.3580848172280527
CUST00326,61.0,2,1.0,Salaried,0.9995054430896687,0.03144629126184793,0.0,4,370,0.51,2024-11-22,0,0.23868221237265436,2024,11,22,4,1,0,0,0,0,0,1,0,0,Medium Income,Q3,1,14.071311716909818,1136.4395716447048,7.742959153025574e-07,677.2164756412673,0.14268523094319402
CUST00327,42.32736842105263,1,0.0,Self-Employed,0.777695153147609,0.6283408555799905,-0.019442684478299943,8,127,0.17,2019-05-21,0,0.5686045754832647,2019,5,21,1,0,1,0,0,0,1,0,0,0,High Income,Q2,0,14.638726264214851,1509.242144256514,4.3901763044316833e-07,849.4357163406818,3.1486559909883396
CUST00328,44.0,1,1.0,Unemployed,-0.5423376108102568,-0.668885920017387,0.5083911308265677,7,163,0.58,2022-09-06,1,0.2570086336541478,2022,9,6,1,0,0,1,0,0,0,1,0,0,Low Income,Q2,2,12.872806572170113,624.1570395341224,2.5669129388609337e-06,419.3533554937974,-1.30374720461026
CUST00329,49.0,0,3.0,Salaried,0.6675221317367271,0.3680046890817693,-0.6472918603346453,3,218,0.38,2021-01-01,0,0.45757841185252157,2021,1,1,4,0,0,0,1,1,0,0,0,0,Medium Income,Q2,2,13.769006922195231,977.0159108223365,1.0476018879001238e-06,600.1615387692024,0.7304795445378366
CUST00330,51.0,1,3.0,Salaried,-0.5955077013963821,0.5736493972899027,-0.5624028330000914,10,449,0.23,2018-03-25,0,2.836725175889115,2018,3,25,6,1,0,0,0,0,1,0,0,0,Low Income,Q4,3,12.219957700441231,450.32808040360976,4.931054489236938e-06,322.8213978155977,1.2528180079027305
CUST00331,55.0,0,2.0,Unemployed,-0.9167403981400469,0.19638660757914359,0.3478783448011439,10,43,0.82,2018-02-28,0,1.3735593000137358,2018,2,28,2,0,1,0,0,0,0,0,1,0,Low Income,Q1,0,12.440250929620209,502.76531304376994,3.956103706252021e-06,352.63362216208395,0.334707672626759
CUST00332,53.0,0,2.0,Self-Employed,0.0,-1.0,0.0,6,146,0.54,2020-11-10,0,0.3170146573271536,2020,11,10,1,0,0,0,1,0,0,0,1,0,Low Income,Q2,2,13.304700667407849,774.6021172188983,1.666640444857001e-06,498.4754052077574,-0.5539257203900199
CUST00333,41.0,1,2.0,Self-Employed,-0.1787868740260001,0.11599838030741631,-0.9770259103227852,4,327,0.89,2022-01-21,0,0.6161494013206512,2022,1,21,4,0,0,0,1,0,0,0,0,1,Low Income,Q3,1,13.179271586612375,727.5151682267525,1.8893615567674175e-06,474.0796009852757,0.23251184981707296
CUST00334,52.0,1,0.0,Salaried,-0.4274611258681143,-0.41268134696189224,0.8043451322294941,9,129,0.79,2024-01-14,1,0.40787352080990075,2024,1,14,6,0,0,1,0,0,0,0,0,1,Low Income,Q2,0,13.006352615342914,667.2569370190167,2.2460159158976643e-06,442.38279036205927,-0.6143560475911215
CUST00335,43.0,0,3.0,Salaried,-0.041172951193318624,-0.9915572932915855,0.12295902655070576,3,124,0.69,2021-09-14,0,0.25607726192605734,2021,9,14,1,0,0,0,1,1,0,0,0,0,Low Income,Q1,0,13.291469527448086,769.4945873753759,1.6888385269734196e-06,495.84413028592735,-0.8397590347174821
CUST00336,53.0,0,1.0,Self-Employed,0.19624613303575136,0.5052509299112224,0.840362393906557,4,22,0.1,2022-05-16,0,0.6325647597432503,2022,5,16,0,0,0,1,0,0,0,0,1,0,Low Income,Q1,0,13.413070589503596,817.731912059203,1.495469147215299e-06,520.5564797560195,0.6730484615735511
CUST00337,23.0,1,2.0,Self-Employed,0.9962128550374084,-0.08660239767734915,-0.00774417037193753,4,78,0.46,2019-07-30,1,0.3170644551078532,2019,7,30,1,1,0,0,0,0,0,0,1,0,Medium Income,Q1,0,13.673072048777856,931.2571503081198,1.1530821748162979e-06,577.5838920428947,-0.0338214607868221
CUST00338,38.0,1,1.0,Salaried,0.0328659706256008,0.438088817585577,-0.8983306829232253,10,434,0.27,2019-11-11,1,0.8299930184321516,2019,11,11,0,0,0,1,0,0,0,0,1,0,Low Income,Q4,3,13.341977620029022,789.1749299109798,1.6056568704524085e-06,505.963614697641,1.0434790353246381
CUST00339,45.0,1,1.0,Salaried,-0.8142452261011123,-0.5623589915041203,-0.14407316351776864,8,342,0.87,2018-07-22,0,0.479559118009693,2018,7,22,6,0,1,0,0,0,0,0,1,0,Low Income,Q3,1,13.037925645746569,677.8742066194877,2.1762101752449824e-06,448.0086719857494,-0.354886583718404
CUST00340,62.0,2,2.0,Salaried,0.9615942313171052,-0.2744750157986434,0.0,11,266,0.25,2021-02-03,0,0.2794885583141371,2021,2,3,2,0,0,1,0,0,0,1,0,0,Medium Income,Q3,1,13.65729101988226,923.9379578737958,1.171423338513172e-06,573.9518003043398,-0.24271972248040322
CUST00341,51.0,1,3.0,Salaried,-0.8490292718282815,-0.5283458106001581,0.0,8,98,0.34,2018-11-14,0,0.5006129239006901,2018,11,14,2,0,1,0,0,0,1,0,0,0,Low Income,Q1,0,12.888088426299536,628.944457007135,2.5279839608518424e-06,421.9270496540757,-0.5005432841578731
CUST00342,23.0,0,2.0,Salaried,0.0,-0.951524001089179,-0.3075745037405412,5,56,0.54,2021-04-20,0,0.1639426605399084,2021,4,20,1,0,0,1,0,0,1,0,0,0,Low Income,Q1,0,13.304700667407849,774.6021172188983,1.666640444857001e-06,498.4754052077574,-1.3219639211322392
CUST00343,60.0,1,1.0,Unemployed,0.8193452362761771,0.5672545830047291,-0.08303988109135671,3,269,0.32,2022-06-27,1,0.49539870148165976,2022,6,27,0,0,0,0,1,1,0,0,0,0,Medium Income,Q3,1,13.71180422894058,949.4677456343633,1.109274645309432e-06,586.5956248679836,0.770625368130357
CUST00344,44.0,1,2.0,Salaried,0.32667067374309255,0.6206223002163123,-0.7128213179966265,1,237,0.28,2022-12-02,0,0.7831245994822755,2022,12,2,4,1,0,0,0,0,0,1,0,0,Medium Income,Q2,2,13.693867430480282,940.9906003781334,1.1293509955245965e-06,582.4050351045669,1.6392737470627736
CUST00345,52.0,1,1.0,Self-Employed,-0.4030446657205821,-0.1676390422658093,0.8996955868194454,2,456,0.61,2019-02-10,0,0.5752288857584019,2019,2,10,6,0,1,0,0,0,0,0,1,0,Low Income,Q4,3,12.904024266262017,633.975867048581,2.488017706724415e-06,424.6276099437449,-0.2875331056937657
CUST00346,42.0,1,1.0,Salaried,-0.3517453356512612,-0.5462119713082085,-0.7602155623552983,1,189,0.18,2024-12-17,1,0.3548615664753776,2024,12,17,1,0,0,1,0,0,0,0,1,0,Low Income,Q2,2,13.12281585502089,707.2660673325138,1.999095249471994e-06,463.49024201695863,-0.6436599240644626
CUST00347,43.0,1,2.0,Self-Employed,-0.714237752290089,-0.5319081964857054,0.4549044995544951,4,19,0.15,2019-11-10,0,0.44729243299808064,2019,11,10,6,0,0,1,0,0,0,0,0,1,Low Income,Q1,0,12.823334802839053,608.9073082169404,2.697096314199422e-06,411.1281192445025,-0.7297014842378501
CUST00348,22.0,1,0.0,Unemployed,0.4661498806701075,-0.8835920645792118,-0.044377383472787864,5,293,0.42,2021-06-24,1,0.26061240122492857,2021,6,24,3,0,0,1,0,0,0,0,0,1,Low Income,Q3,1,13.432281951111955,825.6246423163495,1.4670133610442375e-06,524.5712726116758,-0.6426688986482508
CUST00349,47.0,1,2.0,Salaried,0.631180933192923,0.6004802042270957,0.49095229290135345,10,386,0.71,2023-03-05,0,0.5778837758682298,2023,3,5,6,0,0,0,1,1,0,0,0,0,Medium Income,Q4,3,13.847990642500733,1016.3721365720334,9.680417286390847e-07,619.4078954304036,1.3272262804597097
CUST00350,62.0,0,0.0,Salaried,0.6533744624142148,-0.6105307355162202,0.4476092412528576,4,135,0.57,2022-03-28,0,0.22001935104327858,2022,3,28,0,0,0,0,1,0,0,0,1,0,Low Income,Q2,2,13.561548778539596,880.7499361339744,1.2891225323213635e-06,552.3985739719377,-0.6936310339655534
CUST00351,22.0,1,1.0,Salaried,0.8808008327176792,-0.4482976927326451,-0.15237805542278707,1,143,0.46,2022-07-02,0,0.22662116484399053,2022,7,2,5,0,1,0,0,1,0,0,0,0,Medium Income,Q2,2,13.66344522229469,926.7853904761339,1.1642363001054704e-06,575.3655114118616,-0.5234356156284161
CUST00352,46.0,1,1.0,Salaried,0.4940448319829459,-0.7019192693689206,-0.5130585183773322,11,164,0.58,2021-09-21,0,0.09533255277886303,2021,9,21,1,0,1,0,0,0,0,1,0,0,Low Income,Q2,2,13.59851442251039,897.1800711117028,1.2423393010509644e-06,560.6229862524086,-1.5651576885048872
CUST00353,37.0,2,0.0,Self-Employed,-0.0001627916445832121,0.34931327708841114,0.9370059807432582,4,257,0.41,2021-12-16,0,0.5881238336816758,2021,12,16,3,0,0,0,1,0,1,0,0,0,Low Income,Q2,1,13.304636949713712,774.577439640479,1.6667466427264068e-06,498.46270044672184,0.3614714062471723
CUST00354,42.32736842105263,0,1.0,Unemployed,0.5022392386982145,-0.010679640357637918,-0.8646627622337332,8,149,0.9,2020-04-14,0,0.3306006805352623,2020,4,14,1,0,1,0,0,0,0,0,1,0,Medium Income,Q2,2,13.677209075098757,933.1854638816445,1.1483216974087122e-06,578.5398317995571,0.03623285558257435
CUST00355,53.0,0,0.0,Salaried,0.5014854158483596,-0.7163467824751321,0.48513880995950404,3,327,0.15,2024-02-20,0,0.12121703516928625,2024,2,20,1,1,0,0,0,0,0,1,0,0,Low Income,Q3,1,13.575041075807635,886.7117006107453,1.271846119236286e-06,555.3864352356223,-1.3541826146543152
CUST00356,29.0,2,0.0,Salaried,0.7293618690644759,-0.41875242081870934,-0.5409969260663549,11,445,0.67,2024-06-13,1,0.14511539441687954,2024,6,13,3,1,0,0,0,0,0,0,1,0,Medium Income,Q4,3,13.774545251091961,979.7251808543047,1.0418159610643371e-06,601.4914553510316,-0.9406394875989337
CUST00357,63.0,1,1.0,Salaried,-0.2869831670205793,0.9579356251057992,0.0,9,185,0.86,2022-07-27,0,1.187204414083027,2022,7,27,2,0,0,0,1,0,0,0,0,1,Low Income,Q2,2,13.092138699116528,696.5003661161995,2.061372161449306e-06,457.83514749274025,1.2550846773293265
CUST00358,59.0,1,3.0,Self-Employed,-0.9904047365571025,0.04228661083338432,0.1315686146065331,1,332,0.78,2023-04-15,0,1.8485739800591148,2023,4,15,5,0,1,0,0,1,0,0,0,0,Low Income,Q3,1,12.016563862391425,406.7826077894678,6.043278698669373e-06,297.5229593744493,0.13052507163449673
CUST00359,42.32736842105263,0,0.0,Salaried,0.8182053757420444,0.11063726009127162,0.5641802546937603,2,183,0.26,2024-12-28,0,0.36955608749551194,2024,12,28,5,0,0,1,0,0,0,0,0,1,Medium Income,Q2,2,13.66621411888994,928.0693670195133,1.161017109038373e-06,576.002698138381,0.19360755895706272
CUST00360,62.0,0,2.0,Salaried,0.866433186933317,0.35970598049735286,0.3462732160809058,2,490,0.35,2018-10-08,1,0.4640646245871545,2018,10,8,0,1,0,0,0,0,1,0,0,0,Low Income,Q4,3,13.440734748767756,829.1214506934433,1.4546652554862046e-06,526.3474873903057,0.19718984645620038
CUST00361,46.0,1,2.0,Salaried,-0.1314562667525705,0.6213533287455258,-0.7724242945352842,8,83,0.71,2022-12-19,0,1.0476134011074425,2022,12,19,0,0,0,0,1,0,0,0,0,1,Low Income,Q1,0,13.173036472508057,725.250625646059,1.9011787441296116e-06,472.8983632697269,1.1675415871497696
CUST00362,55.0,0,1.0,Salaried,-0.18556592006766445,-0.7530450890675726,-0.6312593628142498,3,360,0.17,2020-07-21,0,0.20716541429412227,2020,7,21,1,0,1,0,0,0,0,0,1,0,Low Income,Q3,1,13.19925552727862,734.8209305674411,1.8519794326572126e-06,477.8853578004308,-1.1868322127352282
CUST00363,45.0,1,3.0,Salaried,0.9511394330686677,-0.12783229200251883,0.2810563715399394,0,152,0.79,2019-08-31,0,0.18459195616646018,2019,8,31,5,0,0,0,1,0,0,0,0,1,Medium Income,Q2,2,14.029550864186845,1112.956234539346,8.073158445147788e-07,666.0121612342399,-0.30320612819245646
CUST00364,44.0,1,1.0,Self-Employed,-0.9263356977212321,-0.17601803558562762,0.33304628248322304,0,464,0.71,2019-04-28,0,0.6134610034412457,2019,4,28,6,0,0,1,0,0,0,0,1,0,Low Income,Q4,3,12.99328454881648,662.9112610297097,2.2755596204129895e-06,440.0748466800271,-0.06360582731872584
CUST00365,33.0,1,3.0,Salaried,-0.4241051300132636,-0.6506307865918061,0.629932074302746,6,301,0.72,2021-05-31,0,0.1293078355867422,2021,5,31,0,1,0,0,0,0,1,0,0,0,Low Income,Q3,1,12.865340265551941,621.8313034899417,2.586150023545603e-06,418.10159799528583,-1.9346653193275656
CUST00366,27.0,1,0.0,Salaried,0.0,-0.8748614258052465,0.48437329162332127,6,407,0.19,2022-11-08,0,0.22515438282834824,2022,11,8,1,0,0,0,1,0,0,0,0,1,Low Income,Q4,3,13.304700667407849,774.6021172188983,1.666640444857001e-06,498.4754052077574,-0.9762121937929265
CUST00367,56.0,1,0.0,Self-Employed,0.6415442138561043,0.5765639702133107,-0.5059594943467488,1,121,0.71,2023-12-05,0,0.5456251518227578,2023,12,5,1,0,0,0,1,1,0,0,0,0,Medium Income,Q1,0,13.704717222340337,946.1092537334152,1.1171640049936338e-06,584.9363055565478,0.9358053957739916
CUST00368,42.32736842105263,1,0.0,Self-Employed,0.9019809296701272,0.30964050324493164,-0.30092052316457,8,215,0.68,2018-07-11,1,0.3734937100317587,2018,7,11,2,0,0,0,1,1,0,0,0,0,Medium Income,Q2,2,13.97217365046657,1081.4806979322377,8.549920635361702e-07,650.9185956202818,0.7306952115436358
CUST00369,21.0,0,0.0,Salaried,0.5617865826360382,0.8155335827789159,0.13892735846443935,8,140,0.81,2023-07-11,1,0.6131712060963765,2023,7,11,1,0,0,1,0,1,0,0,0,0,Low Income,Q2,2,13.546770925960558,874.2661150931106,1.30831445348356e-06,549.1443853361964,0.8589957601485726
CUST00370,28.0,1,2.0,Salaried,-0.47252755933262197,-0.19744475008075743,-0.8589140098616989,4,378,0.14,2018-11-03,0,0.6868458363752892,2018,11,3,5,0,0,0,1,0,0,0,0,1,Low Income,Q3,1,12.551075570711326,531.41114967603,3.5410914089900024e-06,368.649187920031,-0.528132599723987
CUST00371,36.0,1,2.0,Salaried,0.7333874256071471,-0.15285903786792376,0.6624024445179939,2,119,0.12,2019-06-16,0,0.1978325989110785,2019,6,16,6,0,0,1,0,0,0,0,0,1,Medium Income,Q1,0,13.90417787729094,1045.3306032064688,9.151499756474015e-07,633.4723168934067,-0.38147854701704287
CUST00372,34.0,0,1.0,Salaried,-0.013859381275199732,-0.9303290732690255,0.3664638221994973,2,379,0.42,2018-05-02,0,0.08401485765791143,2018,5,2,2,0,0,1,0,0,0,0,0,1,Low Income,Q4,1,13.296541583605821,771.4485271228405,1.6802943297644499e-06,496.85117196017626,-1.9346653193275656
CUST00373,32.0,2,3.0,Salaried,-0.45929075309114203,0.5204183114501001,0.7198727562787733,11,76,0.23,2019-08-15,0,1.1975959708800903,2019,8,15,3,0,0,1,0,0,0,0,1,0,Low Income,Q1,0,12.875371809228339,624.9581105962222,2.560336637157592e-06,419.78428746448157,0.8553502422150754
CUST00374,42.32736842105263,0,0.0,Salaried,-0.49156558972939884,0.5052721416775879,-0.7092695776913963,2,391,0.57,2022-01-15,1,1.506571445040039,2022,1,15,5,1,0,0,0,0,1,0,0,0,Low Income,Q4,3,12.707311129181255,574.5884527207278,3.0288997318787665e-06,392.46147401346195,0.9701867266357301
CUST00375,35.0,0,0.0,Salaried,0.43550389686445634,0.5713377043648648,0.6956360998301909,5,95,0.88,2018-02-28,0,0.6119350817984892,2018,2,28,2,1,0,0,0,1,0,0,0,0,Low Income,Q1,0,13.60365700904938,899.489955474768,1.235966863135135e-06,561.7767677007009,0.961465386198058
CUST00376,48.0,0,3.0,Self-Employed,0.0928552146664107,0.6234428930430911,0.7763355384260827,3,284,0.43,2024-06-06,0,0.8924206013469459,2024,6,6,3,0,0,0,1,0,0,0,1,0,Low Income,Q3,1,13.399553122399315,812.2237068689882,1.5158213474181433e-06,517.7499399396717,1.2992079885571999
CUST00377,42.32736842105263,1,3.0,Salaried,0.24381822907571582,0.32019986536426454,-0.9154368997320835,7,236,0.82,2022-04-23,1,0.5478604419807258,2022,4,23,5,0,0,0,1,1,0,0,0,0,Low Income,Q2,2,13.439026182134782,828.413447500703,1.4571527724429796e-06,525.9879785303366,0.4681514419582122
CUST00378,22.0,1,1.0,Self-Employed,0.5874266016022535,0.711124281155855,0.3863058949596752,10,469,0.1,2021-02-14,0,0.629581705060377,2021,2,14,6,1,0,0,0,0,0,0,1,0,Medium Income,Q4,3,13.733895626661306,960.0134269894354,1.0850379152393988e-06,591.7981395276341,1.2700021613447414
CUST00379,42.32736842105263,1,3.0,Salaried,-0.979717499511431,-0.18648695675284632,0.07332282122321329,10,447,0.24,2022-12-16,0,0.6606761079638869,2022,12,16,4,0,1,0,0,0,0,0,0,1,Low Income,Q4,3,12.89787479694383,632.0295483598849,2.503364835259193e-06,423.5834627663725,-0.09538123855553186
CUST00380,43.0,1,0.0,Unemployed,0.5623960286920001,-0.5389330496034274,-0.6271059519384398,10,334,0.13,2022-12-11,0,0.05310456396978962,2022,12,11,6,1,0,0,0,1,0,0,0,0,Medium Income,Q3,1,13.755271750461924,970.3291503402338,1.0620901513591046e-06,596.8759402102249,-1.9346653193275656
CUST00381,42.0,1,0.0,Self-Employed,-0.4453904547626146,0.7548656676861235,0.4814614902098966,4,19,0.38,2019-02-03,0,0.9675034384055982,2019,2,3,6,0,0,1,0,0,0,0,0,1,Low Income,Q1,0,13.060938234005976,685.7190897153148,2.1267017894302795e-06,452.15397215315056,0.804299975343711
CUST00382,45.0,0,0.0,Self-Employed,0.8046431512843608,-0.4867803762396925,0.3399915651881919,0,498,0.87,2024-12-20,0,0.04382113879851412,2024,12,20,4,1,0,0,0,1,0,0,0,0,Medium Income,Q4,3,13.947418117885812,1068.176876739054,8.764220078540733e-07,644.5121271768771,-1.9346653193275656
CUST00383,42.0,1,0.0,Self-Employed,0.7106205159104027,0.24688884551787296,-0.6588356246637586,8,426,0.18,2020-07-30,0,0.4410338745719451,2020,7,30,3,0,0,1,0,0,0,1,0,0,Low Income,Q4,3,13.527409397707466,865.8433749818728,1.3338922341794546e-06,544.9097014665455,0.25476866118964636
CUST00384,42.0,1,0.0,Unemployed,-0.6875205520569571,0.7261649196286591,0.0,0,406,0.62,2019-06-12,0,1.2757685245327512,2019,6,12,2,0,0,0,1,0,0,0,1,0,Low Income,Q4,3,12.82109981260492,608.2272354967344,2.703131039386052e-06,410.76033693172263,0.871927544261294
CUST00385,62.0,1,1.0,Salaried,-0.7643883879396519,0.1367915824645882,-0.6300781343213349,5,393,0.48,2024-09-11,0,3.5836658000000003,2024,9,11,2,0,1,0,0,0,0,1,0,0,Low Income,Q4,3,11.51293546492023,316.22776601683796,9.99990000099999e-06,243.026193207401,0.38727781750737406
CUST00386,26.0,0,0.0,Salaried,0.2870186760555444,0.801672999494905,-0.5243478630414782,0,364,0.9,2022-11-10,0,0.8851360651427185,2022,11,10,3,0,0,0,1,0,0,0,1,0,Low Income,Q3,1,13.595153346198135,895.6735900985359,1.246521923366375e-06,559.8701763088803,1.6903560500699721
CUST00387,35.0,1,1.0,Salaried,0.9968299421332565,-0.07400158312896686,0.02922040658538534,2,444,0.2,2021-11-22,0,0.08780356463594655,2021,11,22,0,0,0,1,0,0,1,0,0,0,High Income,Q4,3,14.638726264214851,1509.242144256514,4.3901763044316833e-07,849.4357163406818,-0.4872839460581792
CUST00388,63.0,0,0.0,Self-Employed,-0.8626749898047403,-0.21204327836970713,0.4591617471693587,9,297,0.28,2022-07-28,0,0.5080747116716697,2022,7,28,3,0,0,1,0,1,0,0,0,0,Low Income,Q3,1,13.237671495198729,749.0718123117435,1.7821830808876942e-06,485.28689544996627,0.021155682414923247
CUST00389,57.0,1,2.0,Self-Employed,0.7519815329654771,0.0582716238857169,-0.6566035271978157,4,468,0.13,2022-03-31,0,0.38297310716076954,2022,3,31,3,0,0,1,0,0,1,0,0,0,Low Income,Q4,3,13.581748327501924,889.690395587139,1.2633440717579432e-06,556.8777333742551,0.11636186570676871
CUST00390,53.0,1,2.0,Salaried,0.5465600246997918,-0.6845907322023393,0.48229417245372935,9,121,0.47,2019-03-12,0,0.0680990550988381,2019,3,12,1,0,1,0,0,0,1,0,0,0,Medium Income,Q1,0,13.656051014357505,923.3652906623684,1.1728768108954063e-06,573.6673716356827,-1.8124416474546938
CUST00391,28.0,1,2.0,Salaried,0.7026777498406269,-0.6203453892788399,0.348447381794437,6,495,0.34,2020-04-19,0,0.10191554051245973,2020,4,19,6,1,0,0,0,0,0,0,1,0,Medium Income,Q4,3,13.71671576293419,951.8022851411946,1.1038397629111143e-06,587.7483378365735,-1.3861900405145462
CUST00392,64.0,0,2.0,Salaried,-0.6938738467352257,-0.46066309215878243,0.5534696020013833,9,33,0.84,2018-12-26,0,0.48280064423981395,2018,12,26,2,0,0,0,1,0,0,1,0,0,Low Income,Q1,0,12.632289832023934,553.434431527349,3.2648725473746883e-06,380.84241831888755,-0.8698779069503898
CUST00393,64.0,1,1.0,Unemployed,0.8106924756202656,-0.5842951223358245,-0.037106872506974906,7,300,0.61,2021-02-26,0,0.10670809983283493,2021,2,26,4,0,0,0,1,0,0,0,0,1,Medium Income,Q3,1,13.771009606456412,977.9947290246507,1.0455059715171345e-06,600.6421041697439,-1.283854808883805
CUST00394,25.0,0,1.0,Salaried,-0.6494260371779238,-0.07032081432912413,0.757166299637977,11,348,0.62,2020-05-13,0,0.6162942177122168,2020,5,13,2,1,0,0,0,0,0,0,1,0,Low Income,Q3,1,13.028579306503199,674.7137689420604,2.19664512101944e-06,446.3359098633828,-0.003283201183759831
CUST00395,59.0,1,3.0,Salaried,-0.9477921054802724,-0.25796252043572115,-0.18747123203233715,8,335,0.55,2022-07-09,0,1.9146632000000001,2022,7,9,5,0,0,0,1,0,0,0,0,1,Low Income,Q3,1,11.51293546492023,316.22776601683796,9.99990000099999e-06,243.026193207401,-0.5452649308873961
CUST00396,24.0,1,0.0,Salaried,-0.5025698769504424,0.15000142614689477,0.8514241545410343,5,177,0.18,2022-09-29,0,1.169729248749574,2022,9,29,3,0,1,0,0,0,1,0,0,0,Low Income,Q2,2,12.62934790708009,552.6209460380596,3.274491699834812e-06,380.3938136143043,0.3819444130167422
CUST00397,26.0,0,2.0,Salaried,0.20808592063543688,0.6436964674200604,-0.7364476271020484,10,447,0.48,2021-05-30,0,0.636964837632495,2021,5,30,6,0,0,0,1,0,0,0,0,1,Low Income,Q4,3,13.391637971986215,809.0156178962184,1.527866909713623e-06,516.1135665452697,0.647333689852701
CUST00398,52.0,0,1.0,Self-Employed,-0.42460632437492113,0.2639592331572785,0.8660456064964712,8,118,0.95,2024-03-11,0,1.1391057281632206,2024,3,11,0,0,0,1,0,0,0,1,0,0,Low Income,Q1,0,12.780710576804438,596.0674794014517,2.814543217648852e-06,404.17008930424896,0.5951998591124008
CUST00399,50.0,0,0.0,Self-Employed,-0.2322105121414098,-0.9404192513261489,0.2483745353014068,7,437,0.81,2020-07-04,0,0.39131770147550243,2020,7,4,5,1,0,0,0,0,0,0,1,0,Low Income,Q4,3,13.267311638850718,760.2557990571331,1.7301340985416562e-06,491.07545470006573,-0.3184993692356204
CUST00400,55.0,0,0.0,Self-Employed,0.23648839030784746,0.2231934621769177,-0.9456521134598516,8,199,0.86,2022-12-04,1,0.513036124411727,2022,12,4,6,0,1,0,0,0,0,1,0,0,Low Income,Q2,2,13.43653759353824,827.3832969065788,1.4607835420880663e-06,525.4647781440827,0.3536889412391898
CUST00401,60.0,0,1.0,Salaried,-0.10033146829478906,0.5804987356065157,0.8080561950935395,9,499,0.8,2023-12-23,0,0.8768051918526093,2023,12,23,5,1,0,0,0,0,0,1,0,0,Low Income,Q4,3,13.226100946797038,744.7507301104175,1.8029236751192836e-06,483.0456966951809,0.9278065273129492
CUST00402,36.0,0,2.0,Salaried,-0.6954898851834137,0.6695636901532928,0.26072645518985477,3,364,0.19,2019-01-21,1,0.7980531197174073,2019,1,21,0,0,1,0,0,0,0,0,1,0,Low Income,Q3,1,13.074039186652419,690.2256297762349,2.0990216837755825e-06,454.5308861180329,0.48718558751487523
CUST00403,33.0,0,3.0,Salaried,-0.5162315817028359,0.7641276273492519,0.3867995904524604,8,205,0.29,2021-08-19,0,2.208696825814359,2021,8,19,3,0,0,1,0,0,0,1,0,0,Low Income,Q2,2,12.56837614936435,536.0279656883584,3.4803553776954746e-06,371.2137036420893,1.4525235487662171
CUST00404,62.0,0,0.0,Self-Employed,0.01328288930512872,0.6051140622073914,0.7960279747412002,6,42,0.1,2022-12-11,0,0.7874538129249737,2022,12,11,6,1,0,0,0,1,0,0,0,0,Low Income,Q1,0,13.313788289307023,778.1297770937698,1.6515632582997867e-06,500.2907028206804,0.8908481957403714
CUST00405,50.0,0,3.0,Salaried,-0.7505347733373771,0.6434025843609029,0.15076693420350235,4,214,0.36,2022-05-05,0,6.0931327,2022,5,5,3,0,0,0,1,1,0,0,0,0,Low Income,Q2,2,11.51293546492023,316.22776601683796,9.99990000099999e-06,243.026193207401,1.368857546325744
CUST00406,39.0,1,2.0,Salaried,-0.43562660246184726,-0.831288642170924,-0.34523710204027763,4,321,0.19,2021-04-27,0,0.11668598091918168,2021,4,27,1,0,1,0,0,1,0,0,0,0,Low Income,Q3,1,12.968049494260134,654.5994882368913,2.3337141721490862e-06,435.65192624313585,-1.9346653193275656
CUST00407,37.0,0,2.0,Salaried,-0.6547174394383026,0.09629284211329392,0.749715121264802,0,429,0.5,2022-03-30,0,0.862378145248644,2022,3,30,2,1,0,0,0,0,0,0,0,1,Low Income,Q4,3,12.815987580995733,606.6745173484708,2.7169854546455386e-06,409.92031463795365,0.18907856107326276
CUST00408,39.0,1,3.0,Unemployed,-0.6507306712113872,-0.7415667135769404,0.1631821156238444,1,191,0.68,2019-01-24,0,0.44744896652871197,2019,1,24,3,0,0,0,1,0,0,1,0,0,Low Income,Q2,2,13.199614728248367,734.9529168593047,1.8513143193108799e-06,477.95404161464205,-0.22415602564294845
CUST00409,48.0,0,2.0,Salaried,-0.9374508270593283,-0.34811771981009737,0.0,9,156,0.84,2019-12-05,1,0.50762780779653,2019,12,5,3,1,0,0,0,0,0,0,1,0,Low Income,Q2,2,13.211597956248289,739.3696977831862,1.8292619906522882e-06,480.2510248567175,-0.01993781794460785
CUST00410,46.0,0,0.0,Self-Employed,0.3889135965389693,-0.30018106655790294,-0.8709980147550761,2,436,0.74,2022-10-05,1,0.1846539283357665,2022,10,5,2,1,0,0,0,0,0,0,1,0,Medium Income,Q4,3,13.641145468370071,916.5092307227462,1.1904901220451187e-06,570.2593456589532,-0.8122497129674111
CUST00411,57.0,1,3.0,Salaried,0.9209287348981865,0.24887878000143115,0.2999160184181983,7,277,0.9,2020-05-13,0,0.37285603898310676,2020,5,13,2,1,0,0,0,0,0,0,0,1,Medium Income,Q3,1,13.811372327286662,997.9325227689495,1.0041468049775798e-06,610.4096739393523,0.44697109252713224
CUST00412,46.0,0,2.0,Salaried,-0.6143559951866486,-0.7195033180646129,-0.32385442172716267,5,20,0.15,2020-11-25,1,0.15597933198981057,2020,11,25,2,0,1,0,0,0,0,0,1,0,Low Income,Q1,0,12.67781317174667,566.17602386537,3.1195769080057673e-06,387.851495551871,-1.9346653193275656
CUST00413,43.0,1,3.0,Salaried,0.740182863425999,0.1615583488313656,0.6527083794569912,11,79,0.11,2018-03-20,1,0.339296914348187,2018,3,20,1,0,0,0,1,1,0,0,0,0,Medium Income,Q1,0,13.909191374713632,1047.954273811601,9.105733556256261e-07,634.7426139270877,0.4529042258852972
CUST00414,29.0,1,0.0,Salaried,-0.6167857624811579,-0.5607753807206286,0.5523642779707707,9,265,0.66,2021-07-22,1,0.3975850994172658,2021,7,22,3,0,0,1,0,0,0,1,0,0,Low Income,Q3,1,12.91207953445853,636.5344452580708,2.4680565609458187e-06,425.99922359430934,-0.7658039737016268
CUST00415,32.0,1,2.0,Salaried,0.3031043702136013,-0.7811360075361576,0.5458518832869296,10,405,0.35,2021-07-25,0,0.326419145565364,2021,7,25,6,0,1,0,0,0,0,0,1,0,Low Income,Q4,3,13.374106358287893,801.9549239202911,1.5548890609978315e-06,512.5073931439922,-0.42172068718767675
CUST00416,21.0,1,0.0,Salaried,0.0,0.6413024517454651,0.7672881892647999,4,228,0.32,2019-11-05,0,0.6315416496474617,2019,11,5,1,0,1,0,0,0,0,0,1,0,Low Income,Q2,2,13.304700667407849,774.6021172188983,1.666640444857001e-06,498.4754052077574,0.48146816434193573
CUST00417,21.0,0,2.0,Salaried,0.9291769231507064,0.045248238087677695,-0.3668553426544953,0,306,0.38,2024-06-17,0,0.2594072642078262,2024,6,17,0,0,1,0,0,0,1,0,0,0,Medium Income,Q3,1,14.007078146495875,1100.5206449676443,8.256638178154952e-07,660.059425419706,0.17283044076378842
CUST00418,54.0,0,1.0,Unemployed,-0.258429118743613,0.5089053406933534,0.8211149400657508,11,418,0.33,2018-07-23,0,1.0544245022203804,2018,7,23,0,0,0,1,0,0,1,0,0,0,Low Income,Q4,3,13.048567030536557,681.4905868755635,2.1531750654920495e-06,449.9208058625877,0.9408145381507106
CUST00419,52.0,1,2.0,Salaried,-0.6342148329258638,-0.3180399238741727,0.7047142346504215,10,371,0.53,2020-09-11,1,0.8320721013423686,2020,9,11,4,0,0,0,1,0,1,0,0,0,Low Income,Q3,1,11.923819145016074,388.3497135315024,6.630574240882132e-06,286.64975113533814,-1.060315898558376
CUST00420,42.32736842105263,1,3.0,Self-Employed,0.9554948202829038,-0.023175910638956507,0.29409611622494514,11,268,0.47,2023-05-30,0,0.2935168473590653,2023,5,30,1,0,0,0,1,0,0,1,0,0,Medium Income,Q3,1,13.787723930592817,986.2022459921697,1.02817627633973e-06,604.6678581853282,0.02323980521008164
CUST00421,60.0,1,2.0,Salaried,-0.39866428055436837,0.43398227300719205,0.807914709685112,8,12,0.54,2018-01-17,0,1.1744450323460645,2018,1,17,2,0,0,0,1,1,0,0,0,0,Low Income,Q1,0,12.878143293220681,625.8247438380812,2.553250529205854e-06,420.2503613942482,0.8245135021918046
CUST00422,21.0,1,0.0,Self-Employed,-0.48443364881163803,0.5276249941040732,-0.6978079287996944,2,93,0.67,2019-04-21,1,0.7162753308777611,2019,4,21,6,1,0,0,0,1,0,0,0,0,Low Income,Q1,0,13.141388938156608,713.8647280822887,1.9623085657614245e-06,466.94775243106,0.41809466580121557
CUST00423,36.0,2,0.0,Salaried,-0.7834449364345115,0.31997495766829287,-0.5327570347168572,2,165,0.43,2020-10-13,0,1.1748313176531295,2020,10,13,1,1,0,0,0,1,0,0,0,0,Low Income,Q2,2,12.677835944398801,566.1824705870008,3.1195058677749396e-06,387.8550336566919,0.470988401517959
CUST00424,59.0,1,2.0,Salaried,-0.30366533162563725,0.9485762991513874,0.08938887546529119,1,160,0.31,2018-07-29,1,0.9786873658279016,2018,7,29,6,1,0,0,0,0,0,1,0,0,Low Income,Q2,2,13.142803174213913,714.3696942060183,1.959535359678398e-06,467.21207108339553,0.977968405050341
CUST00425,25.0,1,3.0,Salaried,-0.8067696838298803,-0.33879177152359824,0.4840896743382747,3,185,0.24,2019-05-14,0,0.5818802934439032,2019,5,14,1,0,0,1,0,0,0,1,0,0,Low Income,Q2,2,12.873653576990481,624.4214282037412,2.5647396717420472e-06,419.49559445701607,-0.314163114076969
CUST00426,42.0,1,1.0,Salaried,0.7196635432612112,-0.5935197394069782,-0.36030362673027794,11,204,0.4,2019-03-05,0,0.24570000316599522,2019,3,5,1,1,0,0,0,0,1,0,0,0,Low Income,Q2,2,13.552991166465207,876.9894241095499,1.300201680783715e-06,550.511794442972,-0.5625262020720022
CUST00427,49.0,1,3.0,Salaried,0.09400063019980351,0.7016368675188446,0.7063070066623884,1,435,0.73,2021-08-22,0,0.6508612710416904,2021,8,22,6,0,0,1,0,0,0,0,1,0,Low Income,Q4,3,13.33779552814936,787.526450349447,1.6123859359894714e-06,505.1179709740666,0.5906269740087606
CUST00428,23.0,0,1.0,Self-Employed,-0.8662948209331723,-0.1310404994424295,0.48203907593704626,8,481,0.74,2023-10-07,0,0.6355115618486048,2023,10,7,5,0,0,0,1,0,0,0,0,1,Low Income,Q4,3,12.970929161312975,655.5426835836092,2.327003519197232e-06,436.15439990509657,-0.04411582984991359
CUST00429,32.0,1,0.0,Self-Employed,0.5558187057460412,0.6331491060197753,-0.5386907980364569,11,116,0.67,2022-04-03,0,0.5913021997448926,2022,4,3,6,1,0,0,0,0,0,0,0,1,Medium Income,Q1,0,13.651777939302509,921.3945897388371,1.1778993246855813e-06,572.688301392073,0.9876148805109546
CUST00430,46.0,0,3.0,Self-Employed,0.334410559281567,0.5275364605298617,0.7809448512235772,9,433,0.3,2021-05-16,1,0.5522556193251249,2021,5,16,6,1,0,0,0,0,0,0,1,0,Low Income,Q4,3,13.405661137790599,814.7080397295708,1.5065909058346185e-06,519.01623593599,0.42519693569427486
CUST00431,36.0,1,1.0,Self-Employed,0.13784221384967082,0.9251711976493452,0.35363509316963737,6,143,0.6,2022-03-15,1,1.084841784779238,2022,3,15,1,0,1,0,0,0,1,0,0,0,Low Income,Q2,2,13.447977881608068,832.1296173073039,1.4441669878734742e-06,527.8742725025027,1.8133059134972143
CUST00432,57.0,2,2.0,Salaried,0.9030091181589499,0.36492941330321,0.2267180094919028,7,285,0.59,2023-02-11,0,0.4348691255940305,2023,2,11,5,0,0,1,0,0,0,0,1,0,Medium Income,Q3,1,13.62909281926025,911.0026509291836,1.204925499275641e-06,567.5183556754616,0.39910307117232796
CUST00433,42.32736842105263,1,0.0,Salaried,0.12234589522153957,-0.5533817225820798,0.823893288620881,2,404,0.51,2023-02-20,0,0.21279858992251474,2023,2,20,0,0,0,0,1,0,0,0,1,0,Low Income,Q4,3,13.378892140713827,803.8762155954112,1.5474654782503187e-06,513.4893113112688,-0.9556180423119218
CUST00434,49.0,1,2.0,Salaried,0.6717341211971731,0.46554826935572374,-0.5762274544998285,5,361,0.57,2020-06-17,1,0.49641816982030873,2020,6,17,2,0,1,0,0,0,0,0,0,1,Medium Income,Q3,1,13.7617765189604,973.4901745780488,1.0552039217455707e-06,598.4297109759174,0.8659879212646636
CUST00435,34.0,0,0.0,Salaried,0.08718376165264202,-0.9213045300924869,0.37894188807145246,9,389,0.52,2021-01-11,0,0.07924189469525596,2021,1,11,0,0,1,0,0,0,1,0,0,0,Low Income,Q4,3,13.355030015840853,794.3420925520692,1.58483538219795e-06,508.61195638300114,-1.9346653193275656
CUST00436,48.0,1,3.0,Salaried,-0.42724373301525115,0.6645807815602528,-0.6130213514878226,5,164,0.58,2020-12-03,0,1.2932283184835298,2020,12,3,3,0,0,0,1,0,0,1,0,0,Low Income,Q2,2,12.904390584646736,634.0919964800061,2.4871064670090553e-06,424.68988954317996,1.054791207577995
CUST00437,25.0,1,3.0,Salaried,-0.17705059133592804,0.30728245119320763,-0.9350029857151752,0,286,0.71,2022-02-15,1,0.6517411439866312,2022,2,15,1,0,1,0,0,0,0,0,0,1,Low Income,Q3,1,13.215721052310942,740.895518949872,1.8217352950483394e-06,481.0438895452743,0.38443851647825455
CUST00438,50.0,0,0.0,Salaried,0.8009631068072338,-0.11731946583060716,-0.5871066721396756,5,245,0.19,2022-07-26,1,0.3375603478055122,2022,7,26,1,0,0,1,0,0,0,1,0,0,Low Income,Q2,2,13.593592293179837,894.9747650073716,1.2484693297840849e-06,559.5208758078685,-0.05919764528077823
CUST00439,25.0,1,0.0,Salaried,-0.5402556986435597,0.5503529880439616,-0.6365809992720817,2,249,0.74,2019-05-08,0,1.0738601704908335,2019,5,8,2,0,0,1,0,0,1,0,0,0,Low Income,Q2,2,12.917346392718269,638.2129268512194,2.4550918285361905e-06,426.89842023533794,0.7330087665273575
CUST00440,32.0,1,0.0,Self-Employed,-0.5141149891435952,0.6304282183689363,-0.5815892359922507,10,379,0.22,2024-12-21,0,0.800200356870367,2024,12,21,5,1,0,0,0,0,0,0,1,0,Low Income,Q4,1,13.102011271172245,699.9469979934195,2.0411212450513015e-06,459.6475499531579,0.5398583438656003
CUST00441,36.0,0,3.0,Self-Employed,-0.16360563603560258,0.9865258211812734,0.0,2,22,0.16,2019-08-28,0,0.9906181275896894,2019,8,28,2,0,1,0,0,1,0,0,0,0,Low Income,Q1,0,13.20776804098766,737.955188341406,1.8362813422467409e-06,479.5157030494371,1.1260390639333353
CUST00442,46.0,1,1.0,Salaried,-0.5805011568725247,0.6706461896487755,0.46179226409635654,2,351,0.93,2020-08-05,0,1.7200668399981962,2020,8,5,2,1,0,0,0,1,0,0,0,0,Low Income,Q3,1,12.652865540224218,559.1574912312273,3.1983818746419814e-06,383.99466874671174,1.1199723424894115
CUST00443,46.0,1,2.0,Unemployed,-0.8490820026347036,0.4324170405433245,-0.3034390479974426,9,44,0.91,2018-10-21,1,0.8843887875361561,2018,10,21,6,0,1,0,0,0,1,0,0,0,Low Income,Q1,0,12.926154168029061,641.0297496996532,2.433562881585702e-06,428.4063662975122,0.4106945844703593
CUST00444,41.0,1,2.0,Unemployed,0.09734678570355494,-0.4547636941625932,-0.8852759941310833,10,56,0.15,2021-03-17,1,0.2224738393831926,2021,3,17,2,0,0,1,0,1,0,0,0,0,Low Income,Q1,0,13.374115454347532,801.9585712491637,1.554874917698527e-06,512.5092576455702,-0.909074169345613
CUST00445,59.0,1,3.0,Salaried,0.6720075509055734,-0.2708002362317875,0.6892554559687586,10,223,0.48,2023-07-12,0,0.22487675815658612,2023,7,12,2,0,0,1,0,0,0,1,0,0,Medium Income,Q2,2,13.710839182572515,949.0097154402582,1.1103456634850527e-06,586.3693979609766,-0.47040205041182226
CUST00446,56.0,1,2.0,Salaried,0.37059530777430755,-0.031943891877004874,-0.9282449599256744,9,421,0.26,2018-06-21,0,0.4226544386446519,2018,6,21,3,0,0,1,0,1,0,0,0,0,Low Income,Q4,3,13.42880010174725,824.1885403231472,1.47213018341638e-06,523.8413557981988,0.03198140337013427
CUST00447,53.0,0,0.0,Salaried,-0.04187648028886949,0.9991188390392048,0.002811738886797993,10,414,0.51,2022-05-06,1,0.8405789979856584,2022,5,6,4,0,1,0,0,0,1,0,0,0,Low Income,Q4,3,13.285392849553022,767.160146253701,1.699132299011467e-06,494.6402976468466,0.9599562703367815
CUST00448,50.0,2,1.0,Unemployed,-0.786082337792233,-0.3798663520419021,0.4876229207056161,7,155,0.81,2019-06-15,0,0.5554825764578724,2019,6,15,5,0,0,1,0,0,1,0,0,0,Low Income,Q2,2,12.879484637019932,626.2446087592292,2.5498280383221817e-06,420.47611670437215,-0.3708037004542117
CUST00449,57.0,2,2.0,Self-Employed,0.9348457478301048,-0.27360858354153184,0.22627808284579504,4,168,0.91,2021-02-17,0,0.266506464195463,2021,2,17,2,0,1,0,0,0,0,1,0,0,Medium Income,Q2,2,13.680596610050484,934.7674042241738,1.14443829881078e-06,579.3237600509794,-0.277318432676091
CUST00450,43.0,0,1.0,Salaried,0.19461578759302364,0.8265506808324342,0.528146444875838,3,453,0.64,2023-02-03,1,0.8931736528704366,2023,2,3,4,1,0,0,0,1,0,0,0,0,Low Income,Q4,3,13.470732239151872,841.650978731683,1.41167694275722e-06,532.6994122778182,1.4462718533972472
CUST00451,30.0,1,0.0,Salaried,-0.7875609391549514,-0.06586395719894361,0.6127068681347276,8,134,0.4,2022-10-27,0,0.6643387767802499,2022,10,27,3,0,1,0,0,1,0,0,0,0,Low Income,Q2,2,12.955880271519932,650.6285883666656,2.3622871626512193e-06,433.53486377183674,0.0003260620184062452
CUST00452,25.0,0,2.0,Salaried,0.6652239384885176,-0.42585583578144615,-0.6132894249803356,8,119,0.61,2023-10-15,0,0.22524165685264722,2023,10,15,6,1,0,0,0,0,0,0,1,0,Low Income,Q1,0,13.622730230403482,908.1090848571002,1.2126163858596754e-06,566.0766820091666,-0.5850218266313766
CUST00453,56.0,1,3.0,Salaried,0.251849440533299,0.35923688544955795,0.8986215663089583,0,46,0.37,2023-12-29,0,0.5944042383244839,2023,12,29,4,0,1,0,0,0,0,0,0,1,Low Income,Q1,0,13.514263928137431,860.1710701947608,1.3515426311618399e-06,542.0531142981022,0.7428570128762607
CUST00454,54.0,1,1.0,Salaried,-0.954567073619715,-0.014359971573274111,0.2976499507433325,1,286,0.87,2024-10-29,0,0.7309205866681446,2024,10,29,1,1,0,0,0,0,1,0,0,0,Low Income,Q3,1,12.890729913556791,629.7756822869552,2.5213151351194213e-06,422.3735047378219,0.046879322874210136
CUST00455,51.0,1,0.0,Self-Employed,-0.07706093699602133,-0.9947790687870757,-0.0669045311799865,7,23,0.84,2018-07-08,0,0.08700866035480323,2018,7,8,6,0,0,1,0,0,0,0,1,0,Low Income,Q1,0,13.261527645555653,758.0603142230834,1.7401701788985435e-06,489.940503223294,-1.9346653193275656
CUST00456,30.0,1,1.0,Self-Employed,-0.31412567165942146,0.6726625512367129,0.6699628008839251,4,482,0.57,2018-06-07,0,1.0221425314344288,2018,6,7,3,1,0,0,0,0,1,0,0,0,Low Income,Q4,3,13.074868795605493,690.5119984475288,2.0972810387212188e-06,454.68182025208375,0.9318170655735858
CUST00457,39.0,0,2.0,Self-Employed,0.9615909562748364,-0.24995499200731633,0.11342545913977092,6,356,0.38,2023-05-25,1,0.13154399256780414,2023,5,25,3,0,0,1,0,0,0,0,1,0,Medium Income,Q3,1,14.045340100144788,1121.7773798753476,7.946690485123124e-07,670.226487659585,-0.7320292806741663
CUST00458,52.0,0,2.0,Self-Employed,0.7438797118909163,0.11863417227216376,0.6576997091426953,0,241,0.35,2018-09-03,0,0.4200166421029104,2018,9,3,0,0,0,1,0,0,0,0,0,1,Low Income,Q2,2,13.504815329178959,856.1169429464645,1.3643733360955526e-06,540.0090908661209,0.140577841605725
CUST00459,21.0,1,3.0,Self-Employed,0.093114735191845,-0.011928333078287688,0.9955839296413567,11,325,0.13,2024-07-05,0,0.4449345638302316,2024,7,5,4,1,0,0,0,0,0,0,1,0,Low Income,Q3,1,13.37962465915924,804.1706970538033,1.5463323463145511e-06,513.6397701697365,0.03535805446315451
CUST00460,25.0,1,0.0,Salaried,0.0,0.9991421935363651,-0.04141107454945635,9,133,0.79,2020-04-29,0,2.158593369119941,2020,4,29,2,0,1,0,0,0,1,0,0,0,Low Income,Q2,2,13.304700667407849,774.6021172188983,1.666640444857001e-06,498.4754052077574,3.1486559909883396
CUST00461,24.0,2,0.0,Salaried,0.7252739609260829,-0.6884603703936709,0.0,11,288,0.48,2022-12-16,0,0.05292177690369819,2022,12,16,4,0,1,0,0,1,0,0,0,0,Medium Income,Q3,1,13.758719705976956,972.0034207758736,1.0584344177893613e-06,597.6990399869778,-1.9346653193275656
CUST00462,36.0,1,3.0,Salaried,0.8808014446364878,0.47293513350285443,0.02282924932873,4,488,0.38,2020-12-30,0,0.42089883762787517,2020,12,30,2,0,0,0,1,0,1,0,0,0,High Income,Q4,3,14.638726264214851,1509.242144256514,4.3901763044316833e-07,849.4357163406818,2.377549406710101
CUST00463,44.0,1,3.0,Self-Employed,0.0,0.7019579104687986,0.7122184299288232,10,120,0.5,2021-08-29,0,0.837439336686664,2021,8,29,6,0,1,0,0,0,0,1,0,0,Low Income,Q1,0,13.304700667407849,774.6021172188983,1.666640444857001e-06,498.4754052077574,0.9894054894421637
CUST00464,36.0,1,0.0,Salaried,0.39566921851152054,0.5969723328606898,-0.6979039355966897,11,133,0.8,2023-10-28,0,0.6507202373612729,2023,10,28,5,0,0,0,1,0,0,1,0,0,Low Income,Q2,2,13.606111874183838,900.5946979635179,1.2329364523222672e-06,562.3283700777614,1.0835221519710714
CUST00465,22.0,1,1.0,Self-Employed,-0.08064540902737691,-0.42504396302805275,-0.9015730405775311,2,422,0.21,2018-06-18,0,0.2185432826788352,2018,6,18,0,0,1,0,0,0,0,1,0,0,Low Income,Q4,3,13.2289998267125,745.8309862160461,1.7977047840124217e-06,483.60623700571193,-1.0958068473007536
CUST00466,48.0,0,1.0,Salaried,-0.7023556426748995,0.615887382235786,-0.35690234463432646,9,440,0.83,2024-02-06,1,1.400514371545554,2024,2,6,1,0,1,0,0,0,0,1,0,0,Low Income,Q4,3,12.71447685002533,576.650821554951,3.00727305982245e-06,393.5895364180971,0.8472820727395209
CUST00467,42.32736842105263,1,3.0,Salaried,-0.5837509854407452,-0.3224281274155351,-0.7451676923003777,11,39,0.86,2022-07-10,0,0.5740885892352066,2022,7,10,6,0,0,1,0,0,0,0,0,1,Low Income,Q1,0,12.556128597190488,532.755469235183,3.523243311765564e-06,369.39638822359495,-0.7516595279766741
CUST00468,47.0,1,1.0,Salaried,0.9518251791583574,-0.20045776543578878,-0.23204635872310347,11,124,0.9,2024-04-26,0,0.23676929083713652,2024,4,26,4,0,0,0,1,1,0,0,0,0,Medium Income,Q1,0,13.797677632331496,991.1226664747406,1.0179928816644151e-06,607.0780260716551,-0.27906601364609074
CUST00469,40.0,0,0.0,Salaried,0.2034114130519135,-0.41874343069977343,0.8850297940103531,1,99,0.44,2022-02-18,0,0.3824277923122036,2022,2,18,4,0,1,0,0,1,0,0,0,0,Low Income,Q1,0,13.358086892124701,795.5571255415917,1.5799981337062044e-06,509.2341899260139,-0.22206794411352768
CUST00470,44.0,0,2.0,Self-Employed,-0.5636449003119404,0.14173350914392818,-0.8137665750926926,1,221,0.28,2022-12-01,0,0.7060957033142243,2022,12,1,3,0,0,0,1,0,1,0,0,0,Low Income,Q2,2,13.022784228503957,672.7615848129261,2.209411807074603e-06,445.3018559376734,0.200029674228767
CUST00471,32.0,1,2.0,Self-Employed,-0.13434803879292087,0.5828656943202568,-0.8013851676048546,8,47,0.42,2024-06-02,0,0.8870179686325275,2024,6,2,6,0,0,1,0,0,0,0,1,0,Low Income,Q1,0,13.201945554434522,735.8099414930462,1.8470042523763603e-06,478.39996401841825,0.9042935003706359
CUST00472,55.0,2,1.0,Salaried,0.9271991206578923,0.3443347914668612,0.14742910851220847,3,92,0.38,2019-09-12,0,0.4335229447072122,2019,9,12,3,0,0,1,0,0,1,0,0,0,Low Income,Q1,0,13.594692026695007,895.4670178180769,1.2470971009008055e-06,559.7669290789736,0.33673483520078573
CUST00473,42.32736842105263,1,3.0,Salaried,-0.29457913908659344,-0.08066468056751866,0.9522165405641416,3,36,0.25,2024-08-04,0,0.52652996603314,2024,8,4,6,0,0,0,1,0,1,0,0,0,Low Income,Q1,0,13.174290748722607,725.7056014666002,1.8987956357017783e-06,473.1357494938326,-0.021071590993868745
CUST00474,53.0,1,3.0,Salaried,-0.5967171442039954,0.4049589885718565,-0.6927747594910536,6,226,0.62,2023-12-05,1,1.9950593546922728,2023,12,5,1,0,0,1,0,0,1,0,0,0,Low Income,Q2,2,12.37853774498137,487.48853319847433,4.2079383008521876e-06,344.0167794290618,0.8803880551935414
CUST00475,63.0,0,3.0,Salaried,0.2689826356020805,-0.609842228783418,0.7454802463761409,9,369,0.51,2018-12-23,0,0.22821721315174076,2018,12,23,6,1,0,0,0,0,1,0,0,0,Low Income,Q3,1,13.431994609936806,825.5060326854068,1.467434954955103e-06,524.5109976001008,-0.8090039210519244
CUST00476,57.0,1,3.0,Salaried,0.8008497444554477,-0.021709175524494966,0.5984717190508595,9,495,0.84,2024-10-22,0,0.31715441621231744,2024,10,22,1,1,0,0,0,1,0,0,0,0,Medium Income,Q4,3,13.71246729983464,949.7825803835318,1.1085393613782337e-06,586.751112822355,0.02660956569261966
CUST00477,32.0,1,3.0,Self-Employed,0.618425770505224,0.5479579678906729,0.5632864562548477,1,381,0.13,2022-08-05,0,0.5412909200225968,2022,8,5,4,0,0,1,0,0,0,0,1,0,Medium Income,Q4,1,13.693757617653779,940.9389353193968,1.1294750195591189e-06,582.3794714644088,0.9003859742373025
CUST00478,42.32736842105263,1,1.0,Salaried,-0.7083195867845435,0.7058918918484426,0.0,2,224,0.65,2021-04-26,0,0.8589809206873184,2021,4,26,0,1,0,0,0,0,1,0,0,0,Low Income,Q2,2,13.039348049202385,678.3564844534178,2.173116926816289e-06,448.2637927942778,0.5540863397518077
CUST00479,21.0,1,2.0,Salaried,0.5285346908050655,-0.17131569316066061,0.8314457371906335,2,230,0.75,2021-07-28,1,0.23554659450420407,2021,7,28,2,0,1,0,0,1,0,0,0,0,Medium Income,Q2,2,13.72918348496707,957.7542273464524,1.0901628328256227e-06,590.6845910720904,-0.38217845614263124
CUST00480,53.0,2,2.0,Salaried,0.15646085149851208,-0.9620080007863667,-0.22374228114368164,5,24,0.75,2022-03-15,0,0.07654184085484744,2022,3,15,1,0,0,0,1,0,1,0,0,0,Low Income,Q1,0,13.389697563633296,808.2310870042057,1.5308344736391758e-06,515.7131938592099,-1.9346653193275656
CUST00481,60.0,1,1.0,Salaried,0.954826922419914,0.26532470157965976,0.13382208694300027,2,452,0.85,2022-01-29,0,0.39103550041435287,2022,1,29,5,0,1,0,0,0,0,1,0,0,Medium Income,Q4,3,13.721516136170608,954.0895345825778,1.0985536179413316e-06,588.8771414101593,0.3760107827844686
CUST00482,42.32736842105263,0,3.0,Salaried,0.3891055627056982,-0.8879727931978602,-0.24515541929941556,10,268,0.72,2023-05-18,0,0.06725657317321462,2023,5,18,3,0,0,0,1,0,1,0,0,0,Low Income,Q3,1,13.519020152464869,862.2190904868669,1.3451296540880722e-06,543.0849445084352,-1.9346653193275656
CUST00483,63.0,1,1.0,Salaried,-0.9934501756198981,-0.10733290757657575,0.039196881405943525,4,275,0.89,2021-09-23,0,1.1919344643523369,2021,9,23,3,0,0,1,0,0,1,0,0,0,Low Income,Q3,1,12.299571139768263,468.61582346310075,4.5536969439092456e-06,333.2951080393549,-0.10762166735870302
CUST00484,64.0,1,2.0,Salaried,0.6541676704832301,0.44552545316679704,0.6112051451640963,3,472,0.38,2018-07-18,0,0.4940853233171478,2018,7,18,2,0,1,0,0,0,0,0,0,1,Medium Income,Q4,3,13.851539384385754,1018.1771604195411,9.646124867562323e-07,620.2869186535816,1.0259671067458536
CUST00485,49.0,1,0.0,Salaried,0.03546898456379637,0.4270553060052692,-0.903529588196623,2,129,0.53,2022-11-23,1,0.6646859374030298,2022,11,23,2,0,0,1,0,0,0,1,0,0,Low Income,Q2,0,13.326033685889339,782.9086536755102,1.631462533071377e-06,502.7471890382014,0.6068269357223296
CUST00486,33.0,0,1.0,Salaried,0.35009429068686787,-0.7946420375530211,-0.4959617120121691,7,473,0.11,2020-12-09,0,0.06718637928920197,2020,12,9,2,0,0,1,0,0,0,0,1,0,Low Income,Q4,3,13.520064369283,862.6693804697139,1.343725780182641e-06,543.3117417833483,-1.9346653193275656
CUST00487,32.0,1,3.0,Salaried,-0.6694309572543327,0.11826014575490855,0.733400798605766,9,410,0.11,2021-03-11,0,1.2730889305775197,2021,3,11,3,0,0,0,1,0,1,0,0,0,Low Income,Q4,3,12.483665896539408,513.7984429715606,3.788024569430399e-06,358.82360993336323,0.2813185986130237
CUST00488,51.0,0,2.0,Salaried,0.40521751795494265,-0.2150784630121249,0.8885606439015729,2,137,0.3,2022-12-12,0,0.33393757063835977,2022,12,12,0,0,0,0,1,0,0,0,1,0,Low Income,Q2,2,13.49576335692408,852.2509196240271,1.3767796718701734e-06,538.0580662773586,-0.21905454937593408
CUST00489,22.0,1,2.0,Salaried,0.6651806135610266,-0.7219711246259402,-0.19050576513305573,5,220,0.19,2022-03-18,0,0.08076771849577301,2022,3,18,4,0,0,0,1,0,0,1,0,0,Medium Income,Q2,2,13.682816449005648,935.805497953501,1.14190064772373e-06,579.8380388202703,-1.6401274018716006
CUST00490,55.0,2,2.0,Salaried,0.0,0.9853914410160715,0.17030475029273257,6,20,0.32,2018-01-31,1,2.158593369119941,2018,1,31,2,0,1,0,0,0,1,0,0,0,Low Income,Q1,0,13.304700667407849,774.6021172188983,1.666640444857001e-06,498.4754052077574,3.1486559909883396
CUST00491,43.0,1,2.0,Salaried,0.9190044463703857,-0.28620787993735813,0.2711381142761444,6,185,0.25,2024-07-08,0,0.22259467543388461,2024,7,8,0,1,0,0,0,0,0,0,0,1,Medium Income,Q2,2,13.76432352108909,974.7307064004909,1.0525197348765939e-06,599.0392010009252,-0.4116194831200416
CUST00492,37.0,0,3.0,Salaried,0.3175830597971432,-0.24646194996682014,0.9156404902298919,1,142,0.12,2019-10-22,0,0.2878641811649318,2019,10,22,1,0,0,0,1,1,0,0,0,0,Low Income,Q2,2,13.512453805173571,859.3929136314774,1.3539913050469565e-06,541.6609333989651,-0.4044019541925177
CUST00493,46.0,0,0.0,Salaried,-0.9904669090860867,0.10459448835840325,0.08963980706414751,2,334,0.87,2024-02-03,0,1.5068704586872548,2024,2,3,5,0,0,0,1,0,0,0,0,1,Low Income,Q3,1,12.273295030630662,462.49936216172233,4.674936254906696e-06,329.8015443086926,0.21372662344896795
CUST00494,28.0,0,2.0,Salaried,0.10566408350173846,-0.45278007643422424,0.8853390897514667,11,329,0.11,2024-08-14,0,0.2959251151771642,2024,8,14,2,0,1,0,0,0,0,0,0,1,Low Income,Q3,1,13.358335015846345,795.65583011752,1.5796061473216515e-06,509.28472925246894,-0.5738735391504318
CUST00495,49.0,0,1.0,Self-Employed,-0.28392345162230714,0.06494746378641343,0.9566448142161165,9,23,0.73,2019-07-01,0,0.7020395637611229,2019,7,1,0,0,0,0,1,1,0,0,0,0,Low Income,Q1,0,13.021157795818512,672.2147052839591,2.2130081904982236e-06,445.0120691994919,0.1882275422836825
CUST00496,46.0,0,0.0,Self-Employed,0.0,-0.62104540925473,0.783774584714014,9,59,0.23,2021-02-03,0,0.3219980038947452,2021,2,3,2,0,1,0,0,1,0,0,0,0,Low Income,Q1,0,13.304700667407849,774.6021172188983,1.666640444857001e-06,498.4754052077574,-0.5333468896974733
CUST00497,42.32736842105263,1,2.0,Salaried,-0.92676344094249,-0.366927722051946,0.08045850683554778,3,419,0.88,2023-11-15,0,0.6862596037409485,2023,11,15,2,0,0,1,0,1,0,0,0,0,Low Income,Q4,3,12.597842872030945,543.9839519691734,3.3792969534894523e-06,375.6224999622292,-0.46675669219751853
CUST00498,46.0,1,0.0,Salaried,-0.16111406131722822,0.7730638397238249,0.6135263311035029,6,81,0.86,2024-03-27,1,0.8744545223510826,2024,3,27,2,0,0,0,1,0,1,0,0,0,Low Income,Q1,0,13.213043345211455,739.904230289299,1.8266199054406366e-06,480.528822716009,0.8983890812352168
CUST00499,54.0,1,1.0,Salaried,-0.40965753981702663,0.8772634966292638,-0.25017885113026367,1,78,0.66,2024-03-24,0,1.0559516110573302,2024,3,24,6,0,0,0,1,0,0,0,1,0,Low Income,Q1,0,13.061987338438616,686.07888030459,2.1244718270922975e-06,452.34385565988373,0.9688315577487835
CUST00500,61.0,0,2.0,Self-Employed,-0.2237951777788096,-0.5344330395798977,0.8150441979477816,2,400,0.67,2019-01-06,1,0.10800106212564538,2019,1,6,6,0,0,1,0,0,0,0,1,0,Low Income,Q4,3,13.045394661838753,680.4104717007227,2.160016576831217e-06,449.3499203598039,-1.9346653193275656
CUST00501,27.0,1,1.0,Salaried,-0.5550816792744551,0.793381761593813,0.249859379860251,6,392,0.1,2021-01-28,0,0.933465587847395,2021,1,28,3,0,0,1,0,1,0,0,0,0,Low Income,Q4,3,13.050742663304302,682.2323284629658,2.1484956394669623e-06,450.3127400367329,0.7209327886185193
CUST00502,24.0,0,3.0,Salaried,-0.09517996525006,0.9829354482877847,-0.15741244777427676,6,25,0.94,2022-01-08,0,0.9747543761856131,2022,1,8,5,0,0,1,0,0,0,0,0,1,Low Income,Q1,0,13.246415291407372,752.353852917628,1.7666679645787315e-06,486.9874162538531,1.170085586333427
CUST00503,31.0,1,2.0,Salaried,0.7778421862100947,0.6284596513316509,0.0,9,448,0.85,2022-01-31,0,0.5686045754832647,2022,1,31,0,0,0,0,1,0,0,1,0,0,High Income,Q4,3,14.638726264214851,1509.242144256514,4.3901763044316833e-07,849.4357163406818,3.1486559909883396
CUST00504,49.0,1,2.0,Salaried,-0.836841189810993,0.22960871180753542,0.49696746623678056,2,343,0.86,2023-10-04,1,3.9366834999999996,2023,10,4,2,1,0,0,0,1,0,0,0,0,Low Income,Q3,1,11.51293546492023,316.22776601683796,9.99990000099999e-06,243.026193207401,0.5470315234233918
CUST00505,56.0,1,2.0,Salaried,-0.8252814311028579,-0.4070865844303371,0.3913963109862698,11,366,0.66,2024-10-07,0,1.0966839,2024,10,7,0,1,0,0,0,0,0,0,0,1,Low Income,Q3,1,11.51293546492023,316.22776601683796,9.99990000099999e-06,243.026193207401,-1.2080737129035541
CUST00506,45.0,0,2.0,Salaried,-0.3913590023287478,0.7572551476454601,-0.5228793098418599,0,65,0.39,2024-06-20,0,0.802202123361747,2024,6,20,3,1,0,0,0,0,0,0,0,1,Low Income,Q1,0,13.152559200006284,717.8629186690172,1.940511033968898e-06,469.03951684892974,0.6324436258222815
CUST00507,41.0,1,3.0,Salaried,-0.18772246437064596,-0.7625281946998098,0.6191211744549371,11,114,0.86,2021-02-25,0,0.2607075871824089,2021,2,25,3,0,0,0,1,0,1,0,0,0,Low Income,Q1,0,13.218688932449787,741.9957816591682,1.8163366183234145e-06,481.61541396483386,-0.9053344570801526
CUST00508,56.0,1,2.0,Self-Employed,0.1236524236394102,-0.1905367819913945,-0.9738612903470718,2,141,0.35,2023-09-11,1,0.36810511653574396,2023,9,11,0,0,0,1,0,0,1,0,0,0,Low Income,Q2,2,13.380532392568249,804.5357667624231,1.5449293256630682e-06,513.8262789475715,-0.2446561902447593
CUST00509,30.0,1,0.0,Salaried,0.7394068708774505,0.6725232391528663,0.03146382205889359,4,493,0.58,2018-04-03,1,0.6195791824621161,2018,4,3,1,0,0,0,1,0,0,0,1,0,High Income,Q4,3,14.552871040056784,1445.8248683709933,4.783749297476517e-07,820.816008154633,3.1486559909883396
CUST00510,57.0,1,2.0,Salaried,0.010373936231784708,-0.814737944858009,0.5797365459030567,6,57,0.18,2021-07-05,0,0.2575564403254299,2021,7,5,0,0,0,1,0,0,0,0,1,0,Low Income,Q1,0,13.308622671125926,776.1226062936191,1.660116676320245e-06,499.25803965509886,-0.8119668602853028
CUST00511,29.0,1,3.0,Self-Employed,0.05990007498254318,-0.5082052917996266,0.8591503724051699,3,257,0.88,2023-04-10,1,0.14826373254755784,2023,4,10,0,0,0,0,1,0,0,1,0,0,Low Income,Q2,1,13.356061908417912,794.7520368014165,1.5832008458092198e-06,508.8219156330392,-1.3719344378449596
CUST00512,44.0,1,2.0,Salaried,-0.6412636222720564,0.4326555808477953,-0.6337113815545514,10,282,0.22,2021-05-28,0,0.9218915301471456,2021,5,28,4,0,0,0,1,0,0,1,0,0,Low Income,Q3,1,12.939309104239285,645.2600096085298,2.401759163695931e-06,430.66843981791914,0.5034793954466833
CUST00513,55.0,0,0.0,Salaried,0.41213210708318726,0.7561523677578744,-0.5083116396909798,10,120,0.29,2022-04-21,1,0.7454033563826623,2022,4,21,3,0,0,1,0,0,0,1,0,0,Medium Income,Q1,0,13.656942589600838,923.7770077242667,1.1718315689924743e-06,573.8718642532325,1.4573667572226834
CUST00514,55.0,1,3.0,Salaried,0.11559466740404388,0.8179774692837866,-0.5635163995944046,0,429,0.57,2019-02-20,0,0.8130150725829232,2019,2,20,2,1,0,0,0,0,0,1,0,0,Low Income,Q4,3,13.375838372201775,802.6497243505413,1.5521983023979695e-06,512.8625414468169,1.0688449104985243
CUST00515,42.32736842105263,1,3.0,Salaried,0.343121908767562,0.4583133247816204,-0.8198879509123925,5,335,0.75,2024-08-10,0,0.5799784909273387,2024,8,10,5,0,0,1,0,0,0,0,0,1,Low Income,Q3,1,13.509992051191427,858.3357559836361,1.3573286046538426e-06,541.1280234580071,0.6910959799263762
CUST00516,38.0,1,0.0,Self-Employed,0.03952237777207628,0.5716071875914698,0.8195750147173908,1,345,0.63,2022-03-25,0,0.7716211282736614,2022,3,25,4,0,1,0,0,0,0,0,0,1,Low Income,Q3,1,13.332968538607298,785.6280481245562,1.6201877204579305e-06,504.1436733835392,0.8887450428475453
CUST00517,59.0,1,0.0,Salaried,0.9537602043730715,0.3005685821143601,0.0,11,358,0.3,2024-07-06,0,0.3684010796947004,2024,7,6,5,0,1,0,0,0,0,0,1,0,Medium Income,Q3,1,13.93411039772312,1061.0929648244776,8.881631372366232e-07,641.0942281818639,0.6383775006321509
CUST00518,52.0,1,0.0,Salaried,0.693909423299702,0.5587192511529906,0.45422737769416355,2,493,0.1,2019-11-20,0,0.5085868525809669,2019,11,20,2,0,0,1,0,0,1,0,0,0,Low Income,Q4,3,13.526628125368429,865.5052108450878,1.3349347744861978e-06,544.739508384725,0.4906894768798574
CUST00519,44.0,1,0.0,Salaried,-0.29150572555477516,0.5476296226800996,0.7842998204335099,3,47,0.74,2022-07-24,0,0.9660033405322622,2022,7,24,6,0,0,0,1,0,1,0,0,0,Low Income,Q1,0,13.077371597232052,691.3766484341223,2.0920385235505068e-06,455.1374672189363,0.8315754662202054
CUST00520,43.0,1,0.0,Salaried,0.5327422772503397,-0.8365925113755673,0.12766611116675913,5,366,0.94,2023-08-21,0,0.06668139350752963,2023,8,21,0,0,1,0,0,1,0,0,0,0,Low Income,Q3,1,13.598899026481979,897.3526174252795,1.241861584293491e-06,560.7091936282613,-1.87723305247738
CUST00521,52.0,1,3.0,Self-Employed,-0.9894062541014838,0.14288632121583286,-0.025666389583971227,5,249,0.79,2022-03-11,0,1.7623794214411772,2022,3,11,4,0,1,0,0,0,0,0,0,1,Low Income,Q2,2,12.157931063485876,436.5761903723106,5.246596047833636e-06,314.88827565840063,0.28047470457695156
CUST00522,57.0,0,3.0,Salaried,0.38798469266165586,-0.11806656499338634,-0.9140722971903825,6,327,0.49,2019-02-23,0,0.45313428842768666,2019,2,23,5,0,0,0,1,0,0,1,0,0,Low Income,Q3,1,13.353318054290908,793.6624408399329,1.5875508831886887e-06,508.26381359753515,0.023005315357902182
CUST00523,32.0,0,2.0,Salaried,0.745841349102131,0.2785027507057616,-0.6051089982960405,4,130,0.87,2021-02-19,1,0.46220520696926337,2021,2,19,4,0,0,0,1,0,0,1,0,0,Low Income,Q2,0,13.429540779941338,824.4938265384404,1.4710402123993775e-06,523.9965430386692,0.17294437571073465
CUST00524,33.0,0,2.0,Self-Employed,0.08279501818710251,-0.2569878158647409,-0.9628614892394791,6,57,0.45,2020-06-29,1,0.342870360336357,2020,6,29,0,1,0,0,0,1,0,0,0,0,Low Income,Q1,0,13.357840461054106,795.4591064284825,1.5803875423170496e-06,509.1840003085907,-0.3765147580790109
CUST00525,43.0,1,1.0,Salaried,-0.4612093812228892,0.7583352517742052,0.4606664222499316,1,19,0.55,2021-09-16,1,0.7621407141555111,2021,9,16,3,0,0,0,1,0,1,0,0,0,Low Income,Q1,0,13.15493952578766,718.7178027571044,1.935897478586457e-06,469.4864644178974,0.5471170732945654
CUST00526,45.0,1,2.0,Self-Employed,-0.8021096717680274,-0.5970666400721929,0.011467422076894638,0,242,0.51,2022-04-16,0,0.4403546220025004,2022,4,16,5,0,0,1,0,0,0,1,0,0,Low Income,Q2,2,12.756885976695681,589.0090491664793,2.882403749476916e-06,400.33205346777294,-0.8306684434249069
CUST00527,55.0,1,2.0,Self-Employed,-0.6384980881508953,-0.3859094391240232,0.6658784395237867,11,45,0.48,2024-07-23,0,0.5063936428268534,2024,7,23,1,0,0,1,0,0,1,0,0,0,Low Income,Q1,0,12.90585836713515,634.5575230032341,2.483458613472639e-06,424.9395256000587,-0.4612582143024757
CUST00528,61.0,1,0.0,Self-Employed,0.1642457536578313,-0.9559401121093434,0.24331427098661285,9,422,0.76,2019-02-16,1,0.29144070554050394,2019,2,16,5,1,0,0,0,1,0,0,0,0,Low Income,Q4,3,13.346338151157427,790.8974206558016,1.5986705966892524e-06,506.8468400931149,-0.6093552402492981
CUST00529,42.32736842105263,2,0.0,Salaried,-0.7811540630830979,0.619478773905636,-0.0777456005773808,7,471,0.55,2021-06-01,1,1.4162991135600038,2021,6,1,1,0,1,0,0,0,1,0,0,0,Low Income,Q4,3,12.681129703419826,567.1156760309135,3.1092478701418895e-06,388.36711100529135,0.8066289982121614
CUST00530,37.0,1,2.0,Salaried,0.9055988999736555,0.015847707133375997,-0.42383898186117774,0,13,0.37,2018-06-02,0,0.2857340985527776,2018,6,2,5,0,1,0,0,0,1,0,0,0,Medium Income,Q1,0,13.857173382887547,1021.0494111452198,9.591931420759759e-07,621.6850125306116,0.08904222612460713
CUST00531,40.0,1,1.0,Self-Employed,0.0,-0.9534765798750566,0.30146709875169614,11,53,0.32,2021-05-20,0,0.36174521145069227,2021,5,20,3,0,0,0,1,0,1,0,0,0,Low Income,Q1,0,13.304700667407849,774.6021172188983,1.666640444857001e-06,498.4754052077574,-0.37589562206219274
CUST00532,45.0,1,0.0,Salaried,-0.34744624246866046,-0.34478636103954774,0.8720111661185971,1,65,0.13,2018-04-02,0,0.44840007001572385,2018,4,2,0,0,0,1,0,0,0,1,0,0,Low Income,Q1,0,13.159931822468005,720.5140734225807,1.9262569881473362e-06,470.42523137760935,-0.27785539733002984
CUST00533,42.0,0,2.0,Salaried,0.0985635537949934,0.0412283496617371,-0.9942763444070623,10,51,0.6,2018-11-27,0,0.4791264355281517,2018,11,27,1,0,1,0,0,0,0,0,1,0,Low Income,Q1,0,13.349655766377003,792.2104581485908,1.5933756110057702e-06,507.51985042112904,0.10368901754275109
CUST00534,33.0,1,2.0,Self-Employed,0.2975571666501231,0.9505792303267936,0.08865020838368955,11,264,0.3,2022-07-23,0,0.8144558442538826,2022,7,23,5,1,0,0,0,0,0,0,0,1,Low Income,Q3,1,13.496483979049767,852.5580508094449,1.3757878913688338e-06,538.2131288032583,1.3103257550150222
CUST00535,39.0,1,3.0,Self-Employed,-0.6071249345973598,-0.7694521933582054,0.1983497817654424,9,237,0.23,2020-08-12,0,0.20868574807067738,2020,8,12,2,1,0,0,0,0,1,0,0,0,Low Income,Q2,2,12.824010763343198,609.1131421993782,2.695273799658466e-06,411.239417432835,-1.5567798254152014
CUST00536,56.0,1,1.0,Salaried,0.7580186819441026,0.46761508947748187,-0.45469089051430545,5,123,0.66,2021-06-05,1,0.4771438986923219,2021,6,5,5,0,0,1,0,0,1,0,0,0,Medium Income,Q1,0,13.69173111725262,939.9860105341994,1.1317662219164946e-06,581.9079171732957,0.6671777139305336
CUST00537,32.0,1,3.0,Salaried,-0.8833253315837034,0.3178432579893572,-0.3445461100248432,0,246,0.68,2018-07-13,0,1.5303005173206694,2018,7,13,4,1,0,0,0,0,1,0,0,0,Low Income,Q2,2,12.435370182173356,501.53986880406626,3.975459646619802e-06,351.9444029160845,0.5083699278827037
CUST00538,61.0,1,1.0,Salaried,0.0,-0.938970418985245,0.3439978957358222,9,406,0.74,2019-06-14,0,0.23510707616046206,2019,6,14,4,1,0,0,0,0,0,0,1,0,Low Income,Q4,3,13.304700667407849,774.6021172188983,1.666640444857001e-06,498.4754052077574,-0.9257882176202977
CUST00539,39.0,1,0.0,Self-Employed,0.32012565497628986,0.7580223772490136,-0.5682619471825961,2,183,0.53,2021-06-20,0,0.7468842447728402,2021,6,20,6,0,0,1,0,1,0,0,0,0,Low Income,Q2,2,13.53472185819757,869.0148963050058,1.324173776144636e-06,546.5052228747953,1.2135718563692355
CUST00540,32.0,1,1.0,Unemployed,0.8290041644491528,0.4520208258757324,0.3292859977293033,6,264,0.86,2022-01-13,1,0.46168455370946293,2022,1,13,3,0,0,0,1,0,0,1,0,0,Medium Income,Q3,1,13.664743643407236,927.3872653859336,1.1627256120802725e-06,575.6642205089761,0.5619480954787477
CUST00541,29.0,1,2.0,Salaried,-0.8217242995430638,-0.26435248027909136,-0.5048632901199628,11,475,0.9,2019-10-01,0,0.8377842493612844,2019,10,1,1,0,0,0,1,0,0,0,1,0,Low Income,Q4,3,12.42521090636681,498.9986773529565,4.016053289493025e-06,350.51407960690926,-0.43033891047784295
CUST00542,27.0,1,2.0,Salaried,0.8347315971922431,-0.4131448835479608,0.3640528338675974,7,426,0.79,2022-05-30,0,0.039642921930718125,2022,5,30,0,1,0,0,0,0,1,0,0,0,Medium Income,Q4,3,14.047621937832318,1123.0579682278203,7.928578099903573e-07,670.8377292429665,-1.9346653193275656
CUST00543,48.0,1,1.0,Self-Employed,-0.40704255069280887,0.12034737144350022,0.9054462281726798,3,286,0.64,2022-05-17,0,0.9084712495857927,2022,5,17,1,0,0,0,1,0,0,0,1,0,Low Income,Q3,1,12.836354863771444,612.8842549780504,2.662207575466064e-06,413.2771721494374,0.3062579719918213
CUST00544,34.0,1,1.0,Salaried,-0.8488885690085478,-0.0007482338081187542,-0.528571317376178,11,473,0.36,2024-11-30,0,1.0735101600496377,2024,11,30,5,0,0,0,1,0,0,0,1,0,Low Income,Q4,3,12.51339328770378,521.4924544037046,3.67707379056079e-06,363.12417497366624,0.0577599016066745
CUST00545,51.0,0,1.0,Salaried,0.4045952818761833,-0.7731544672614027,0.48840027399385066,2,344,0.94,2024-12-02,0,0.1577442838615965,2024,12,2,0,1,0,0,0,0,0,0,1,0,Low Income,Q3,1,13.494864039443751,851.8677831682567,1.3780183908129608e-06,537.8646146911872,-1.1618847705448152
CUST00546,39.0,0,3.0,Unemployed,-0.28149054386378314,-0.7864182961227953,-0.5498266428962776,0,450,0.33,2024-05-24,0,0.21864610112666405,2024,5,24,4,0,0,0,1,1,0,0,0,0,Low Income,Q4,3,13.14789006157247,716.1889694766319,1.9495927339770577e-06,468.1640338256508,-1.1840619871033402
CUST00547,36.0,1,1.0,Salaried,-0.4879098685348848,0.8728940142916959,0.0,11,78,0.27,2019-11-29,0,0.9587065543733849,2019,11,29,4,1,0,0,0,0,0,0,0,1,Low Income,Q1,0,13.073147754740265,689.9180531048597,2.10089365293136e-06,454.3687598168667,0.8099244622085164
CUST00548,25.0,1,0.0,Salaried,0.313803883720264,-0.6897279579992237,-0.6525354139939841,8,335,0.48,2023-08-08,0,0.06676360653317141,2023,8,8,1,0,1,0,0,0,0,1,0,0,Low Income,Q3,1,13.526376778962922,865.3964467225411,1.335270347714146e-06,544.6847661039749,-1.9346653193275656
CUST00549,55.0,1,3.0,Salaried,0.0,0.5350220340257005,0.844838104672725,9,239,0.15,2022-08-29,0,0.5942764738442681,2022,8,29,0,0,0,1,0,1,0,0,0,0,Low Income,Q2,2,13.304700667407849,774.6021172188983,1.666640444857001e-06,498.4754052077574,0.3788946577103094
CUST00550,32.0,1,3.0,Salaried,-0.9966343139460131,-0.08197587611828143,0.0,5,76,0.93,2019-06-24,0,1.5261468110765168,2019,6,24,0,0,0,1,0,1,0,0,0,0,Low Income,Q1,0,12.069493183687445,417.69175237248817,5.731729824597604e-06,303.91056291575705,-0.08218246291250725
CUST00551,45.0,0,1.0,Self-Employed,-0.736391214220923,0.6485149555586084,-0.19275977805302297,5,313,0.6,2018-11-26,0,0.8642913956768019,2018,11,26,0,0,0,0,1,0,0,0,0,1,Low Income,Q3,1,13.018435523884719,671.3003500669428,2.219040808071699e-06,444.52745280985255,0.52859191615156
CUST00552,41.0,1,0.0,Salaried,0.7234203437347866,-0.16376266503296416,-0.6707047009019278,8,469,0.57,2019-04-15,1,0.2841082007343209,2019,4,15,0,0,0,0,1,1,0,0,0,0,Medium Income,Q4,3,13.675646504875994,932.4566638723754,1.1501174333155874e-06,578.1785848087358,-0.19260123132630297
CUST00553,56.0,0,3.0,Unemployed,-0.4996464069715202,0.29556210146353634,0.8142459776866623,0,493,0.66,2019-06-18,0,0.7644638242471313,2019,6,18,1,0,0,0,1,0,0,0,1,0,Low Income,Q4,3,13.042209553557619,679.3277412265746,2.1669074317514088e-06,448.77746698726264,0.3611546919891221
CUST00554,43.0,1,2.0,Salaried,0.8369011242204552,-0.3560877750727099,-0.4156897938635318,5,426,0.52,2023-05-17,0,0.16633559853423896,2023,5,17,2,0,0,1,0,0,0,0,1,0,Medium Income,Q4,3,13.81530070594688,999.8945794432532,1.0002098740378694e-06,611.3687270272475,-0.7262487982377027
CUST00555,36.0,1,3.0,Salaried,0.885672783951947,-0.004052990365306978,0.4642922495970684,11,45,0.13,2019-04-12,0,0.3234011959451119,2019,4,12,4,0,1,0,0,0,1,0,0,0,Medium Income,Q1,0,13.710432991161534,948.8169949995626,1.1107967679679626e-06,586.2742042401843,0.053505254265075006
CUST00556,59.0,0,1.0,Salaried,0.0,0.870470942807099,-0.49221980631474016,4,426,0.62,2024-10-03,0,0.6467160695272887,2024,10,3,3,0,1,0,0,1,0,0,0,0,Low Income,Q4,3,13.304700667407849,774.6021172188983,1.666640444857001e-06,498.4754052077574,0.5221550648700074
CUST00557,62.0,0,0.0,Salaried,0.8653660987048751,0.48198117035741905,-0.13724309320762462,10,168,0.71,2020-02-01,0,0.4776495137553718,2020,2,1,5,0,0,1,0,0,1,0,0,0,Low Income,Q2,2,13.43707478384381,827.6055582220313,1.459999034064639e-06,525.5776730770526,0.23765966900864927
CUST00558,59.0,0,1.0,Salaried,0.5209683259142833,0.7620592980341374,0.38452259969186064,5,158,0.45,2020-10-02,0,0.5495225463312743,2020,10,2,4,0,1,0,0,0,0,1,0,0,Low Income,Q2,2,13.41578145746516,818.8410468460896,1.4914206178102526e-06,521.1211387834616,0.43389709548471217
CUST00559,34.0,0,2.0,Salaried,0.14042743899195084,-0.756787826880074,-0.6383982451920566,10,36,0.74,2020-06-09,0,0.20779505327642145,2020,6,9,1,0,0,1,0,0,0,0,1,0,Low Income,Q1,0,13.369114746302241,799.9558925340822,1.5626698670978968e-06,511.4852348374579,-0.9944496566748031
CUST00560,51.0,1,2.0,Salaried,-0.5211102026737038,-0.7574512599200983,0.393334139777908,7,484,0.29,2024-06-13,1,0.3809274250442894,2024,6,13,3,0,1,0,0,0,0,1,0,0,Low Income,Q4,3,13.139103634152193,713.0494933733562,1.966798165480812e-06,466.52094677663837,-0.5300819466271142
CUST00561,25.0,0,2.0,Salaried,-0.14466409550162765,-0.2980479268774723,0.9435251627575901,4,81,0.29,2023-05-10,1,0.3661693494188813,2023,5,10,2,1,0,0,0,0,0,0,0,1,Low Income,Q1,0,13.19459852835128,733.1118877770296,1.8606242126303488e-06,476.9957684375269,-0.508849855183836
CUST00562,55.0,1,1.0,Self-Employed,-0.8111786488654507,-0.17183754974399304,-0.5589821608269826,1,257,0.24,2024-07-09,1,0.7525544197232468,2024,7,9,1,1,0,0,0,0,0,0,1,0,Low Income,Q2,1,12.714428100940813,576.6367660841615,3.007419665204419e-06,393.5818512275968,-0.17383099780894984
CUST00563,43.0,0,3.0,Self-Employed,-0.7332727833977338,0.5002324354775768,0.4605198536700799,11,110,0.42,2020-08-11,0,5.4454492000000005,2020,8,11,1,0,0,1,0,0,0,1,0,0,Low Income,Q1,0,11.51293546492023,316.22776601683796,9.99990000099999e-06,243.026193207401,1.1443250902407542
CUST00564,49.0,1,1.0,Self-Employed,0.5617013712645239,-0.15378220517151242,0.8129222612846448,11,199,0.82,2021-12-14,0,0.269683858538695,2021,12,14,1,0,1,0,0,0,0,0,0,1,Medium Income,Q2,2,13.683142659646238,935.9581454317282,1.1415282083320943e-06,579.9136516128814,-0.25682048645974126
CUST00565,63.0,1,0.0,Salaried,0.11832132732116062,-0.8055420727941429,-0.580604884977275,1,105,0.8,2022-07-31,0,0.14728163337296485,2022,7,31,6,0,0,0,1,0,0,1,0,0,Low Income,Q1,0,13.368153523788177,799.571516501182,1.5641726627009781e-06,511.288633377798,-1.3664448815111707
CUST00566,31.0,1,3.0,Salaried,0.0,0.3694778973075459,-0.9292395188546355,9,393,0.43,2020-04-11,0,0.6624843810530399,2020,4,11,5,0,1,0,0,0,0,0,0,1,Low Income,Q4,3,13.304700667407849,774.6021172188983,1.666640444857001e-06,498.4754052077574,0.5638091317035057
CUST00567,38.0,1,2.0,Self-Employed,0.2733818346248202,0.9282463878077704,0.2522320677847963,4,291,0.6,2020-04-23,0,0.7752805882709777,2020,4,23,3,1,0,0,0,0,0,0,0,1,Low Income,Q3,1,13.45828300422201,836.4282874221794,1.4293610893149425e-06,530.0540962743115,1.136596421303374
CUST00568,32.0,1,1.0,Salaried,-0.5417503251611632,-0.7748527797963501,-0.32574492295297985,2,331,0.71,2024-04-16,0,0.1857514663249212,2024,4,16,1,1,0,0,0,0,0,0,1,0,Low Income,Q3,1,12.881314579627938,626.8178682839218,2.5451662660405284e-06,420.7843002297434,-1.6115781168217018
CUST00569,29.0,0,2.0,Salaried,-0.33847838466185165,0.6634027143586835,0.6673299196785909,9,405,0.31,2021-08-12,0,1.8731524446619425,2021,8,12,3,0,1,0,0,0,1,0,0,0,Low Income,Q4,3,12.764932290518702,591.3835050117648,2.8593040825572584e-06,401.6242105202377,1.5187652330804626
CUST00570,30.0,1,2.0,Self-Employed,-0.5280970687925514,0.8308813673689884,0.17535575066633916,2,287,0.24,2018-07-03,0,0.7082721302608158,2018,7,3,1,0,1,0,0,0,0,0,0,1,Low Income,Q3,1,13.178894606827464,727.378051634774,1.8900739421497131e-06,474.0080991585622,0.46250075963543824
CUST00571,64.0,1,0.0,Self-Employed,0.7262340495959407,0.5565682884582177,-0.4035044553535571,7,26,0.93,2021-07-07,0,0.5160165983772271,2021,7,7,2,0,0,0,1,0,0,0,0,1,Medium Income,Q1,0,13.755787750640886,970.579527911031,1.0615422540206497e-06,596.9990484879676,0.9269475181512363
CUST00572,37.0,1,3.0,Salaried,-0.5353613222016469,0.673327144743487,-0.5099203965739043,6,272,0.62,2022-08-18,0,1.8325077285122864,2022,8,18,3,0,0,0,1,0,0,0,1,0,Low Income,Q3,1,12.637256636181473,554.8105442401036,3.248696769047613e-06,381.60098335955615,1.213697302933525
CUST00573,58.0,1,0.0,Salaried,-0.7929578916213372,0.39204275039332226,0.4663906774148502,0,116,0.93,2024-02-12,0,4.7507118,2024,2,12,0,0,1,0,0,0,1,0,0,0,Low Income,Q1,0,11.51293546492023,316.22776601683796,9.99990000099999e-06,243.026193207401,0.884125584789966
CUST00574,27.0,0,0.0,Self-Employed,-0.9922786379146159,-0.12402864482979123,0.0,11,77,0.39,2021-12-03,1,0.5964095625052314,2021,12,3,4,0,1,0,0,1,0,0,0,0,Low Income,Q1,0,13.059744569770437,685.3099517736482,2.129241872997834e-06,451.9380203303725,-0.005767496863153361
CUST00575,33.0,1,0.0,Salaried,0.6800700283490397,0.7304483159557419,0.0628491388863608,11,137,0.7,2022-12-02,0,0.5862033835482177,2022,12,2,4,0,1,0,0,1,0,0,0,0,Medium Income,Q2,2,13.694106451637671,941.1030655565839,1.129081089000517e-06,582.4606813822401,1.0518839964436106
CUST00576,60.0,2,2.0,Self-Employed,-0.8487630241163571,0.14213160391187063,0.5093132003613251,4,302,0.29,2019-09-19,0,2.0725140277419953,2019,9,19,3,0,1,0,0,0,1,0,0,0,Low Income,Q3,1,12.024940321318752,408.4898897157676,5.992868845645813e-06,298.524904243361,0.32818330487605996
CUST00577,62.0,1,0.0,Self-Employed,-0.7046778539960068,0.6588296344813606,-0.26338685391784317,8,303,0.32,2023-08-18,0,1.627549650066196,2023,8,18,4,0,0,1,0,0,0,1,0,0,Low Income,Q3,1,12.627837848995854,552.2038572846083,3.2794401077492843e-06,380.1637536172261,0.9659649011377479
CUST00578,29.0,1,0.0,Self-Employed,0.21278223130798224,0.9770297600599768,0.011686316645564602,3,105,0.54,2020-02-22,0,0.7748729592417594,2020,2,22,5,0,1,0,0,0,0,0,1,0,Low Income,Q1,0,13.408876301668643,816.0188049303765,1.50175474786146e-06,519.6840320684413,1.039990830260279
CUST00579,42.32736842105263,0,3.0,Salaried,0.929425816714773,-0.3685893788104121,0.01759321040151442,0,404,0.37,2022-02-16,0,0.08341291631080489,2022,2,16,2,0,0,0,1,0,1,0,0,0,Medium Income,Q4,3,14.032618137396346,1114.664415866946,8.048433800537404e-07,666.828779967943,-1.2678773846498905
CUST00580,22.0,0,3.0,Salaried,-0.7740059106149928,0.46461022598019,0.4301769266798169,7,10,0.24,2022-11-20,1,1.7008222937266182,2022,11,20,6,1,0,0,0,1,0,0,0,0,Low Income,Q1,0,12.470158811289762,510.34016106906574,3.839536847420799e-06,356.8863323884023,0.7558669477808376
CUST00581,25.0,1,0.0,Self-Employed,-0.899826153411112,-0.086707440802436,0.42754498400385194,4,418,0.32,2020-02-14,1,1.065770233725018,2020,2,14,4,0,0,1,0,0,0,0,0,1,Low Income,Q4,3,12.43228141426189,500.7658934072887,3.9877579022606915e-06,351.5089235951337,-0.07659082596357122
CUST00582,42.32736842105263,1,3.0,Salaried,0.8115993035054068,0.4238311166370562,-0.4020867507388486,1,307,0.13,2022-10-26,0,0.47449447481321017,2022,10,26,2,0,1,0,0,1,0,0,0,0,Low Income,Q3,1,13.436700413823734,827.4506571391432,1.4605457162566582e-06,525.4989936085553,0.22637390796740303
CUST00583,57.0,0,3.0,Self-Employed,0.9851571915924462,0.13580190346239318,0.10499119424825631,11,189,0.7,2023-02-07,0,0.3582866584755987,2023,2,7,1,1,0,0,0,0,0,0,0,1,Medium Income,Q2,2,13.711448765267242,949.2990097961758,1.1096690222387771e-06,586.5122866936174,0.21645669314650223
CUST00584,58.0,1,0.0,Salaried,-0.877889364545983,0.1786554890148578,-0.44428873479069037,0,417,0.52,2020-10-03,0,0.7109733937463011,2020,10,3,5,0,0,1,0,0,0,0,1,0,Low Income,Q4,3,13.003526506658755,666.3147304390021,2.2523723787791206e-06,441.88265516494425,0.18028039299856496
CUST00585,39.0,2,2.0,Salaried,-0.6097449589863368,0.5734488030235979,-0.5471449125246008,11,190,0.18,2019-11-08,0,2.9500655171042647,2019,11,8,4,1,0,0,0,0,0,0,0,1,Low Income,Q2,2,12.17897099102707,441.1932229760561,5.137361223176938e-06,317.5573344999687,1.2492053744616995
CUST00586,28.0,2,0.0,Self-Employed,0.9969884080005551,-0.06103710676815649,0.04783916711117982,11,244,0.25,2023-01-05,1,0.09489709169789419,2023,1,5,3,0,1,0,0,0,1,0,0,0,High Income,Q2,2,14.638726264214851,1509.242144256514,4.3901763044316833e-07,849.4357163406818,-0.3815880090031692
CUST00587,21.0,0,3.0,Self-Employed,0.42508819066911685,-0.9051519376069724,0.0,11,449,0.19,2018-07-30,0,0.06633848135427621,2018,7,30,0,0,1,0,0,0,0,0,0,1,Low Income,Q4,3,13.532764748760234,868.1649324869094,1.3267678667702164e-06,546.0777417866817,-1.9346653193275656
CUST00588,42.0,1,2.0,Unemployed,0.8053663225941134,-0.5927774341447506,0.0,2,328,0.62,2021-08-29,1,0.047862289242956234,2021,8,29,6,0,0,0,1,0,0,1,0,0,Medium Income,Q3,1,13.85920660722964,1022.0879512057659,9.572448685405091e-07,622.1903336679813,-1.9346653193275656
CUST00589,37.0,0,1.0,Self-Employed,0.4482661811672995,0.7388541758189611,-0.50314206512333,8,346,0.18,2022-06-16,0,0.6443630860058841,2022,6,16,3,0,1,0,0,0,1,0,0,0,Low Income,Q3,1,13.546634250093026,874.2063715164744,1.3084932807168993e-06,549.1143775729041,0.9513113442130837
CUST00590,27.0,1,2.0,Salaried,0.6044803829648584,-0.5184882850037371,-0.6047920013728203,0,17,0.74,2021-09-22,0,0.19922919297860223,2021,9,22,2,0,1,0,0,0,0,0,1,0,Low Income,Q1,0,13.601100657053601,898.3409820329917,1.2391304714177704e-06,561.2029339954771,-0.7681887666083445
CUST00591,45.0,1,3.0,Self-Employed,0.7745162213857589,0.6257724292564023,0.09237688884600477,3,452,0.12,2019-05-05,0,0.5686045754832647,2019,5,5,6,0,0,1,0,0,1,0,0,0,High Income,Q4,3,14.638726264214851,1509.242144256514,4.3901763044316833e-07,849.4357163406818,3.1486559909883396
CUST00592,24.0,1,2.0,Self-Employed,0.9995980399832516,-0.028350634237024705,0.0,7,438,0.31,2021-11-27,0,0.23079679308602333,2021,11,27,5,0,0,0,1,0,0,1,0,0,Medium Income,Q4,3,14.006442513649922,1100.170936718472,8.261888036892701e-07,659.8918274451804,-0.009861279544502635
CUST00593,56.0,1,0.0,Salaried,-0.4341726515252138,-0.8942805778687081,-0.10842673431573396,7,36,0.86,2018-07-10,0,0.2806442215182096,2018,7,10,1,0,0,1,0,0,0,0,1,0,Low Income,Q1,0,13.123293944292627,707.4351560390535,1.998139731909592e-06,463.5789216022074,-0.9309086365842371
CUST00594,26.0,0,1.0,Salaried,-0.44198686344241783,0.6290441896457402,-0.6394927833973326,9,317,0.71,2020-04-22,0,1.0139735076863656,2020,4,22,2,1,0,0,0,1,0,0,0,0,Low Income,Q3,1,13.01035966673063,668.5951465573169,2.237034022178e-06,443.0928814255166,0.7976050552716428
CUST00595,51.0,0,1.0,Salaried,0.9955227689944812,-0.0449202460470008,0.08316602616836795,11,155,0.16,2018-12-01,0,0.263267074962642,2018,12,1,5,0,1,0,0,0,0,1,0,0,Medium Income,Q2,2,13.866564567225423,1025.8551213499886,9.502273480695034e-07,624.0224428864583,-0.022382290643401418
CUST00596,39.0,0,1.0,Salaried,-0.6874143139405384,-0.0881035988937124,-0.7209017386937243,10,100,0.8,2022-07-01,0,1.1113331070406465,2022,7,1,4,1,0,0,0,0,0,0,1,0,Low Income,Q1,0,12.352083198524467,481.08282031267754,4.32074291890726e-06,340.3873213074485,-0.13351010693406298
CUST00597,64.0,1,3.0,Self-Employed,-0.983473789969759,0.14319463926348283,0.1107907926170722,10,351,0.52,2021-01-15,0,2.4750057004123844,2021,1,15,4,0,0,1,0,0,0,0,0,1,Low Income,Q3,1,11.83608736796011,371.6825258200875,7.238566503243964e-06,276.72715369542306,0.3094776860749377
CUST00598,59.0,1,3.0,Salaried,0.09867582642422734,0.6140325179587035,0.7830882122524833,7,281,0.82,2019-08-02,0,0.6822453211336856,2019,8,2,4,0,1,0,0,0,1,0,0,0,Low Income,Q3,1,13.353300845091256,793.6556117107722,1.587578203903877e-06,508.2603151560425,0.7012936324808742
CUST00599,47.0,1,1.0,Salaried,-0.0011674456723322108,-0.5874447256324434,-0.8092634499328544,9,331,0.61,2018-03-03,0,0.21246085938814363,2018,3,3,5,0,1,0,0,0,0,0,1,0,Low Income,Q3,1,13.303962790181714,774.3163888230702,1.6678706747088944e-06,498.32829856166916,-1.043414255678405
CUST00600,30.0,2,2.0,Salaried,-0.12876380764712275,0.5038265687813053,-0.8541537744635163,7,14,0.68,2019-01-22,0,0.8418079730695286,2019,1,22,1,0,0,1,0,0,1,0,0,0,Low Income,Q1,0,13.204918004488128,736.904335718009,1.8415222759742112e-06,478.96923928145776,0.8131046029805917
CUST00601,46.0,1,1.0,Salaried,0.4087005308940179,0.5975795461159267,0.6898279221014695,3,91,0.94,2021-03-15,0,0.6611493692197096,2021,3,15,0,0,0,1,0,0,0,0,0,1,Medium Income,Q1,0,13.651205846671619,921.1310655927309,1.1785733850032477e-06,572.5573467521207,1.2027883070944745
CUST00602,39.0,0,2.0,Salaried,-0.5370913467820629,-0.774157366621402,-0.3349824725528874,7,396,0.3,2024-01-10,0,0.13406678590566604,2024,1,10,2,0,0,1,0,0,0,0,1,0,Low Income,Q4,3,12.829198166653706,610.6950548350625,2.6813285285713654e-06,412.0945306169852,-1.9346653193275656
CUST00603,59.0,1,2.0,Salaried,0.05077681398753071,0.24796782228160164,0.9674366512977456,8,228,0.63,2019-09-11,1,0.5682955789134951,2019,9,11,2,0,0,1,0,1,0,0,0,0,Low Income,Q2,2,13.3310716881562,784.8832906872206,1.6232638908616054e-06,503.7613180070452,0.3484358898820733
CUST00604,23.0,1,3.0,Unemployed,-0.7968300345314528,-0.5627230907070305,-0.2200104980534581,6,127,0.49,2022-08-11,0,0.4806406513153987,2022,8,11,3,0,0,1,0,0,0,1,0,0,Low Income,Q2,0,13.142116023059291,714.1242959037313,1.960882319392787e-06,467.08362495460483,-0.20385987592139188
CUST00605,33.0,0,2.0,Salaried,-0.7730898001556022,0.6269691517476991,-0.09613450812347143,11,90,0.13,2023-02-21,0,1.1290210163502272,2023,2,21,1,0,1,0,0,0,0,0,1,0,Low Income,Q1,0,12.840521206153245,614.1623319611843,2.6511389810034493e-06,413.96721162388326,0.6851075875183943
CUST00606,48.0,1,1.0,Salaried,-0.04951925750666251,-0.9135980759725376,0.4035918714682771,1,473,0.11,2024-02-04,0,0.13857279702236963,2024,2,4,6,0,0,1,0,0,0,0,0,1,Low Income,Q4,3,13.278582168642744,764.5521434146922,1.7107440439847349e-06,493.29450957726414,-1.5141077192028973
CUST00607,40.0,0,3.0,Salaried,0.42104099374210424,0.8037399219999768,-0.4203886527632883,8,79,0.2,2019-05-02,1,0.7295205632375226,2019,5,2,3,0,1,0,0,0,0,0,1,0,Low Income,Q1,0,13.608670811867322,901.7477197087886,1.2297854780658845e-06,562.9039312899138,1.3144740059319944
CUST00608,48.0,0,0.0,Self-Employed,0.8482693401173312,-0.5236850274402912,0.07869637000376081,10,124,0.65,2021-07-01,0,0.04424222679338808,2021,7,1,3,0,1,0,0,0,1,0,0,0,Medium Income,Q1,0,13.937854757899794,1063.0813844668714,8.848437529186018e-07,642.0540844484482,-1.9346653193275656
CUST00609,28.0,1,0.0,Salaried,0.8354573981449401,-0.2816490749425506,-0.4718948341197352,7,272,0.58,2024-12-22,0,0.3437306803776172,2024,12,22,6,0,0,1,0,0,0,0,1,0,Low Income,Q3,1,13.520945854453045,863.0496799141982,1.3425418277297317e-06,543.5032681569103,-0.14027229741049765
CUST00610,61.0,1,3.0,Self-Employed,-0.8237747744596922,0.19152161458103123,-0.5335865366668824,4,315,0.57,2019-06-25,0,3.7817328999999997,2019,6,25,1,0,0,1,0,1,0,0,0,0,Low Income,Q3,1,11.51293546492023,316.22776601683796,9.99990000099999e-06,243.026193207401,0.47805789221745076
CUST00611,59.0,1,1.0,Self-Employed,-0.051282809278150016,-0.8402731109237701,0.5397325009030217,11,151,0.13,2022-03-16,0,0.2988481552284439,2022,3,16,2,0,0,0,1,0,0,0,1,0,Low Income,Q2,2,13.288667300766852,768.4171913745813,1.6935776723326212e-06,495.2886277177289,-0.6512650233145065
CUST00612,21.0,0,0.0,Salaried,0.061552419914305934,-0.9625952749656418,-0.2638591219126473,2,431,0.5,2023-08-23,0,0.24195860989300855,2023,8,23,2,0,1,0,0,0,0,1,0,0,Low Income,Q4,3,13.325225361148775,782.5922948764573,1.6327818177335454e-06,502.5846658383202,-0.8673645347961576
CUST00613,23.0,1,0.0,Salaried,0.958878750826383,0.26491204914381156,-0.10184864963298323,6,497,0.89,2018-05-31,0,0.4076512113000115,2018,5,31,3,0,0,1,0,0,0,0,1,0,Medium Income,Q4,3,13.634052528223492,913.2646111615187,1.1989642148148214e-06,568.6446911887881,0.3002729807706126
CUST00614,33.0,1,2.0,Self-Employed,0.15375596875604666,0.09823332273938991,-0.9832137694191779,1,216,0.44,2020-12-09,1,0.4859107650111827,2020,12,9,2,0,0,1,0,0,1,0,0,0,Low Income,Q2,2,13.37886987243766,803.8672651626013,1.5474999380226276e-06,513.4847381073976,0.17190339190660722
CUST00615,48.0,1,2.0,Salaried,0.5956805928469984,0.022895931514978818,0.8028950165653725,2,120,0.63,2021-05-23,1,0.32965950360715557,2021,5,23,6,0,0,1,0,0,0,0,1,0,Medium Income,Q1,0,13.724790380961453,955.6527769017364,1.0949625666789774e-06,589.6483153155576,0.10561397215017274
CUST00616,45.0,0,1.0,Unemployed,0.28827599421445377,0.6462520445444431,0.7065799643931289,11,312,0.76,2020-09-17,0,0.6513145641179873,2020,9,17,3,0,0,0,1,1,0,0,0,0,Low Income,Q3,1,13.45585782767441,835.4146575204436,1.4328317490870891e-06,529.540298386928,0.8028271529277922
CUST00617,53.0,1,3.0,Salaried,0.8157764365075315,-0.17870871114990267,0.5500654526492409,8,121,0.77,2019-01-07,0,0.23137822679756379,2019,1,7,0,0,0,0,1,0,0,0,0,1,Medium Income,Q1,0,13.805157671296385,994.836428766056,1.010406663219698e-06,608.8955206074481,-0.3010727151410844
CUST00618,58.0,0,1.0,Salaried,-0.7130447442062832,0.5742595025011573,-0.4022352751150991,3,426,0.54,2021-02-10,0,0.7291797297370057,2021,2,10,2,1,0,0,0,0,0,0,1,0,Low Income,Q4,3,13.102802341722544,700.2239070468817,2.039507212635677e-06,459.7930827482483,0.38335999638794893
CUST00619,26.0,0,3.0,Salaried,0.08102959889392683,-0.25300223060938015,-0.9640664268657877,3,52,0.83,2024-04-18,0,0.32827563045851027,2024,4,18,3,0,1,0,0,0,0,0,1,0,Low Income,Q1,0,13.363090421045275,797.5499169331033,1.572112312269549e-06,510.25430375003435,-0.4290106886639454
CUST00620,64.0,1,0.0,Salaried,0.3595955747032928,-0.3410983090063674,0.8685291971182116,2,356,0.43,2023-10-02,0,0.1823824420383706,2023,10,2,0,1,0,0,0,0,0,1,0,0,Low Income,Q3,1,13.600659255724276,898.1427392124261,1.2396775459859005e-06,561.10391011547,-0.8760052025029286
CUST00621,52.0,1,2.0,Self-Employed,-0.9251853309405097,-0.37948291146136126,0.004982300804684503,4,294,0.86,2021-02-27,0,0.5443541839496833,2021,2,27,5,0,0,1,0,1,0,0,0,0,Low Income,Q3,1,13.032334681975257,675.9818636620364,2.1884113639125013e-06,447.00728090462405,-0.18252434545123492
CUST00622,41.0,2,1.0,Salaried,-0.6890012710175577,-0.386304392251431,-0.6132260309734433,2,137,0.3,2018-07-12,0,0.5222955064487469,2018,7,12,3,0,0,0,1,0,0,0,0,1,Low Income,Q2,2,12.905444909987308,634.4263550641634,2.4844856294866704e-06,424.86919129021396,-0.41982387686021333
CUST00623,36.0,1,1.0,Salaried,-0.7060728526029886,-0.4423890622887022,0.552949404904645,8,194,0.34,2020-12-16,0,0.49522057439855127,2020,12,16,2,0,0,0,1,0,1,0,0,0,Low Income,Q2,2,13.000563992002473,665.328475266165,2.259054958695665e-06,441.3589838434677,-0.36214600956718423
CUST00624,41.0,0,3.0,Salaried,-0.39918489018115233,0.6267361815013905,0.6692183367542445,2,238,0.15,2023-11-15,0,1.2351920456723484,2023,11,15,2,1,0,0,0,0,0,0,1,0,Low Income,Q2,2,12.930469188819934,642.4142744366753,2.423084630349959e-06,429.1470562176896,1.0168048623414705
CUST00625,31.0,1,3.0,Self-Employed,0.9289488517974962,-0.3642355053886284,0.06623086409223405,1,398,0.78,2018-07-17,0,0.34799793737133206,2018,7,17,1,0,0,0,1,0,0,0,0,1,Low Income,Q4,3,13.501678166984881,854.7751049252663,1.3686603175062003e-06,539.3321238955958,-0.15045583716573815
CUST00626,57.0,1,1.0,Self-Employed,-0.7748943354545873,-0.25452593032873144,0.5785804349186786,11,230,0.45,2024-01-04,0,1.2786933487164254,2024,1,4,3,0,0,1,0,0,1,0,0,0,Low Income,Q2,2,11.85863342073483,375.896248983679,7.077191422245835e-06,279.2441626373924,-0.6209259759682917
CUST00627,56.0,0,3.0,Self-Employed,0.0,0.059730338837002746,0.9982145493942757,4,361,0.29,2022-05-18,0,0.5084164816081588,2022,5,18,2,0,0,0,1,1,0,0,0,0,Low Income,Q3,1,13.304700667407849,774.6021172188983,1.666640444857001e-06,498.4754052077574,0.12623501465537218
CUST00628,55.0,1,1.0,Self-Employed,0.8701824250674789,0.06718106504468842,-0.48812831469106854,5,453,0.3,2022-05-20,0,0.299113289045517,2022,5,20,4,1,0,0,0,1,0,0,0,0,Medium Income,Q4,3,13.879130801363868,1032.3209869028142,9.383612807663093e-07,627.1638290315767,0.1959032820177938
CUST00629,39.0,1,1.0,Salaried,-0.49263888847095405,-0.755847533258971,-0.43127883327660704,0,126,0.87,2019-11-15,1,0.20624804078239073,2019,11,15,4,0,0,1,0,0,0,0,0,1,Low Income,Q1,0,12.944974005365376,647.0902719095691,2.3881919003898534e-06,431.6462091105763,-1.4522731155043214
CUST00630,40.0,1,1.0,Salaried,0.18391179684852185,-0.22806379658349765,0.9561189024738863,11,79,0.81,2018-11-29,1,0.3789007142743847,2018,11,29,3,1,0,0,0,0,1,0,0,0,Low Income,Q1,0,13.384734887999413,806.2280756708984,1.5384503906133234e-06,514.6906294801031,-0.19694382801747679
CUST00631,38.0,1,0.0,Self-Employed,-0.5105471529629627,-0.0984578426097881,-0.8541941569865948,10,395,0.57,2021-05-28,0,1.0497266300533918,2021,5,28,4,0,0,0,1,1,0,0,0,0,Low Income,Q4,3,12.335847491158916,477.1932522574057,4.391465801020928e-06,338.1786964163508,-0.2400293628144637
CUST00632,61.0,1,3.0,Salaried,0.5238429508786505,-0.6966353400576331,-0.4901915603083491,5,79,0.62,2021-11-22,0,0.43143644790627683,2021,11,22,0,1,0,0,0,0,0,0,0,1,Low Income,Q1,0,13.343155478224539,789.6398356212786,1.6037667477151577e-06,506.2020387434351,-0.06679272116971326
CUST00633,34.0,1,2.0,Salaried,-0.4108126354138268,0.4275799197994032,-0.8052380957013163,9,119,0.5,2021-09-27,0,1.0246206332336882,2021,9,27,0,1,0,0,0,1,0,0,0,0,Low Income,Q1,0,12.948603456980477,648.265632283557,2.3795397841562295e-06,432.2738168291041,0.7048551649128625
CUST00634,35.0,2,2.0,Salaried,-0.9586252350337263,0.10755542159899967,-0.2635706547421287,2,436,0.43,2022-12-27,0,1.5514248285467842,2022,12,27,1,0,1,0,0,1,0,0,0,0,Low Income,Q4,3,12.251182856493669,457.4140684325308,4.7794606311765265e-06,326.88977767888986,0.2250190060490018
CUST00635,51.0,1,3.0,Salaried,0.7272366903524156,0.6730508529120641,-0.1346452583628845,3,141,0.88,2024-01-29,0,0.5577091922246008,2024,1,29,0,0,0,0,1,1,0,0,0,0,Medium Income,Q2,2,13.747479127715966,966.5557976650908,1.0703989508548908e-06,595.0198325682379,1.0586959567499838
CUST00636,21.0,0,1.0,Salaried,0.9681021821444812,0.025410070867289507,-0.24926390277297117,5,65,0.21,2022-01-31,0,0.33261205882358524,2022,1,31,0,0,0,0,1,0,0,1,0,0,Medium Income,Q1,0,13.705296538645268,946.3833419920281,1.1165170010983066e-06,585.0717684396492,0.08910169052099455
CUST00637,23.0,1,2.0,Self-Employed,-0.05818468723189503,0.9593773166244869,-0.27606105577956025,7,486,0.46,2022-11-07,0,1.0811890300339537,2022,11,7,0,1,0,0,0,0,1,0,0,0,Low Income,Q4,3,13.258924201663579,757.0741707389046,1.7447065168103343e-06,489.4305001666969,1.403445174547884
CUST00638,36.0,0,2.0,Salaried,0.6584718835329,-0.26749741437479063,-0.7034628006507783,8,452,0.39,2023-07-04,0,0.2554089359927807,2023,7,4,1,0,1,0,0,0,0,0,0,1,Medium Income,Q4,3,13.652821919949176,921.8756749150072,1.1766702622572094e-06,572.9273502403726,-0.3758298832475894
CUST00639,43.0,1,3.0,Salaried,0.6684273251588255,-0.2481123775510382,0.7011741289344531,5,98,0.52,2021-04-27,1,0.1500978734265409,2021,4,27,1,0,0,0,1,0,0,0,0,1,Medium Income,Q1,0,13.888597595570202,1037.2189595259044,9.295199233160937e-07,629.5407958215326,-0.762839434819017
CUST00640,31.0,2,2.0,Salaried,0.34436087253287656,0.26257585020008195,0.9013709072075158,6,146,0.49,2021-02-17,0,0.5053961795567685,2021,2,17,2,0,0,1,0,0,1,0,0,0,Low Income,Q2,2,13.57791302431594,887.9859120504109,1.268198682803193e-06,556.0245002773173,0.5682552187590942
CUST00641,32.0,1,1.0,Self-Employed,0.26024606780600296,0.7432020923846299,-0.6163786450442792,4,140,0.54,2018-04-15,0,0.7577714232748077,2018,4,15,6,1,0,0,0,0,1,0,0,0,Low Income,Q2,2,13.486896665517197,848.4809544120599,1.3890414326473323e-06,536.1537788519345,1.147878361418096
CUST00642,30.0,1,3.0,Salaried,0.0933356381023018,-0.6096654704871888,0.7871445056377327,11,227,0.22,2020-03-17,0,0.07974823121623502,2020,3,17,1,0,0,0,1,0,1,0,0,0,Low Income,Q2,2,13.384325130105596,806.0629131773773,1.5390809119768536e-06,514.6062886796701,-1.9061264719055515
CUST00643,52.0,1,1.0,Self-Employed,0.8627961473062019,-0.19834730767409853,-0.46501736927991333,8,185,0.54,2020-11-30,0,0.34699709331770007,2020,11,30,0,0,0,1,0,0,1,0,0,0,Low Income,Q2,2,13.544194285573408,873.1405041572633,1.3116898560753554e-06,548.5789476613644,-0.09184709320863513
CUST00644,36.0,1,2.0,Self-Employed,-0.5276215066897447,-0.8001742676923739,0.28519587479733466,3,180,0.31,2020-06-07,0,0.37338256648582574,2020,6,7,6,0,0,0,1,0,0,0,1,0,Low Income,Q2,2,13.140244846732266,713.4564808031391,1.964554910930518e-06,466.7340322508822,-0.554978738280228
CUST00645,28.0,1,2.0,Salaried,0.0,0.9989524033107094,-0.04576129281125673,9,484,0.26,2018-11-17,0,0.5428476639428605,2018,11,17,5,0,0,1,0,0,0,0,0,1,Low Income,Q4,3,13.304700667407849,774.6021172188983,1.666640444857001e-06,498.4754052077574,0.2305271657996482
CUST00646,42.32736842105263,1,1.0,Unemployed,0.5917132739381289,0.06842044759504728,-0.8032397175167039,10,109,0.16,2024-07-10,0,0.4234510430450075,2024,7,10,2,1,0,0,0,0,0,0,1,0,Low Income,Q1,0,13.476849303190091,844.2291395113059,1.4030679821233425e-06,534.0040266889649,0.10942646763844498
CUST00647,32.0,0,0.0,Unemployed,-0.26473504707556617,0.7550247200510746,0.5998775099649046,5,489,0.75,2024-04-30,1,1.1259202210071326,2024,4,30,1,0,0,0,1,1,0,0,0,0,Low Income,Q4,3,13.084733740218107,693.9263505589048,2.0766931933763953e-06,456.48041465179375,1.1357782425401886
CUST00648,44.0,1,2.0,Salaried,-0.8816777217526635,-0.1520806041080381,0.44667201033775017,4,138,0.46,2022-02-09,0,0.5515428097071581,2022,2,9,2,0,0,0,1,1,0,0,0,0,Low Income,Q2,2,13.139320941736473,713.1269732663321,1.966370811757985e-06,466.56151465798666,-0.0036839983109483786
CUST00649,48.0,1,0.0,Self-Employed,0.00011079784943967824,0.9999999938619183,0.0,0,66,0.63,2024-07-27,1,0.912364266599463,2024,7,27,5,0,1,0,0,0,0,0,0,1,Low Income,Q1,0,13.304764381042299,774.6267940111547,1.6665342605196683e-06,498.4881094814874,1.1547821799786748
CUST00650,28.0,1,2.0,Salaried,0.66280288235094,-0.152216354776668,-0.7331592736137145,4,190,0.72,2022-04-18,0,0.2740735898168369,2022,4,18,0,1,0,0,0,1,0,0,0,0,Medium Income,Q2,2,13.696336055917397,942.1527954636657,1.1265664892951567e-06,582.9800084117358,-0.21470433183374266
CUST00651,48.0,0,0.0,Salaried,-0.6653005567679052,0.55442824529074,-0.4999844897475786,4,255,0.68,2022-12-02,0,1.4732214712016758,2022,12,2,4,0,0,1,0,0,1,0,0,0,Low Income,Q2,2,12.666136601990944,562.8801471006061,3.1562163606515013e-06,386.04156611303,0.8514722732255242
CUST00652,56.0,1,0.0,Salaried,0.4185438469479195,0.14604569031758738,-0.8963769879474237,8,153,0.5,2022-02-28,0,0.43195957156609177,2022,2,28,0,0,0,0,1,0,0,0,1,0,Low Income,Q2,2,13.579529494773038,888.7039045711457,1.2661503330931319e-06,556.3839548126035,0.30583947214919494
CUST00653,46.0,1,0.0,Salaried,0.4167122163094873,0.9082608117900168,0.03759290551387058,0,60,0.43,2023-04-03,0,0.7661884323198059,2023,4,3,0,0,0,0,1,0,1,0,0,0,Low Income,Q1,0,13.58980134314846,893.2799673114806,1.253211197041018e-06,558.673517474931,1.3757695580569502
CUST00654,28.0,1,1.0,Unemployed,0.4084734887873881,-0.6805273402914236,-0.6083025136178054,4,377,0.42,2023-02-09,1,0.06277834348040626,2023,2,9,3,0,0,1,0,1,0,0,0,0,Low Income,Q3,1,13.587924653996568,892.4421549882098,1.2555652931619403e-06,558.2545102287042,-1.9346653193275656
CUST00655,48.0,0,0.0,Salaried,-0.5876487118835572,-0.7940529422335764,-0.15539921605914414,6,468,0.64,2021-11-06,0,0.22722210701422546,2021,11,6,5,1,0,0,0,0,0,0,1,0,Low Income,Q4,3,12.894996922169234,631.1207491439336,2.5105795823600652e-06,423.09569207158586,-1.406084995801671
CUST00656,48.0,0,0.0,Self-Employed,-0.586499617002877,0.6322354701939128,0.5062573549926562,10,227,0.52,2022-02-13,0,3.5610102041739617,2022,2,13,6,0,1,0,0,0,1,0,0,0,Low Income,Q2,2,12.082947491132675,420.51111757003525,5.655129824815388e-06,305.55581558428673,1.4364069937010986
CUST00657,57.0,1,0.0,Self-Employed,0.3591417691853731,-0.4306793340431668,0.8279689008981764,5,113,0.82,2023-05-14,0,0.2270665983065962,2023,5,14,6,0,1,0,0,0,0,0,0,1,Low Income,Q1,0,13.514305622358386,860.1890024872441,1.3514862808194958e-06,542.0621510894856,-0.7134180624874149
CUST00658,61.0,0,2.0,Self-Employed,0.29384347649419057,-0.954993835930724,0.04053127997151809,5,392,0.84,2018-01-05,0,0.2773838985525551,2018,1,5,4,0,0,0,1,0,1,0,0,0,Low Income,Q4,3,13.37992489636187,804.2914272824247,1.5458681495046189e-06,513.7014513899585,-0.6298100365267326
CUST00659,56.0,0,0.0,Salaried,0.778256123944921,-0.6274846306052335,-0.024092403293184284,11,64,0.24,2023-09-13,0,0.16727849477900306,2023,9,13,2,0,0,1,0,1,0,0,0,0,Medium Income,Q1,0,13.65427922269057,922.547646466024,1.1749567463172977e-06,573.2612069933413,-0.91495918510151
CUST00660,47.0,1,2.0,Salaried,-0.5169983670120012,0.8559863833653689,0.0,6,266,0.22,2021-03-14,0,1.1926596161107723,2021,3,14,6,0,0,0,1,0,0,0,1,0,Low Income,Q3,1,12.959530963481328,651.8172980214624,2.353678902509655e-06,434.1688932162224,1.0054112035429583
CUST00661,37.0,1,0.0,Salaried,0.4991949675072304,-0.7732327242101698,0.3910441645466335,5,355,0.64,2024-07-26,1,0.09414537245370773,2024,7,26,4,0,0,1,0,0,0,0,0,1,Low Income,Q3,1,13.579826945212533,888.8360872511871,1.2657737721269755e-06,556.4501240627875,-1.5941504137986906
CUST00662,29.0,1,0.0,Salaried,0.9644461606951089,0.05875249612259987,-0.25766596073177395,4,165,0.36,2024-11-17,0,0.35206114318519705,2024,11,17,6,0,1,0,0,0,0,0,1,0,Medium Income,Q2,2,13.668869644124175,929.3024426955952,1.1579380888252687e-06,576.6144555188157,0.121008901161999
CUST00663,53.0,1,1.0,Salaried,-0.06724659198418928,-0.15240925236671343,-0.9860270359678437,9,62,0.12,2018-12-14,0,0.4376953765778889,2018,12,14,4,1,0,0,0,0,0,0,0,1,Low Income,Q1,0,13.264164231090767,759.060320396212,1.7355881145329178e-06,490.45753744495437,-0.1624539507735379
CUST00664,40.0,1,2.0,Salaried,0.34166732301009206,0.8613530274130263,0.3759446801771927,4,451,0.86,2022-11-01,0,0.6909264950299502,2022,11,1,1,0,0,1,0,0,0,0,1,0,Low Income,Q4,3,13.46486508588613,839.1855456333838,1.419983812752528e-06,531.4510781660277,0.9287683527153948
CUST00665,33.0,1,0.0,Salaried,0.3432500109086817,-0.4548668522168053,0.821751529822467,8,338,0.29,2018-05-05,0,0.28546299789295804,2018,5,5,5,0,1,0,0,1,0,0,0,0,Low Income,Q3,1,13.452375664839867,833.961395989047,1.4378297995143328e-06,528.8034340991438,-0.4971123146599109
CUST00666,48.0,1,2.0,Self-Employed,-0.7433193104875293,0.40398920767823304,-0.533168943896639,7,453,0.89,2022-12-19,0,0.9496150115517566,2022,12,19,0,0,0,0,1,0,0,0,0,1,Low Income,Q4,3,12.885713069144058,628.1979146733934,2.5339959631417112e-06,421.52597557993454,0.46257904953760315
CUST00667,49.0,1,2.0,Salaried,0.41814663873199187,-0.8639981559105193,0.2804649266848868,11,196,0.71,2024-08-01,1,0.12170337886509779,2024,8,1,3,0,0,1,0,0,0,1,0,0,Low Income,Q2,2,13.504594180740865,856.0222835884589,1.3646750984937193e-06,539.9613416363185,-1.4207010430002736
CUST00668,33.0,1,3.0,Salaried,0.580274707703972,0.8065476953553388,-0.11296937069870379,9,373,0.75,2019-05-13,0,0.7053421297106508,2019,5,13,0,1,0,0,0,0,0,0,1,0,Medium Income,Q3,1,13.821120383428426,1002.8083515806995,9.944058802242692e-07,612.7922705422521,1.6879977579854253
CUST00669,55.0,1,1.0,Self-Employed,0.09476467292482048,-0.8153878965806967,-0.5711061502690713,3,159,0.27,2021-03-22,0,0.42419777769990563,2021,3,22,0,0,0,0,1,0,0,0,1,0,Low Income,Q2,2,13.31389568469862,778.1715620607065,1.651385897540951e-06,500.31219486223836,-0.13542679218561665
CUST00670,26.0,1,1.0,Salaried,-0.5057440941933284,0.01762450941766794,-0.8625035001994811,3,273,0.3,2018-02-22,0,1.2845721771256033,2018,2,22,3,0,0,0,1,0,1,0,0,0,Low Income,Q3,1,12.366360610776832,484.52943151061527,4.259492182490105e-06,342.3413779479937,0.1082548226051891
CUST00671,38.0,0,1.0,Salaried,-0.3823079099006554,0.9193092102508716,-0.09333401296050152,9,259,0.54,2018-05-29,1,1.3962284843410817,2018,5,29,1,0,1,0,0,0,0,0,0,1,Low Income,Q2,1,12.96733250698963,654.3648599978455,2.3353880154939917e-06,435.5269085131778,1.3302597264318994
CUST00672,25.0,1,3.0,Self-Employed,-0.8341785828243317,-0.24775059617727616,0.4927126282641778,4,442,0.25,2019-05-18,1,1.2530333375788885,2019,5,18,5,0,0,1,0,0,0,1,0,0,Low Income,Q4,3,11.952106676448489,393.8815050240364,6.4456396665696376e-06,289.9236900149413,-0.5251616390537711
CUST00673,45.0,1,3.0,Salaried,0.5899032727955555,0.7612046517239495,-0.2694097380179738,2,307,0.36,2020-05-19,0,0.6505001142033006,2020,5,19,1,0,0,0,1,1,0,0,0,0,Medium Income,Q3,1,13.734914500554341,960.5026184243331,1.083932961434489e-06,592.0391891487717,1.3379535130429854
CUST00674,22.0,1,1.0,Self-Employed,0.8969448973555032,-0.4202720677750715,0.1373362303108385,7,420,0.37,2018-08-07,0,0.2856228475431766,2018,8,7,1,1,0,0,0,0,1,0,0,0,Low Income,Q4,3,13.581087784712135,889.396604445958,1.264178840245366e-06,556.7306907364162,-0.32000295158944925
CUST00675,30.0,1,3.0,Salaried,-0.5845184432906994,0.8113804221528995,0.0,6,432,0.24,2021-07-24,0,0.8867562619022619,2021,7,24,5,0,0,1,0,0,0,1,0,0,Low Income,Q4,3,13.070351256301695,688.9540478145113,2.106777021332466e-06,453.86052879411494,0.6642858948519367
CUST00676,50.0,2,3.0,Self-Employed,0.0,-0.771544455220149,0.6361754110456042,4,220,0.27,2024-11-04,1,0.3281908834482395,2024,11,4,0,1,0,0,0,0,0,0,0,1,Low Income,Q2,2,13.304700667407849,774.6021172188983,1.666640444857001e-06,498.4754052077574,-0.5080478585258397
CUST00677,25.0,2,3.0,Salaried,-0.5436003783867,-0.8331211802012395,-0.10201827149060326,9,34,0.77,2023-11-01,0,0.14275422258168008,2023,11,1,2,0,0,0,1,0,0,1,0,0,Low Income,Q1,0,12.87819346333504,625.8404429245525,2.5531224355480836e-06,420.2588031224543,-1.8439183638707966
CUST00678,53.0,1,1.0,Salaried,-0.5335924392823556,0.372682283961074,-0.7592015700472854,2,303,0.24,2020-01-08,0,0.850592224757417,2020,1,8,2,1,0,0,0,0,0,0,1,0,Low Income,Q3,1,12.995510797488357,663.6495762072029,2.2704992936930796e-06,440.46717537167774,0.4620255773920256
CUST00679,21.0,2,1.0,Salaried,0.0693062980234166,0.421429425016203,0.9042089784915883,4,350,0.12,2024-09-17,0,0.6618017893944371,2024,9,17,1,0,1,0,0,0,0,0,1,0,Low Income,Q3,1,13.349264500196114,792.0554904803072,1.5939991669760353e-06,507.44043206327177,0.6400498222430886
CUST00680,38.0,1,1.0,Self-Employed,0.04721211345050505,-0.7719022640819555,0.6339857341050252,2,161,0.63,2018-10-17,0,0.10201406650442796,2018,10,17,2,1,0,0,0,0,1,0,0,0,Low Income,Q2,2,13.33576497359364,786.7272970985563,1.615663299904398e-06,504.70788816980325,-1.7407941773228361
CUST00681,52.0,0,3.0,Salaried,0.9099288134355581,-0.17393411822099253,-0.3765321725941135,9,33,0.93,2024-10-03,0,0.2616426038120442,2024,10,3,3,0,0,1,0,0,0,0,0,1,Medium Income,Q1,0,13.748685681106283,967.1390747974151,1.0691082361864079e-06,595.3068423396527,-0.20613163780808424
CUST00682,31.0,1,1.0,Salaried,-0.45941849983202176,0.8029540211021144,0.3797360688794782,4,261,0.38,2018-12-05,1,1.2092852792155522,2018,12,5,2,1,0,0,0,0,0,0,0,1,Low Income,Q3,1,12.964099593683995,653.3079595412871,2.342950340066356e-06,434.96364336184314,1.0405814410155003
CUST00683,41.0,1,3.0,Unemployed,-0.8656994457338429,0.35951873471963963,0.34829692654645517,0,69,0.2,2022-08-21,0,1.8300778047251562,2022,8,21,6,1,0,0,0,0,0,1,0,0,Low Income,Q1,0,12.3147209305463,472.17903384203754,4.4852293324669065e-06,335.3260294892626,0.609428555200088
CUST00684,46.0,1,0.0,Self-Employed,-0.8232510887003621,-0.24348214923414727,0.5128099920613766,5,476,0.58,2023-02-12,0,0.7364677000925937,2023,2,12,6,0,1,0,0,0,1,0,0,0,Low Income,Q4,3,12.646764540135651,557.454374814657,3.217954849390381e-06,383.05728631048083,-0.30189610715959536
CUST00685,45.0,0,3.0,Salaried,-0.013128916986187998,-0.3069258560340796,-0.9516428691670615,9,443,0.87,2020-09-13,0,0.3238491899090775,2020,9,13,6,1,0,0,0,0,0,0,0,1,Low Income,Q4,3,13.2950466178302,770.8720970433423,1.6828081908803945e-06,496.554139630558,-0.5385321961883102
CUST00686,42.0,1,2.0,Self-Employed,-0.3110010139494015,0.8271880700663615,0.4680152412714062,3,376,0.77,2020-08-16,1,1.5572917992962123,2020,8,16,6,1,0,0,0,0,0,0,1,0,Low Income,Q3,1,12.942833472322164,646.3980816803218,2.3933093791784193e-06,431.2764911839413,1.5045799531404123
CUST00687,47.0,1,1.0,Salaried,-0.20296179843842213,-0.9098089687581197,-0.36201401732795924,3,75,0.63,2021-05-15,1,0.09487704561077345,2021,5,15,5,0,0,0,1,0,0,1,0,0,Low Income,Q1,0,13.174953664333303,725.9461825782955,1.8975373115607879e-06,473.26126178608325,-1.9346653193275656
CUST00688,33.0,1,1.0,Salaried,-0.8302372011501442,-0.027830057969360025,-0.5567150776652247,7,407,0.37,2021-07-12,0,0.5947569495547302,2021,7,12,0,0,0,0,1,1,0,0,0,0,Low Income,Q4,3,13.094976969803922,697.4894981288248,2.0555297243986856e-06,458.3554668110683,0.04394357545048004
CUST00689,53.0,0,2.0,Salaried,0.38311208735138175,-0.5065036517350959,0.7724501144438259,1,62,0.56,2023-06-30,1,0.05899290080611557,2023,6,30,4,0,0,1,0,0,0,0,1,0,Medium Income,Q1,0,13.650117631903768,920.6300071146932,1.1798566240590157e-06,572.3083316633192,-1.9346653193275656
CUST00690,54.0,1,3.0,Unemployed,-0.4058646758990144,0.9139331840224361,0.0,3,425,0.18,2019-01-08,0,1.1840187117914016,2019,1,8,1,0,0,0,1,0,1,0,0,0,Low Income,Q4,3,13.02422026463201,673.2448143134858,2.206241288932051e-06,445.5578750867301,1.115899284597695
CUST00691,61.0,0,0.0,Unemployed,-0.7424522684646542,0.06975033210320233,-0.666257848151286,1,115,0.68,2022-02-20,0,0.5907429962254814,2022,2,20,6,0,0,0,1,0,0,0,0,1,Low Income,Q1,0,13.133630622922825,711.1008929821421,1.9775919843292447e-06,465.50037845143106,0.09336881870078664
CUST00692,55.0,2,2.0,Salaried,0.30920897086236643,0.09301661332161,-0.9464342142930031,0,105,0.72,2019-06-15,0,0.4261034703419349,2019,6,15,5,0,0,0,1,0,0,0,1,0,Low Income,Q1,0,13.566179461579743,882.7915382467143,1.2831668146371864e-06,553.4222281429201,0.26179200369633354
CUST00693,21.0,1,2.0,Salaried,-0.17857466757339258,0.8649605932174926,0.4689928147444216,9,485,0.92,2020-07-12,1,1.7403656753071337,2020,7,12,6,0,0,0,1,1,0,0,0,0,Low Income,Q4,3,13.036272710976073,677.3141959238711,2.1798102832637305e-06,447.7123846991411,1.9494641273130007
CUST00694,41.0,0,3.0,Salaried,0.2850952939936479,-0.36050783533474506,-0.8881186711273059,2,185,0.32,2018-01-23,1,0.27369520300626626,2018,1,23,1,0,1,0,0,1,0,0,0,0,Low Income,Q2,2,13.467092985049248,840.120878207416,1.416823753458272e-06,531.9247573825181,-0.5335290847363906
CUST00695,26.0,1,1.0,Unemployed,0.164041177327026,0.8630885140799115,-0.47767008384919135,11,48,0.12,2023-11-22,0,0.900233531553207,2023,11,22,2,0,0,0,1,0,1,0,0,0,Low Income,Q1,0,13.434063181106755,826.3602846216654,1.4644025987171366e-06,524.9450716871532,1.386993517770484
CUST00696,48.0,0,3.0,Unemployed,0.8921265657636792,0.4502310703113606,-0.03744561369493521,7,177,0.56,2018-08-29,0,0.40331383823470757,2018,8,29,2,0,1,0,0,0,0,0,1,0,High Income,Q2,2,14.638726264214851,1509.242144256514,4.3901763044316833e-07,849.4357163406818,2.2750566579728915
CUST00697,37.0,1,2.0,Salaried,-0.5986282943975793,-0.09754016504570528,0.795066086152278,5,51,0.7,2020-10-01,0,0.8153192990285426,2020,10,1,3,0,1,0,0,0,0,1,0,0,Low Income,Q1,0,12.664768519914496,562.4952444243418,3.160537278695229e-06,385.830056184839,-0.12915819729754036
CUST00698,25.0,0,2.0,Self-Employed,0.40861661559231083,0.8671020979519639,0.2848971975804402,11,376,0.77,2023-03-12,1,0.8539060544988605,2023,3,12,6,0,0,0,1,0,0,0,1,0,Medium Income,Q3,1,13.718387752345926,952.5983203848305,1.1019956965745654e-06,588.1412599445141,1.8822545681508185
CUST00699,51.0,0,1.0,Self-Employed,0.9976792662074104,-0.05138357866252657,-0.044674485152881124,6,113,0.26,2021-03-11,0,0.23460054115799917,2021,3,11,3,1,0,0,0,1,0,0,0,0,Medium Income,Q1,0,13.959759765316203,1074.788793205437,8.656719893518883e-07,647.6981242093584,-0.05572968168217104
CUST00700,25.0,0,1.0,Salaried,0.00651750507079432,-0.9597251823520161,0.2808649078953112,1,342,0.32,2020-03-24,0,0.08736721323229986,2020,3,24,1,0,1,0,0,0,1,0,0,0,Low Income,Q3,1,13.308358229381254,776.0199932991418,1.660555738521122e-06,499.205231981998,-1.89378267948597
CUST00701,58.0,0,1.0,Salaried,-0.9571184838767631,0.28969675148583596,0.0,5,213,0.54,2019-10-17,0,1.0364470711496376,2019,10,17,3,1,0,0,0,0,1,0,0,0,Low Income,Q2,2,12.732020194471872,581.731278168881,2.9549755109359506e-06,396.36491243727136,0.35151567750094775
CUST00702,23.0,1,3.0,Salaried,0.11871324427864252,-0.5133536614622902,0.8499265755911506,7,17,0.38,2020-02-22,0,0.44280938436395145,2020,2,22,5,1,0,0,0,0,0,1,0,0,Low Income,Q1,0,13.316739781675311,779.2789487725175,1.6466958685125205e-06,500.8816919807485,-0.06738720449764911
CUST00703,43.0,1,1.0,Self-Employed,0.9194373689465601,0.37118481934721526,0.12983356450010158,7,472,0.83,2024-06-12,0,0.4319673764949643,2024,6,12,2,0,0,0,1,0,1,0,0,0,Medium Income,Q4,3,13.650006046637426,920.5786441146677,1.179988286020287e-06,572.2828038152209,0.4229808691244418
CUST00704,57.0,0,2.0,Self-Employed,-0.5038599584778771,-0.07175792749466556,0.8607995946120922,3,291,0.5,2018-01-08,0,0.6184457534448217,2018,1,8,0,0,0,1,0,0,1,0,0,0,Low Income,Q3,1,13.008531704820431,667.9843411338322,2.2411269749035015e-06,442.76880714370367,-0.028431942852136866
CUST00705,57.0,1,2.0,Salaried,-0.05284014339579797,0.9009238086797877,0.4307484302929227,5,405,0.78,2022-09-11,0,1.2307653275451271,2022,9,11,6,0,0,0,1,0,1,0,0,0,Low Income,Q4,3,13.249482605974835,753.5085931825861,1.7612573404802808e-06,487.5853606736764,1.6558258202237612
CUST00706,30.0,1,0.0,Unemployed,0.38761239174413853,0.6647257032347574,0.6386676547512371,4,52,0.59,2019-07-29,1,0.5841123067364663,2019,7,29,0,0,0,1,0,0,1,0,0,0,Low Income,Q1,0,13.437414278184438,827.7460540528116,1.4595034567828547e-06,525.6490330356007,0.5756534509640759
CUST00707,30.0,0,3.0,Salaried,0.7527180316401086,-0.6279776769497238,-0.19763502244457706,8,444,0.76,2020-06-30,0,0.11824030624028573,2020,6,30,1,0,0,1,0,0,1,0,0,0,Medium Income,Q4,3,13.710997416516825,949.0848012690963,1.1101699830108467e-06,586.4064853278213,-1.239171923243889
CUST00708,39.0,0,0.0,Salaried,0.0,0.19489425978693017,0.9808242592340917,7,119,0.38,2019-06-02,1,0.5373564745189251,2019,6,2,6,0,0,0,1,1,0,0,0,0,Low Income,Q1,0,13.304700667407849,774.6021172188983,1.666640444857001e-06,498.4754052077574,0.21417621857500246
CUST00709,42.32736842105263,1,2.0,Self-Employed,0.7427370749534815,-0.6689860906719841,-0.028270974107061177,1,484,0.81,2022-03-22,0,0.1940603493094569,2022,3,22,1,0,0,0,1,0,0,0,1,0,Low Income,Q4,3,13.597625643252304,896.781461672798,1.2434439572782996e-06,560.4238205640514,-0.8047303435054299
CUST00710,41.0,1,0.0,Self-Employed,-0.37203764673799217,-0.17337456234819668,-0.9118822569500012,11,219,0.33,2019-04-28,0,0.5176216071219902,2019,4,28,6,0,0,1,0,0,0,0,0,1,Low Income,Q2,2,13.109144106584116,702.4477631824305,2.0266140633316084e-06,460.9614311102051,-0.1438263729827505
CUST00711,34.0,0,2.0,Salaried,0.0,-0.923636702954038,-0.3832691494970526,6,246,0.56,2024-03-04,0,0.22686459210473778,2024,3,4,0,0,0,0,1,0,1,0,0,0,Low Income,Q2,2,13.304700667407849,774.6021172188983,1.666640444857001e-06,498.4754052077574,-0.9674502376728983
CUST00712,29.0,1,0.0,Salaried,-0.32537147627390034,0.9431291951474343,0.06812285730865629,6,365,0.28,2019-08-02,0,1.6192288001714004,2019,8,2,4,0,0,1,0,0,0,0,0,1,Low Income,Q3,1,12.94684304774214,647.6952755733208,2.383732437285132e-06,431.96929221183495,1.5952824361522702
CUST00713,21.0,0,1.0,Salaried,0.5833784906955871,-0.4349631489982945,0.685912965038004,10,328,0.5,2019-01-22,0,0.21636032578114422,2019,1,22,1,1,0,0,0,0,0,0,0,1,Low Income,Q3,1,13.606494886510353,900.767184126953,1.2324643128866025e-06,562.4144806525111,-0.657860225125123
CUST00714,33.0,1,0.0,Salaried,0.8465436292700944,0.523173349061806,-0.09825238202542722,11,58,0.37,2019-02-16,0,0.4773138504043642,2019,2,16,5,0,0,0,1,1,0,0,0,0,Medium Income,Q1,0,13.696508428264623,942.2339995988258,1.1263723171205292e-06,583.0201771609678,0.6763033966388297
CUST00715,24.0,0,1.0,Salaried,0.4151466590960101,-0.20436544895941847,-0.8865032513832289,0,124,0.33,2023-02-09,0,0.32745538446340144,2023,2,9,3,1,0,0,0,0,1,0,0,0,Low Income,Q1,0,13.512162261890895,859.2676474766172,1.3543861096652663e-06,541.5977941001594,-0.22367025004852628
CUST00716,21.0,2,1.0,Salaried,-0.3191418693599541,-0.9422438333882225,0.1016121334452816,0,164,0.92,2021-10-25,0,0.18003760129812743,2021,10,25,0,0,1,0,0,0,0,0,0,1,Low Income,Q2,2,13.138528711487925,712.8445482712202,1.967929247433353e-06,466.41363474783736,-1.395356050922266
CUST00717,60.0,1,3.0,Salaried,-0.5720667190274766,0.6589716734407159,0.4883605252105054,11,146,0.24,2021-10-08,0,0.611175183295074,2021,10,8,4,1,0,0,0,0,1,0,0,0,Low Income,Q2,2,13.215979796332482,740.9913764680396,1.8212639929078523e-06,481.0936890010613,0.27887040037690963
CUST00718,52.0,1,1.0,Salaried,0.9725413205379217,0.23273027273295463,0.0,3,176,0.77,2023-05-22,0,0.35385531618777555,2023,5,22,0,1,0,0,0,0,0,1,0,0,Medium Income,Q2,2,13.865851946933585,1025.489663526649,9.50904740692794e-07,623.8447679005122,0.4506554168162188
CUST00719,54.0,1,1.0,Self-Employed,-0.28856400120501086,0.48209520197758177,0.8272333609319374,4,330,0.94,2021-09-21,0,0.7818373505011171,2021,9,21,1,0,0,1,0,0,0,1,0,0,Low Income,Q3,1,13.146711325726747,715.766994209708,1.951892143749283e-06,467.9432729992591,0.5771339508464954
CUST00720,48.0,0,0.0,Self-Employed,0.5221224801064744,-0.651000277470065,0.550987072898596,3,208,0.12,2020-06-24,0,0.05797111262356455,2020,6,24,2,1,0,0,0,0,0,1,0,0,Medium Income,Q2,2,13.667589894554176,928.7079950124258,1.1594209082128902e-06,576.3195569515932,-1.9346653193275656
CUST00721,51.0,0,2.0,Salaried,0.25584341684672285,-0.8752376739581049,-0.4104913642704313,6,483,0.69,2021-08-05,0,0.11351711765445555,2021,8,5,3,0,0,0,1,0,0,0,0,1,Low Income,Q4,3,13.43677097029812,827.4798486972356,1.4604426689356104e-06,525.5138212122179,-1.553135091312576
CUST00722,28.0,1,3.0,Salaried,0.0,0.8644729020401315,-0.5026794223342678,2,80,0.31,2020-08-20,1,0.7872553426081806,2020,8,20,3,0,0,1,0,0,0,1,0,0,Low Income,Q1,0,13.304700667407849,774.6021172188983,1.666640444857001e-06,498.4754052077574,0.8735039245911628
CUST00723,59.0,0,1.0,Self-Employed,-0.7123724336531272,-0.4536770809926217,-0.5354461895962424,6,16,0.13,2020-08-22,0,0.506943206836141,2020,8,22,5,0,1,0,0,1,0,0,0,0,Low Income,Q1,0,12.483093362160433,513.6513798287706,3.790193964692221e-06,358.7412816403768,-0.987749320991904
CUST00724,46.0,0,3.0,Salaried,0.2516042663856494,0.2852606451223195,0.92483601653533,7,209,0.44,2023-12-28,0,0.5154386252965806,2023,12,28,3,0,0,0,1,1,0,0,0,0,Low Income,Q2,2,13.389180941964238,808.0223388001101,1.5316255402234733e-06,515.6066492289566,0.2834943298746596
CUST00725,54.0,1,0.0,Self-Employed,0.04684505045747132,-0.6079114873879164,0.7926217034307401,5,345,0.89,2023-05-31,0,0.11810930756043891,2023,5,31,2,0,1,0,0,0,0,0,0,1,Low Income,Q3,1,13.341942535810958,789.1610862175098,1.6057132046564014e-06,505.9565146050092,-1.6043901333738302
CUST00726,23.0,1,1.0,Self-Employed,0.9148224209053765,0.3819804826723172,-0.13111387823663012,5,76,0.11,2024-06-05,0,0.41049294285147797,2024,6,5,2,1,0,0,0,0,1,0,0,0,Medium Income,Q1,0,13.865856340103837,1025.4919161066068,9.509005632155509e-07,623.8458630790628,0.7093960543735972
CUST00727,32.0,0,0.0,Self-Employed,-0.6644444388274032,0.7326988748447095,-0.14719356817685308,7,147,0.6,2020-11-02,0,1.2147715468712021,2020,11,2,0,0,0,0,1,0,0,0,1,0,Low Income,Q2,2,12.860876086283277,620.4448645931401,2.597720868813979e-06,417.35493467245016,0.8548776013080708
CUST00728,21.0,0,3.0,Unemployed,0.7974654034084179,0.2622375417293861,0.5433970942822364,7,251,0.53,2019-10-26,1,0.36785095648803656,2019,10,26,5,0,0,0,1,0,1,0,0,0,Medium Income,Q2,2,13.975665873826829,1083.3707352517881,8.52011447796215e-07,651.8274368307424,0.7096267520921
CUST00729,64.0,0,0.0,Salaried,0.3012353458594143,0.8327853621156965,0.4644629232250809,6,464,0.84,2020-04-04,0,0.6993787111472429,2020,4,4,5,0,1,0,0,0,1,0,0,0,Low Income,Q4,3,13.451240601944418,833.48823027083,1.439462753347064e-06,528.5634628085845,0.9260217446499388
CUST00730,25.0,0,3.0,Salaried,0.22403264052848287,0.927568974345433,0.29904042169846756,5,222,0.17,2023-03-03,0,0.8373474101669403,2023,3,3,4,0,0,0,1,0,1,0,0,0,Low Income,Q2,2,13.450887410577039,833.3410526309142,1.4399712489580547e-06,528.4888143550405,1.2743607936023216
CUST00731,50.0,1,0.0,Salaried,-0.3479964650145169,-0.6454639736999348,-0.6799078753720169,5,190,0.68,2024-09-13,0,0.19628156935627117,2024,9,13,4,0,0,0,1,0,1,0,0,0,Low Income,Q2,2,13.020846509902167,672.1100877088514,2.213697176010863e-06,444.956627771019,-1.4264142136101972
CUST00732,50.0,0,3.0,Salaried,0.28790553531388124,-0.6633865772415667,0.6906726083111638,9,263,0.68,2020-09-18,0,0.23286356809306724,2020,9,18,4,0,0,0,1,0,0,0,1,0,Low Income,Q3,1,13.427901448405247,823.8182930719613,1.4734537127335193e-06,523.6531309448083,-0.7893601919498753
CUST00733,37.0,1,2.0,Salaried,0.0,0.7144676602966159,-0.6996684660539443,10,110,0.67,2021-02-06,0,0.7692522458517418,2021,2,6,5,1,0,0,0,0,0,1,0,0,Low Income,Q1,0,13.304700667407849,774.6021172188983,1.666640444857001e-06,498.4754052077574,0.8308056706335089
CUST00734,43.0,1,0.0,Salaried,0.5085304305449251,0.6196965942767599,-0.5978067683219871,5,360,0.9,2024-01-06,0,0.6034044824036557,2024,1,6,5,0,1,0,0,0,1,0,0,0,Medium Income,Q3,1,13.634387666483926,913.4176591242365,1.1985624633584473e-06,568.7208803392273,0.9930621202308273
CUST00735,42.32736842105263,1,0.0,Unemployed,-0.821063861402222,-0.5151270008385334,-0.24596403905118047,7,96,0.8,2022-10-06,0,0.5025562613413531,2022,10,6,3,0,0,0,1,1,0,0,0,0,Low Income,Q1,0,12.781056733846379,596.1706550980181,2.8135691123006567e-06,404.2261223065868,-0.635678728138988
CUST00736,57.0,1,2.0,Salaried,0.8500101154812855,-0.4117773753444261,-0.32851513927663584,0,194,0.14,2024-06-12,0,0.17453120311491324,2024,6,12,2,0,0,1,0,0,0,0,0,1,Medium Income,Q2,2,13.766001155705126,975.54867126146,1.0507554716436247e-06,599.4409916038398,-0.7277534437427353
CUST00737,41.0,1,2.0,Salaried,0.5062643453472634,-0.8297278023750246,-0.23504932800588602,4,100,0.5,2020-12-19,0,0.26450430031623784,2020,12,19,5,0,0,1,0,0,0,0,0,1,Low Income,Q1,0,13.44496106319742,830.8753697155789,1.4485303558656671e-06,527.237820336128,-0.6072262560271149
CUST00738,34.0,1,0.0,Salaried,0.3002798534971082,-0.6463458508068043,-0.7014763365421414,2,257,0.44,2019-03-11,0,0.06648430288323008,2019,3,11,0,0,0,1,0,1,0,0,0,0,Low Income,Q2,1,13.530569020147952,867.2123269419087,1.3296842896019406e-06,545.5985365540377,-1.9346653193275656
CUST00739,22.0,1,2.0,Salaried,-0.13818304756287236,-0.7471514315709963,0.650130897333489,11,223,0.36,2018-01-21,0,0.13059955107568239,2018,1,21,6,0,0,1,0,0,1,0,0,0,Low Income,Q2,2,13.208110577325412,738.0815876310694,1.835652456874879e-06,479.5814224349768,-1.6348203398240064
CUST00740,31.0,1,1.0,Salaried,-0.4826063407040123,-0.609040109924392,0.6294134288490889,7,368,0.48,2024-08-26,0,0.20514846628888006,2024,8,26,0,1,0,0,0,0,0,0,1,0,Low Income,Q3,1,12.815744027932794,606.6006429274536,2.7176472653647212e-06,409.88033756973925,-1.5804394595796543
CUST00741,59.0,1,3.0,Salaried,0.03727643112056384,-0.125021969792597,-0.991453465752222,10,258,0.43,2024-04-11,0,0.39965997993209623,2024,4,11,3,0,0,0,1,0,0,1,0,0,Low Income,Q2,1,13.334538450288989,786.2449745467376,1.6176461643603561e-06,504.4603448552474,-0.1923827947703098
CUST00742,58.0,1,3.0,Salaried,0.16699553243208917,0.2728233153925755,0.9474597251207707,5,135,0.47,2023-04-10,0,0.5391739164117764,2023,4,10,0,0,1,0,0,0,0,0,0,1,Low Income,Q2,2,13.379830887701024,804.2536229324677,1.546013481330318e-06,513.6821373048499,0.34207534224986297
CUST00743,54.0,1,3.0,Salaried,-0.8384893086892662,0.28093167161842597,-0.46691870287607173,1,420,0.93,2022-01-12,0,1.4903829962853685,2022,1,12,2,0,0,0,1,0,0,1,0,0,Low Income,Q4,3,12.443686712095445,503.6297548795146,3.942534717862162e-06,353.1195988492834,0.4773898727717277
CUST00744,58.0,1,1.0,Self-Employed,0.6062195806635565,-0.34580329551279515,0.7161828682903497,6,447,0.18,2021-01-04,0,0.26112140180141746,2021,1,4,0,1,0,0,0,0,0,0,1,0,Low Income,Q4,3,13.590267742235593,893.4883043442707,1.2526268367658754e-06,558.7776986790773,-0.43131346150770433
CUST00745,54.0,1,2.0,Self-Employed,0.918613354438438,-0.3950833192994477,-0.0076600168858328875,6,378,0.88,2019-01-25,1,0.2507060511122922,2019,1,25,4,0,0,1,0,0,0,0,0,1,Medium Income,Q3,1,13.65197011866768,921.4831306106477,1.1776729784913574e-06,572.7322988254884,-0.4026059057018174
CUST00746,38.0,1,2.0,Self-Employed,-0.9683691629177734,0.21594052109682485,0.12502342043938142,4,13,0.51,2021-09-16,0,0.7717230388992065,2021,9,16,3,1,0,0,0,0,0,1,0,0,Low Income,Q1,0,12.942243012209616,646.2072732490714,2.394722950191391e-06,431.1745609312862,0.21338277711725562
CUST00747,50.0,0,0.0,Salaried,-0.6136116090055073,-0.7855274393886365,-0.08017128701227456,7,97,0.63,2024-04-25,0,0.14519956024280387,2024,4,25,3,0,0,0,1,0,0,0,1,0,Low Income,Q1,0,12.749427393624126,586.8165471422905,2.9039827717156496e-06,399.1379701280872,-1.9346653193275656
CUST00748,35.0,1,2.0,Self-Employed,-0.1830898116808105,0.5897672919021961,0.7865447617656831,4,160,0.81,2019-03-02,0,0.9016511016697337,2019,3,2,5,0,1,0,0,0,0,1,0,0,Low Income,Q2,2,13.169744282367642,724.0577739379642,1.90744810034001e-06,472.27584179694895,0.8748357992432091
CUST00749,47.0,1,0.0,Self-Employed,0.013442341173580537,0.7285155585326721,-0.6848973532140432,0,185,0.41,2022-09-22,0,0.8768850671539792,2022,9,22,3,1,0,0,0,0,1,0,0,0,Low Income,Q2,2,13.31459363052138,778.4431706939178,1.6502337217768983e-06,500.4518906595354,1.096639567977456
CUST00750,54.0,1,1.0,Salaried,-0.4227583317230136,-0.9062424581527696,0.0,8,220,0.47,2020-10-26,1,0.3509559800901664,2020,10,26,0,0,1,0,0,0,0,0,1,0,Low Income,Q2,2,13.188072931365243,730.7237850241362,1.8728055985650564e-06,475.75200638752705,-0.5734915976243181
CUST00751,58.0,0,3.0,Self-Employed,-0.04921699057080925,-0.27884490491691005,0.9590741404297336,3,435,0.45,2018-01-06,0,0.3903778907877267,2018,1,6,5,1,0,0,0,0,0,1,0,0,Low Income,Q4,3,13.278976520022796,764.702909632231,1.7100695427140657e-06,493.3723338094413,-0.30547248057739845
CUST00752,53.0,1,3.0,Salaried,0.14796672757977186,0.8367331723168919,0.5272413544799421,1,268,0.42,2018-07-10,0,0.7992380846820714,2018,7,10,1,0,1,0,0,0,1,0,0,0,Low Income,Q3,1,13.392955881484976,809.5488990789871,1.525854645682666e-06,516.3856727765335,1.0688965015512455
CUST00753,44.0,1,3.0,Self-Employed,-0.5650356288388421,-0.03194358165574871,0.8244479035898489,3,100,0.89,2018-05-28,0,1.0772214403001217,2018,5,28,0,0,1,0,0,0,1,0,0,0,Low Income,Q1,0,12.46045812552292,507.87082018954385,3.876964230003694e-06,355.50140605718656,-0.018041485076466867
CUST00754,35.0,1,2.0,Unemployed,0.0,0.7840372767108366,-0.6207137413718623,8,268,0.8,2019-02-09,0,0.6764641177380772,2019,2,9,5,0,0,1,0,0,0,0,1,0,Low Income,Q3,1,13.304700667407849,774.6021172188983,1.666640444857001e-06,498.4754052077574,0.6002249777951421
CUST00755,50.0,1,0.0,Salaried,-0.8870853587760288,-0.02103975200012429,0.4611256825215632,1,421,0.19,2018-09-15,0,2.8338503000000004,2018,9,15,5,0,1,0,0,1,0,0,0,0,Low Income,Q4,3,11.51293546492023,316.22776601683796,9.99990000099999e-06,243.026193207401,0.012000697377062958
CUST00756,62.0,1,0.0,Self-Employed,0.5176692572423007,0.8550690002628842,-0.029589607899334125,3,200,0.19,2023-11-08,0,0.6942438032641256,2023,11,8,2,0,0,1,0,0,0,0,0,1,Medium Income,Q2,2,13.635949958218244,914.1314511600616,1.1966914210663953e-06,569.0761803708989,1.2696451494995078
CUST00757,37.0,1,1.0,Salaried,0.010679377458407694,0.36499950639392015,0.9309464599155504,1,90,0.46,2020-04-03,0,0.6429446566646587,2020,4,3,4,0,0,0,1,0,0,0,1,0,Low Income,Q1,0,13.311011148110017,777.0500369989053,1.6561562574154395e-06,499.73525826538105,0.5229499978855293
CUST00758,25.0,1,2.0,Unemployed,0.8758430327593147,0.48088005697470654,0.04066144083734347,4,424,0.18,2018-01-10,0,0.4624074835342658,2018,1,10,2,0,0,0,1,0,1,0,0,0,Medium Income,Q4,3,13.66696853020154,928.4195064732322,1.1601415549038499e-06,576.1764272723706,0.5685325096727974
CUST00759,49.0,1,1.0,Salaried,-0.8572890402065613,0.447153945735677,-0.255164359491541,2,147,0.63,2021-01-15,0,1.2736981070490911,2021,1,15,4,0,0,1,0,0,1,0,0,0,Low Income,Q2,2,12.662124715298317,561.752169555223,3.168904177091041e-06,385.42164159210336,0.5831396102882612
CUST00760,24.0,1,0.0,Self-Employed,0.01635815171899779,-0.3340883453258467,0.942399802838358,9,442,0.22,2020-04-17,1,0.33010877066647365,2020,4,17,4,0,0,1,0,0,0,0,1,0,Low Income,Q4,3,13.314804937124977,778.525420265774,1.649885053333277e-06,500.49419191707585,-0.4867509085450604
CUST00761,30.0,0,0.0,Salaried,0.3364591242449466,-0.6397133205807957,-0.6910586987975882,1,479,0.54,2020-09-14,0,0.33136723731867307,2020,9,14,0,1,0,0,0,1,0,0,0,0,Low Income,Q4,3,13.390415481553507,808.5212613159904,1.529735854544026e-06,515.8612888734177,-0.37865700911768607
CUST00762,37.0,0,3.0,Salaried,-0.3319819590814395,0.46736649909595734,-0.819363493430869,8,359,0.11,2019-09-17,0,0.954107368098635,2019,9,17,1,1,0,0,0,0,0,0,0,1,Low Income,Q3,1,13.038014735822504,677.9044032900214,2.1760163051512964e-06,448.0246468499958,0.7373862810497156
CUST00763,30.0,0,2.0,Salaried,-0.9513185909677354,0.10128603860666237,-0.2910911830724732,4,135,0.37,2018-01-30,0,1.5249936626787415,2018,1,30,1,1,0,0,0,0,0,1,0,0,Low Income,Q2,2,12.262661133104109,460.04679109847075,4.724914307772886e-06,328.39805692635446,0.21584789482941308
CUST00764,37.0,2,0.0,Unemployed,0.8008054369815404,-0.5061848930989827,0.32013669908208836,9,378,0.68,2023-12-16,0,0.08493270842762192,2023,12,16,5,0,0,0,1,0,0,0,1,0,Medium Income,Q3,1,13.851330138046889,1018.0706409675116,9.648143495062944e-07,620.2350538923007,-1.4335132882406343
CUST00765,40.0,1,3.0,Self-Employed,0.506283499638623,0.6748329088644376,0.5369148564784085,4,414,0.51,2024-10-04,0,0.6708199832717927,2024,10,4,4,1,0,0,0,0,0,0,0,1,Medium Income,Q4,3,13.764029709147385,974.5875230065282,1.0528290231776519e-06,598.9688611488839,1.4608159181411189
CUST00766,44.0,1,2.0,Self-Employed,-0.35396674781534365,0.9212619686202933,0.1611953058091049,0,365,0.93,2020-12-14,0,0.9435816950681913,2020,12,14,0,0,1,0,0,0,0,0,0,1,Low Income,Q3,1,13.131358658283016,710.293551991006,1.9820901112473843e-06,465.07737112726227,0.8879623248479954
CUST00767,25.0,1,1.0,Unemployed,0.33860120482650735,0.052429099442931094,0.939468154660732,5,318,0.84,2024-06-10,0,0.4216477581114582,2024,6,10,0,0,1,0,0,0,1,0,0,0,Low Income,Q3,1,13.497448876234333,852.9694660420149,1.374461037747497e-06,538.4208237702137,0.13507551345729213
CUST00768,54.0,1,2.0,Salaried,-0.33835853052518483,-0.1561589830410332,-0.9279697607338441,6,352,0.41,2019-06-30,0,0.5237439425159022,2019,6,30,6,1,0,0,0,0,0,1,0,0,Low Income,Q3,1,13.079045207528988,691.9554393167236,2.088540194572164e-06,455.44240927813564,-0.17069670567422462
CUST00769,26.0,0,2.0,Salaried,-0.9075879792080962,0.21491170633112397,-0.36068964287709854,0,239,0.14,2021-02-02,0,0.9561797253645248,2021,2,2,1,0,1,0,0,0,0,0,1,0,Low Income,Q2,2,12.76896904636571,592.5783492501223,2.847785035516151e-06,402.2740333297281,0.27976752999455246
CUST00770,22.0,1,0.0,Salaried,0.9508805981256607,0.28412412955217603,-0.12288029587531084,8,469,0.82,2021-04-10,1,0.3720173148880555,2021,4,10,5,0,0,0,1,0,1,0,0,0,Medium Income,Q4,3,13.870771531691634,1028.0152625326143,9.46238172424996e-07,625.0723773018469,0.5447677151679255
CUST00771,33.0,0,0.0,Salaried,-0.7841131991056687,-0.6200929904048659,-0.025518115898807408,7,354,0.87,2022-03-03,0,0.26858936542969086,2022,3,3,3,0,1,0,0,0,1,0,0,0,Low Income,Q3,1,12.134355244452335,431.46005608862566,5.3717584526499365e-06,311.9239552312485,-1.9346653193275656
CUST00772,42.32736842105263,1,2.0,Salaried,-0.13452123486076317,0.9883482895572888,0.07121584023738747,11,319,0.8,2023-09-01,0,1.2867801065740327,2023,9,1,4,0,0,0,1,1,0,0,0,0,Low Income,Q3,1,13.178034726110791,727.0653890813397,1.8916998792414467e-06,473.84504555878715,1.5982281634744022
CUST00773,63.0,0,0.0,Salaried,0.07958581777605608,-0.6857105464187666,0.7235102930428792,7,450,0.21,2024-09-04,1,0.2541066787814587,2024,9,4,2,0,0,1,0,0,0,0,0,1,Low Income,Q4,3,13.339218332883261,788.0868987618053,1.6100934569086504e-06,505.40551254882126,-0.7910548565440191
CUST00774,31.0,1,0.0,Salaried,0.9722020113698625,0.023863703870096717,-0.23292439272432144,6,29,0.95,2019-09-09,0,0.2958671857957364,2019,9,9,0,0,0,1,0,0,0,0,1,0,Medium Income,Q1,0,13.828239342170273,1006.3841910523039,9.873518841349673e-07,614.5381191106645,0.09826776445997822
CUST00775,43.0,1,0.0,Salaried,0.9707683895915583,0.08263031080773177,0.22534632347928343,4,378,0.32,2018-05-29,0,0.3716278534527741,2018,5,29,1,0,0,1,0,0,0,0,1,0,Low Income,Q3,1,13.622105598553722,907.8255118688834,1.2133740612852912e-06,565.9353458622936,0.13252359976352618
CUST00776,36.0,1,3.0,Salaried,-0.6441903068219764,0.7648449303200426,0.005575048012079609,2,58,0.72,2022-12-17,0,3.6245019445132716,2022,12,17,5,0,0,1,0,0,0,0,1,0,Low Income,Q1,0,12.111424326647578,426.54139306754274,5.496360969329426e-06,309.06728303703386,1.5325885878424679
CUST00777,51.0,1,3.0,Salaried,-0.003140511387612398,-0.04892098387350741,-0.9987977145173453,11,499,0.87,2024-06-04,0,0.47410614403398676,2024,6,4,1,0,1,0,0,0,1,0,0,0,Low Income,Q4,3,13.303540012358672,774.1527239505135,1.6685759625213812e-06,498.24403106829254,0.0160581831730104
CUST00778,31.0,1,2.0,Unemployed,0.013230872285089873,0.9993376568806492,-0.03389972800583212,8,144,0.3,2018-06-21,0,0.9680573989857831,2018,6,21,3,1,0,0,0,1,0,0,0,0,Low Income,Q2,2,13.313423392416492,777.9878212414383,1.6521660185632416e-06,500.2176862602363,1.289596250541529
CUST00779,36.0,1,0.0,Self-Employed,-0.4550221069067271,0.873029056211707,-0.1754284732768859,6,38,0.87,2018-02-16,0,0.6874200404917583,2018,2,16,4,0,1,0,0,0,0,1,0,0,Low Income,Q1,0,13.204710664416831,736.8279446383667,1.8419041369203753e-06,478.9295082409857,0.4555974738477967
CUST00780,28.0,0,3.0,Unemployed,0.5669690157869443,-0.817476087606902,-0.10138531120678362,10,57,0.36,2019-09-18,0,0.16803806460456017,2019,9,18,2,0,0,0,1,0,1,0,0,0,Low Income,Q1,0,13.534411145521764,868.8798996409113,1.3245852776479095e-06,546.4373333068866,-1.0480684004490473
CUST00781,24.0,1,2.0,Salaried,-0.9903302680036886,0.12191094417468776,0.06620937974470555,9,486,0.93,2022-12-16,0,1.3089094940495498,2022,12,16,4,0,1,0,0,0,0,1,0,0,Low Income,Q4,3,12.420071592106732,497.7180627624438,4.0367461775142175e-06,349.79271596236464,0.22326540600608585
CUST00782,60.0,1,0.0,Salaried,-0.9329800844932096,-0.16650751391432594,0.31909780592964615,9,278,0.34,2024-03-04,1,0.5597538547546764,2024,3,4,0,0,1,0,0,1,0,0,0,0,Low Income,Q3,1,13.11803807676339,705.5785002393426,2.0086693365096018e-06,462.6049501514969,-0.013579296049843214
CUST00783,42.32736842105263,1,1.0,Self-Employed,0.4043536827102278,-0.8551077663501331,-0.32448236809781017,7,12,0.91,2019-03-29,0,0.14570880453759444,2019,3,29,4,0,0,0,1,0,0,0,0,1,Low Income,Q1,0,13.486597643536617,848.3541064909157,1.3894568486737962e-06,536.089675365335,-1.2555186284399096
CUST00784,45.0,0,0.0,Salaried,0.43054308892864074,0.24740012130265288,0.8680010533145781,5,267,0.15,2021-11-19,1,0.4732991007384497,2021,11,19,4,0,0,1,0,0,0,0,1,0,Low Income,Q3,1,13.554009316984859,877.4359919675053,1.2988785534524634e-06,550.7359392829113,0.4152091162126953
CUST00785,23.0,1,0.0,Salaried,0.13017508336353115,0.05567626399760273,-0.9899265635887174,11,25,0.7,2020-01-24,1,0.4769375810998353,2020,1,24,4,0,0,1,0,0,0,1,0,0,Low Income,Q1,0,13.365083444178854,798.3450820290684,1.5689821763154076e-06,510.66120513858726,0.12068572763773536
CUST00786,52.0,1,3.0,Salaried,-0.30625405314110343,0.6199199481299436,-0.7224318049789988,10,103,0.55,2020-10-05,0,0.7580118050331127,2020,10,5,0,0,0,1,0,0,1,0,0,0,Low Income,Q1,0,13.176667738975674,726.5686134151406,1.8942875769116275e-06,473.58594750180845,0.5754074153117025
CUST00787,23.0,1,2.0,Salaried,-0.059589915867606785,0.1145030667870323,0.9916340502540523,4,367,0.51,2021-02-07,1,0.587359434321937,2021,2,7,6,1,0,0,0,0,0,1,0,0,Low Income,Q3,1,13.253419148204303,754.9931655319803,1.7543377052364594e-06,488.35382327642276,0.27511225115020066
CUST00788,47.0,1,2.0,Salaried,0.5376451857298588,-0.4293152628653266,-0.7256900573470614,7,143,0.29,2021-05-10,0,0.23283793854091123,2021,5,10,0,0,0,0,1,0,0,0,0,1,Low Income,Q2,2,13.573569918130275,886.0596932487111,1.273718582425603e-06,555.0598683414543,-0.6058085449081125
CUST00789,49.0,0,3.0,Salaried,0.02189159770727636,0.5106815991705091,-0.8594911647122814,2,310,0.7,2018-06-17,1,0.7203253641233037,2018,6,17,6,0,0,0,1,0,0,0,1,0,Low Income,Q3,1,13.318713078072903,780.0482036387239,1.6434496534129028e-06,501.27720044519856,0.7367116162621822
CUST00790,52.0,1,0.0,Self-Employed,-0.7251981856951145,-0.39341253552082867,0.565078904543062,11,336,0.26,2018-03-27,0,0.5525397723395468,2018,3,27,1,0,1,0,0,0,0,1,0,0,Low Income,Q3,1,12.73534441816781,582.6989874712328,2.9451688201691997e-06,396.89299557256714,-0.5720065186060511
CUST00791,39.0,1,1.0,Salaried,-0.4498039953749866,-0.47736966167248757,-0.7548473831572802,6,142,0.57,2022-08-05,0,0.17145271197041687,2022,8,5,4,1,0,0,0,0,0,0,0,1,Low Income,Q2,2,12.583229495806751,540.0237031834806,3.429042481035681e-06,373.42959111836785,-1.9346653193275656
CUST00792,41.0,0,0.0,Salaried,-0.9867092224784804,0.11099649294766309,-0.1186789316990675,1,321,0.32,2023-06-06,0,1.4199069434489926,2023,6,6,1,0,0,1,0,0,1,0,0,0,Low Income,Q3,1,12.335308249452504,477.0646077838934,4.393834501126667e-06,338.1055852511672,0.2178532321509133
CUST00793,25.0,1,0.0,Self-Employed,0.5775515492404235,-0.19711820894873266,0.792198598629681,2,464,0.91,2020-04-28,0,0.20776815778312832,2020,4,28,1,1,0,0,0,1,0,0,0,0,Medium Income,Q4,3,13.77873889144662,981.7816457848455,1.0374561078257181e-06,602.500424495464,-0.48549675025749134
CUST00794,38.0,1,1.0,Salaried,0.45536836288960575,0.2336157762374157,-0.8591061186909509,11,491,0.12,2022-01-26,1,0.45990693999963533,2022,1,26,2,0,0,0,1,0,1,0,0,0,Low Income,Q4,3,13.594697364256355,895.4694076293171,1.2470904444612886e-06,559.7681235622224,0.43540053749563273
CUST00795,48.0,1,3.0,Salaried,-0.038061324233694696,0.7101420406351995,-0.7030288882542822,1,392,0.27,2019-03-18,1,1.150718854714402,2019,3,18,0,0,0,0,1,0,0,0,1,0,Low Income,Q4,3,13.259302260433744,757.2172937803257,1.7440470398786646e-06,489.5045274014448,1.5337484284898075
CUST00796,42.32736842105263,2,2.0,Self-Employed,-0.17866417098553347,0.7934917877192117,-0.5817644685164448,4,41,0.31,2018-09-28,0,1.3667466252519669,2018,9,28,4,0,1,0,0,0,1,0,0,0,Low Income,Q1,0,13.095100869459829,697.5327089104854,2.05527506074982e-06,458.37819381671943,1.5502681903724482
CUST00797,42.0,1,3.0,Salaried,-0.5016397520325809,-0.10338836455365798,0.8588762455998016,6,314,0.45,2022-05-20,1,0.5920427365873159,2022,5,20,4,0,1,0,0,0,1,0,0,0,Low Income,Q3,1,13.031384503935335,675.6607876738149,2.1904917325365785e-06,446.83731702802606,-0.05975969495534448
CUST00798,41.0,0,3.0,Salaried,0.6072475770843636,-0.42320974141397283,0.672416459418929,10,278,0.3,2018-12-10,0,0.17316576551207608,2018,12,10,0,0,0,0,1,0,1,0,0,0,Medium Income,Q3,1,13.680046189774199,934.5101818599945,1.1450683942481474e-06,579.1963123165535,-0.842961123653781
CUST00799,26.0,1,0.0,Salaried,0.9275183492587621,0.2977435985662121,-0.2259611942372921,9,423,0.52,2021-04-21,0,0.37658194800044215,2021,4,21,2,0,0,1,0,0,1,0,0,0,Medium Income,Q4,3,13.888862668812514,1037.3564382602538,9.292735651091529e-07,629.6074806263786,0.5974579293748206
CUST00800,21.0,1,2.0,Salaried,-0.5944018244997742,-0.312088847050218,0.7411390035467067,10,34,0.84,2024-12-25,0,0.5201347807008541,2024,12,25,2,0,0,1,0,0,0,0,1,0,Low Income,Q1,0,13.014004526784934,669.8147281151706,2.228895187697158e-06,443.73977270660305,-0.27434089814777357
CUST00801,25.0,1,2.0,Salaried,0.5936365554935623,0.22090577063801167,0.7738192815383736,10,478,0.71,2024-12-16,0,0.4188538829379767,2024,12,16,0,1,0,0,0,0,0,0,0,1,Medium Income,Q4,3,13.692896361018827,940.5338271428625,1.1304482064353976e-06,582.1790158225876,0.44333892612087683
CUST00802,61.0,2,3.0,Salaried,0.014080014143025368,-0.3022871029993606,0.9531129316938187,10,325,0.59,2021-06-11,0,0.29826045571454374,2021,6,11,4,0,0,0,1,0,0,1,0,0,Low Income,Q3,1,13.316291038715871,779.1041201277272,1.6474349775124302e-06,500.7917936199481,-0.6182978449946439
CUST00803,32.0,1,1.0,Salaried,-0.5255362268829689,0.7082520453694936,-0.4713711005816344,9,68,0.18,2024-04-10,0,0.6310645320836843,2024,4,10,2,0,0,0,1,1,0,0,0,0,Low Income,Q1,0,13.212009857790735,739.5219875027382,1.8285086699744266e-06,480.3301743711082,0.32482925949120306
CUST00804,46.0,0,3.0,Salaried,0.5284502993302204,-0.26269603105373746,-0.8072986290130897,0,222,0.69,2022-03-13,0,0.1576190638798647,2022,3,13,6,0,0,1,0,0,0,1,0,0,Medium Income,Q2,2,13.791273775717464,987.954234770012,1.0245328803695884e-06,605.5263148553158,-0.8221908384307852
CUST00805,54.0,0,1.0,Salaried,-0.008536476282191955,0.9999635636225369,0.0,9,165,0.24,2018-09-24,0,0.8589141335774965,2018,9,24,0,0,0,1,0,0,0,1,0,0,Low Income,Q2,2,13.300441895226438,772.9544423832493,1.6737534223445448e-06,497.62695110363916,1.0295281676485615
CUST00806,34.0,1,2.0,Salaried,0.4151379380144645,-0.7448952202866598,-0.5222945559884644,8,323,0.77,2022-07-12,0,0.28750419212619494,2022,7,12,1,0,0,0,1,1,0,0,0,0,Low Income,Q3,1,13.42112204227815,821.0305170942186,1.4834767907311658e-06,522.2353374424788,-0.5292242818350416
CUST00807,46.0,1,3.0,Salaried,0.32805811818039315,0.9061714120882265,-0.26689181892663744,0,285,0.31,2020-06-11,0,0.6328627213909958,2020,6,11,3,0,1,0,0,0,0,0,1,0,Low Income,Q3,1,13.403125784094568,813.6759059969762,1.5104154929479608e-06,518.4902400556987,0.6562321557157478
CUST00808,47.0,1,0.0,Salaried,-0.8055293098673795,-0.5888457211213803,-0.06620609988229885,0,427,0.45,2024-02-27,0,0.37366647837481126,2024,2,27,1,0,0,0,1,1,0,0,0,0,Low Income,Q4,3,12.1735554455422,440.00018181814426,5.165258307336588e-06,316.8681979973086,-1.6196384672642747
CUST00809,29.0,1,3.0,Salaried,0.1947520609372864,0.5419825902204195,0.8175123892997856,11,398,0.4,2018-08-27,1,0.6555712854576902,2018,8,27,0,0,0,0,1,0,0,0,1,0,Low Income,Q4,3,13.418168056983967,819.818754359767,1.4878654381639478e-06,521.618758983373,0.7461990813161296
CUST00810,46.0,0,2.0,Salaried,-0.324892898905149,-0.5184608591284423,0.7909759426131784,9,219,0.83,2020-07-03,1,0.27442513230062965,2020,7,3,4,0,0,1,0,0,0,1,0,0,Low Income,Q2,2,13.037519809018809,677.7366671503025,2.17709354050033e-06,447.93590800983924,-1.0552911237271887
CUST00811,42.32736842105263,0,0.0,Salaried,-0.9760781952492651,0.20366028569583458,-0.07611730939299413,7,453,0.21,2021-12-09,0,1.418043419336165,2021,12,9,3,0,0,1,0,0,0,0,1,0,Low Income,Q4,3,12.4078401892343,494.68344423479545,4.086424444402582e-06,348.08181666081543,0.33381937082866076
CUST00812,42.32736842105263,1,0.0,Salaried,-0.3115405111278612,0.6253147475618314,0.7154886277278445,5,496,0.58,2024-12-06,0,1.0285957089218158,2024,12,6,4,0,1,0,0,0,0,0,0,1,Low Income,Q4,3,13.062011769566187,686.0872612139071,2.124419924484095e-06,452.34827853635215,0.9195206606481077
CUST00813,63.0,1,1.0,Self-Employed,-0.7587939913921797,-0.21982445091315367,0.6131140916728757,5,436,0.22,2021-12-31,1,0.5633234054431513,2021,12,31,4,0,1,0,0,1,0,0,0,0,Low Income,Q4,3,13.057619565862792,684.5821937503196,2.1337713311519646e-06,451.55382894725506,-0.09488211418136563
CUST00814,37.0,0,0.0,Salaried,0.7287752495432738,-0.6786994248540532,0.09085002122133239,11,66,0.7,2024-04-12,0,0.1338237788972434,2024,4,12,4,1,0,0,0,0,0,0,0,1,Medium Income,Q1,0,13.661743372926821,925.9971004274257,1.1662193418574092e-06,574.9742250558822,-1.1592460126310424
CUST00815,46.0,1,0.0,Salaried,0.0,0.4675690406281052,0.883956555632749,8,194,0.87,2023-02-25,0,0.649034620246342,2023,2,25,5,0,0,0,1,0,0,1,0,0,Low Income,Q2,2,13.304700667407849,774.6021172188983,1.666640444857001e-06,498.4754052077574,0.5283191977408107
CUST00816,56.0,0,3.0,Salaried,-0.7077465898078189,-0.6952768781667291,0.12523908057044422,3,468,0.47,2024-01-09,0,0.3692155729640923,2024,1,9,1,0,0,1,0,1,0,0,0,0,Low Income,Q4,3,12.90554761334906,634.458934841334,2.484230477563002e-06,424.8866613555079,-0.8638480025929819
CUST00817,21.0,1,2.0,Self-Employed,0.11532834548392573,-0.1719880261490629,0.9783248395033675,7,63,0.51,2021-11-16,0,0.3448991432867722,2021,11,16,1,0,1,0,0,0,0,1,0,0,Low Income,Q1,0,13.398248240622518,811.6939509445663,1.5178006061397435e-06,517.4798144802526,-0.3119368799716592
CUST00818,28.0,0,1.0,Salaried,-0.6770557234447188,0.15355917443408126,-0.7197326776643338,3,218,0.89,2024-03-08,0,1.295033549609617,2024,3,8,4,1,0,0,0,0,0,0,0,1,Low Income,Q2,2,12.50080192796365,518.2196059587094,3.723665862652734e-06,361.2964104433363,0.33748558063220263
CUST00819,55.0,1,3.0,Self-Employed,-0.41542461923569896,0.8613339584370392,-0.292448624165092,1,377,0.54,2019-01-02,0,1.2519788761500301,2019,1,2,2,1,0,0,0,0,0,1,0,0,Low Income,Q3,1,12.983674272333372,659.7335143828908,2.2975337973539807e-06,438.3852246480308,1.1456780852372843
CUST00820,35.0,1,0.0,Self-Employed,-0.9983952140807918,0.04092137830140717,-0.03914635741014449,10,438,0.51,2022-05-13,0,1.6574844510699918,2022,5,13,4,0,0,1,0,1,0,0,0,0,Low Income,Q4,3,12.122048547630591,428.8132693842391,5.438275518482469e-06,310.387578974314,0.12481966698724
CUST00821,42.0,1,0.0,Self-Employed,0.8706756453997377,0.061163771715474984,0.4880398687989408,7,351,0.59,2018-03-27,0,0.36640156437049426,2018,3,27,1,0,0,1,0,1,0,0,0,0,Medium Income,Q3,1,13.629185642412512,911.0449330301991,1.2048136594832986e-06,567.5394151343758,0.121387278602566
CUST00822,34.0,1,1.0,Salaried,-0.19007619318641147,0.47932616141276907,0.8568065544620105,11,302,0.69,2022-10-03,1,0.8248255315135795,2022,10,3,0,1,0,0,0,0,0,1,0,0,Low Income,Q3,1,13.170506132049432,724.3336385948122,1.9059954650268702e-06,472.4198277097372,0.7138097224330847
CUST00823,46.0,1,2.0,Salaried,-0.15954383683330312,0.9141705592427636,0.37260965197144497,6,349,0.19,2022-07-16,0,0.5185508204130012,2022,7,16,5,0,1,0,0,1,0,0,0,0,Low Income,Q3,1,13.298032086334016,772.0236654403801,1.6777917120243673e-06,497.1474935288035,0.14682923223948868
CUST00824,48.0,0,1.0,Self-Employed,0.5096542573880339,0.36767924872213015,-0.7778589255034498,3,313,0.8,2023-08-04,0,0.4998723164408005,2023,8,4,4,1,0,0,0,1,0,0,0,0,Medium Income,Q3,1,13.627979752564078,910.4957880188134,1.2062674083988879e-06,567.2658867863465,0.6367000612754007
CUST00825,43.0,0,3.0,Unemployed,-0.4504754355721023,0.6809764344620155,0.5773586213555014,8,261,0.47,2024-10-29,0,1.1781054403997702,2024,10,29,1,0,0,0,1,0,0,1,0,0,Low Income,Q3,1,12.946660937840255,647.6363022561351,2.384166578094878e-06,431.93780208300007,0.9577672937040755
CUST00826,34.0,1,1.0,Self-Employed,-0.3344403618922563,-0.2964020639735908,0.8945923433662798,8,383,0.16,2019-09-12,0,0.46169695303621194,2019,9,12,3,0,0,0,1,0,0,0,0,1,Low Income,Q4,3,13.165431008594084,722.4979238724496,1.9156932151414475e-06,471.4614766572578,-0.22823950314212127
CUST00827,44.0,1,0.0,Salaried,-0.41219864659494293,-0.5108290549106028,-0.7544176246645075,7,447,0.77,2024-06-09,1,0.14884584928464684,2024,6,9,6,0,0,1,0,1,0,0,0,0,Low Income,Q4,3,12.724625338454382,579.5843338117413,2.9769081236845786e-06,395.1926751951119,-1.9346653193275656
CUST00828,42.32736842105263,1,3.0,Salaried,-0.813798848498932,-0.579310870000203,0.04615571558778377,0,313,0.42,2018-05-12,0,0.4555305065773272,2018,5,12,5,0,1,0,0,1,0,0,0,0,Low Income,Q3,1,12.723004796449484,579.1149022430695,2.981736239369253e-06,394.93624640366636,-0.8306671749842919
CUST00829,46.0,1,0.0,Salaried,-0.42047668501227276,0.5565479522121672,-0.7165568604441195,6,121,0.19,2020-06-22,1,1.399369394887089,2020,6,22,0,0,1,0,0,1,0,0,0,0,Low Income,Q1,0,12.820867072971973,608.1564601317658,2.7037602383288942e-06,410.7220569018093,1.0458731966219155
CUST00830,34.0,1,2.0,Self-Employed,-0.6198703591007759,0.011992420717317251,-0.7846125921457123,4,375,0.64,2020-09-14,0,0.6163478076335763,2020,9,14,0,0,0,0,1,1,0,0,0,0,Low Income,Q3,1,13.075016810746424,690.5631035611445,2.096970632345688e-06,454.7087544885679,0.06820586920666731
CUST00831,27.0,1,0.0,Salaried,-0.8010010275455068,-0.5986629718556529,0.0,6,15,0.85,2021-05-06,0,0.4743073020560176,2021,5,6,3,1,0,0,0,0,0,1,0,0,Low Income,Q1,0,13.129938850910849,709.7894899193703,1.9849062961465903e-06,464.81321743992027,-0.24051091637471525
CUST00832,23.0,1,0.0,Salaried,0.19174639104150124,0.7825167600185412,0.5923688393329316,11,427,0.85,2023-09-26,0,0.7587818186330108,2023,9,26,1,0,0,1,0,0,0,0,0,1,Low Income,Q4,3,13.418250258170815,819.8524501396578,1.4877431388857016e-06,521.6359068418063,1.017786609227235
CUST00833,43.0,1,1.0,Self-Employed,-0.9771936124018902,-0.061633876944007564,0.20320902808142002,8,200,0.91,2022-10-30,0,0.7469901570473645,2022,10,30,6,1,0,0,0,0,0,0,0,1,Low Income,Q2,2,12.840522240096913,614.1626494667353,2.6511362398765035e-06,413.96738301013113,0.003225899349684041
CUST00834,63.0,1,0.0,Salaried,0.1731518917029168,-0.7092570128638196,-0.6833541630100697,1,343,0.84,2021-05-11,1,0.0735393428203694,2021,5,11,1,1,0,0,0,0,0,0,1,0,Low Income,Q3,1,13.42971449470114,824.5654431274694,1.4707846931965926e-06,524.0329464595058,-1.9346653193275656
CUST00835,38.0,1,3.0,Self-Employed,0.28624441415833546,-0.7726913815559817,0.5665793538704527,10,441,0.1,2021-07-08,0,0.0693240593640222,2021,7,8,3,1,0,0,0,1,0,0,0,0,Low Income,Q4,3,13.48874292695875,849.2645759714695,1.3864792649530266e-06,536.5497441734639,-1.9346653193275656
CUST00836,58.0,2,3.0,Salaried,-0.30152373324378845,0.2898653068677968,-0.9083289834444161,3,288,0.42,2019-11-21,0,0.7770643881738005,2019,11,21,3,0,1,0,0,1,0,0,0,0,Low Income,Q3,1,13.087866027586523,695.0139926648959,2.070198570341569e-06,457.05297756404883,0.4653319561842114
CUST00837,55.0,1,2.0,Salaried,-0.8944149998043678,-0.025235622527728336,0.4465254432622971,3,391,0.8,2020-11-13,1,0.7220311246062937,2020,11,13,4,0,0,0,1,0,0,0,1,0,Low Income,Q4,3,12.896265115228067,631.5210685321591,2.507397700806575e-06,423.3105691293709,0.03655844908800021
CUST00838,35.0,0,3.0,Salaried,0.05149148931370476,0.8826961016208147,-0.4671147810888382,1,349,0.41,2019-11-18,0,0.9043385115026362,2019,11,18,0,0,1,0,0,0,0,0,0,1,Low Income,Q3,1,13.339522272333651,788.2066734048882,1.6096041603503117e-06,505.4669582701319,1.2058351441865094
CUST00839,45.0,1,1.0,Salaried,-0.26390639449322106,-0.8727262541576294,-0.4107338557382155,2,22,0.61,2020-02-25,1,0.30588134668696926,2020,2,25,1,0,0,0,1,0,1,0,0,0,Low Income,Q1,0,13.216348370445502,741.1279444198552,1.820592845838406e-06,481.1646358837381,-0.713422844472177
CUST00840,57.0,1,2.0,Salaried,0.33086022741822013,-0.3886301801663262,0.8599407496895658,10,312,0.62,2018-12-06,0,0.3729115400014374,2018,12,6,3,0,0,1,0,0,1,0,0,0,Low Income,Q3,1,13.392526322189017,809.3750428571417,1.5265102315264175e-06,516.2969668182544,-0.20873191237401634
CUST00841,48.0,1,3.0,Salaried,0.8404892997944066,-0.4381262006274316,0.31878389114709005,7,53,0.41,2019-02-16,0,0.1418581225619268,2019,2,16,5,0,0,1,0,0,0,0,0,1,Medium Income,Q1,0,13.807949656250251,996.2261841569915,1.0075895575070708e-06,609.5753030527053,-0.9280955901508451
CUST00842,30.0,0,1.0,Unemployed,0.04567080091349547,-0.30902828294602924,0.9499556296392735,11,114,0.87,2023-06-20,0,0.3342622615757236,2023,6,20,1,1,0,0,0,1,0,0,0,0,Low Income,Q1,0,13.332884009841468,785.5948446877691,1.6203246787147312e-06,504.12662845220063,-0.4455070301978415
CUST00843,59.0,2,3.0,Salaried,-0.43875270119008536,-0.8985061187425041,-0.013521160478477547,8,169,0.53,2018-10-13,0,0.11358670559389082,2018,10,13,5,0,0,0,1,0,1,0,0,0,Low Income,Q2,2,12.99496936390803,663.4699390326588,2.2717289511136653e-06,440.371727295306,-1.9346653193275656
CUST00844,37.0,1,3.0,Salaried,-0.8701946518395146,-0.325174531743332,0.37016589769373764,5,163,0.5,2021-01-14,0,0.6111594221337286,2021,1,14,3,0,0,0,1,0,0,1,0,0,Low Income,Q2,2,12.840739185552417,614.229273154577,2.6505611503011304e-06,414.0033453953315,-0.2913477755674094
CUST00845,59.0,1,0.0,Salaried,-0.9116047709467158,-0.008651651419153184,-0.41097675179370846,9,251,0.95,2020-04-29,0,0.7511665796053691,2020,4,29,2,0,0,0,1,0,0,1,0,0,Low Income,Q2,2,12.866052289442242,622.0527228459016,2.5843092783499825e-06,418.22081138936227,0.05096001448047128
CUST00846,42.0,0,3.0,Salaried,-0.98473481139001,-0.060773196787118566,0.1631072340178565,1,190,0.52,2019-03-06,0,1.1756318872364895,2019,3,6,2,1,0,0,0,0,0,0,1,0,Low Income,Q2,2,12.36439782855325,484.0541498634218,4.267860848274901e-06,342.0720859346035,-0.031131906058797003
CUST00847,46.0,1,3.0,Salaried,0.39100513392520486,0.8946406674179511,0.21617830937930715,1,23,0.25,2022-05-24,0,0.8244493695824665,2022,5,24,1,1,0,0,0,0,0,0,0,1,Medium Income,Q1,0,13.633013265729751,912.7901730408802,1.2002109010595341e-06,568.4084935266292,1.6191047682397455
CUST00848,64.0,1,1.0,Salaried,-0.7383194080793064,0.6742688714323095,-0.015682495682203892,6,189,0.54,2018-01-31,0,6.300272199999999,2018,1,31,2,0,0,1,0,0,0,0,0,1,Low Income,Q2,2,11.51293546492023,316.22776601683796,9.99990000099999e-06,243.026193207401,1.437506648386642
CUST00849,45.0,1,1.0,Salaried,0.24716727092468987,-0.3485699198212025,-0.9041058296347178,7,386,0.79,2019-08-26,1,0.2282993331820923,2019,8,26,0,0,1,0,0,0,1,0,0,0,Low Income,Q4,3,13.489818090295543,849.7212484103243,1.38498937436152e-06,536.7804671657468,-0.7372760331285615
CUST00850,37.0,1,0.0,Salaried,-0.5354118868487843,-0.8074229961651539,0.24779470673263132,7,301,0.76,2019-03-16,0,0.13055374999719307,2019,3,16,5,0,0,0,1,1,0,0,0,0,Low Income,Q3,1,12.855751155126338,618.857027107231,2.611068182249008e-06,416.4993903511529,-1.9346653193275656
CUST00851,33.0,0,3.0,Self-Employed,-0.994463969999711,-0.10507812508992535,0.0,5,273,0.77,2020-09-11,0,0.5978909032807252,2020,9,11,4,0,0,0,1,0,0,0,0,1,Low Income,Q3,1,13.064521741986368,686.9488336113542,2.1190943753513723e-06,452.8028993346675,0.005295644759369461
CUST00852,40.0,1,0.0,Salaried,-0.7654133007328956,0.3484016982258952,-0.5410718397167664,9,177,0.7,2021-10-04,0,0.9794109017851225,2021,10,4,0,0,1,0,0,0,1,0,0,0,Low Income,Q2,2,12.836024642270816,612.7830692830865,2.6630868388144585e-06,413.2225290074447,0.4307643755136211
CUST00853,45.0,1,3.0,Salaried,0.6961675358565071,-0.3827646439012722,-0.6073236282235454,7,223,0.32,2023-04-03,0,0.15092873367482845,2023,4,3,0,0,0,0,1,0,1,0,0,0,Medium Income,Q2,2,13.776215688461479,980.5438083023114,1.0400771254631306e-06,601.8931525377376,-0.8923707110815245
CUST00854,24.0,1,2.0,Salaried,0.009340333170789724,-0.42839409612100904,0.9035437214573084,0,159,0.83,2019-02-16,1,0.25497396118288523,2019,2,16,5,1,0,0,0,0,0,0,0,1,Low Income,Q2,2,13.311461752936305,777.2251282607891,1.655410153524393e-06,499.82534015769045,-0.8207726106276517
CUST00855,30.0,1,2.0,Salaried,0.42591073962643433,0.8527165996523308,0.3024474211300704,8,25,0.86,2019-06-12,0,0.7332796235100029,2019,6,12,2,1,0,0,0,0,1,0,0,0,Low Income,Q1,0,13.589357018677946,893.0815360312853,1.2537681531680407e-06,558.5742851414384,1.2859174680069758
CUST00856,23.0,1,0.0,Salaried,0.9784097862284764,-0.15666346614979448,-0.1347992900065851,11,100,0.27,2018-11-06,1,0.27416714534625564,2018,11,6,1,0,0,0,1,0,0,0,1,0,Medium Income,Q1,0,13.737692476473958,961.8376734148023,1.0809260003356709e-06,592.6969115842038,-0.15404114566306032
CUST00857,61.0,1,0.0,Salaried,0.12484375332982561,0.5248416157886081,-0.8419948429716922,0,129,0.21,2022-12-17,0,0.6541376825019506,2022,12,17,5,1,0,0,0,0,0,0,1,0,Low Income,Q2,0,13.370554397364442,800.5319294069412,1.560421786378039e-06,511.77983131060256,0.6571055578244508
CUST00858,38.0,1,0.0,Self-Employed,-0.7161947473356154,-0.5168650514162744,-0.4689515993291058,2,453,0.93,2021-09-23,0,0.4402111752055155,2021,9,23,3,1,0,0,0,0,0,0,0,1,Low Income,Q4,3,12.615181307825772,548.7203841666537,3.3212102516726777e-06,378.24093372247773,-0.9981632588000492
CUST00859,56.0,0,1.0,Salaried,-0.1564844311271526,-0.009234963297281323,0.9876372503443301,11,262,0.84,2023-08-01,0,0.531809498106882,2023,8,1,1,0,0,0,1,1,0,0,0,0,Low Income,Q3,1,13.208248021535494,738.1323119874919,1.8354001744107367e-06,479.607795145971,0.04610730817818862
CUST00860,42.0,1,1.0,Unemployed,-0.9062645604537412,-0.34784186996402655,0.24018863413058625,8,69,0.86,2024-10-20,1,0.5777923356448974,2024,10,20,6,0,0,1,0,0,0,0,1,0,Low Income,Q1,0,12.93468107746827,643.7685919645351,2.412900330326055e-06,429.8712709479158,-0.23749768970229487
CUST00861,54.0,1,1.0,Unemployed,-0.5334052275538723,-0.6512805717245561,-0.5397337122251462,10,275,0.85,2019-12-05,1,0.3763421279110214,2019,12,5,3,0,1,0,0,0,0,0,1,0,Low Income,Q3,1,13.069226194625259,688.5665980861982,2.1091486092611533e-06,453.6562214474573,-0.6370129718480736
CUST00862,28.0,0,0.0,Salaried,-0.07236566046829718,0.8918606722769888,0.4464837650246925,4,418,0.56,2019-10-25,0,0.8813382735537912,2019,10,25,4,1,0,0,0,0,0,0,0,1,Low Income,Q4,3,13.264461805461004,759.1732674429468,1.7350717248287288e-06,490.5159258364226,1.0100425222313754
CUST00863,60.0,0,3.0,Salaried,-0.08796689087044982,-0.8581809988124364,-0.5057540898380114,8,40,0.65,2018-12-31,1,0.08827109378333471,2018,12,31,0,0,0,1,0,0,0,1,0,0,Low Income,Q1,0,13.247165437528716,752.6360940055957,1.7653432024021237e-06,487.13358283287965,-1.934631300962166
CUST00864,64.0,1,2.0,Salaried,0.24475339576882887,0.19859803227905565,0.9490282381649738,8,30,0.56,2020-07-11,0,0.5035511921592688,2020,7,11,5,1,0,0,0,0,1,0,0,0,Low Income,Q1,0,13.46315241180389,838.4672265509249,1.422417866000812e-06,531.0872276822126,0.36689451683331936
CUST00865,39.0,1,0.0,Self-Employed,0.3521532097041056,-0.19158700423757313,0.9161236470599198,5,228,0.14,2023-12-01,1,0.31931526504942537,2023,12,1,4,1,0,0,0,0,0,0,1,0,Low Income,Q2,2,13.513495686592423,859.8407236226951,1.3525813413000014e-06,541.8866327193725,-0.25784625903091396
CUST00866,62.0,1,1.0,Salaried,-0.28806713695668934,0.9576102153828436,0.0,10,90,0.73,2018-06-25,0,0.6614164391925478,2018,6,25,0,0,1,0,0,0,0,1,0,0,Low Income,Q1,0,13.247170062717212,752.6378345525821,1.7653350373759384e-06,487.13448418997217,0.46221342051346875
CUST00867,42.32736842105263,0,1.0,Salaried,0.5234239082842146,-0.3762503556427961,-0.7645018522640398,0,298,0.53,2021-03-18,0,0.3403158255808308,2021,3,18,3,1,0,0,0,1,0,0,0,0,Low Income,Q3,1,13.460075174024944,837.1781351659872,1.4268017256253719e-06,530.4341041387441,-0.24315438608375664
CUST00868,42.32736842105263,2,0.0,Salaried,-0.2034089487984489,0.3281239495415232,-0.9224746464190667,9,40,0.65,2021-04-16,0,0.9858096886863192,2021,4,16,4,0,1,0,0,0,0,1,0,0,Low Income,Q1,0,13.044749969923542,680.1911790077845,2.1614095710328236e-06,449.2339925402775,0.8089738637416778
CUST00869,26.0,0,0.0,Self-Employed,0.612610286815534,-0.4063247222610891,-0.6779445822242685,6,243,0.53,2020-07-24,1,0.14090044162617185,2020,7,24,4,0,1,0,0,0,0,0,0,1,Medium Income,Q2,2,13.741536687587738,963.6882068387057,1.0767786693074448e-06,593.6082795299593,-1.0128716228165717
CUST00870,46.0,1,1.0,Self-Employed,-0.30564463043230855,0.6316618969157576,-0.7124497230490614,5,483,0.52,2019-01-17,1,1.1084495956998852,2019,1,17,3,0,1,0,0,1,0,0,0,0,Low Income,Q4,3,13.035984193265953,677.2164941877893,2.180439287870273e-06,447.66068809912304,1.0115631186249203
CUST00871,54.0,0,3.0,Salaried,0.9999280941065402,0.011991939645546963,0.0,8,414,0.25,2021-07-06,1,0.32782899817859873,2021,7,6,1,0,0,1,0,1,0,0,0,0,Medium Income,Q4,3,13.70936931539627,948.3125117807948,1.1119789241741795e-06,586.0249974905585,0.0729118751439462
CUST00872,26.0,1,1.0,Self-Employed,-0.7556989148299377,-0.6401323305857861,-0.1383826198034437,6,45,0.34,2021-04-27,1,0.2635236332958025,2021,4,27,1,0,0,0,1,0,0,1,0,0,Low Income,Q1,0,12.350104718775269,480.60714726270976,4.32929988337299e-06,340.1174145349432,-1.7723688312677583
CUST00873,57.0,1,1.0,Salaried,-0.24667561936186078,0.4566602623638351,-0.8547587633889667,11,458,0.24,2018-11-02,0,0.8366811138697091,2018,11,2,4,0,0,1,0,0,0,0,0,1,Low Income,Q4,3,13.132114064567645,710.5618833008143,1.9805933933068896e-06,465.2179745302195,0.670743424241851
CUST00874,42.32736842105263,1,0.0,Salaried,0.0,-0.5579892575858669,-0.8298481719078334,10,141,0.27,2021-11-02,1,0.44033888923295816,2021,11,2,1,0,0,0,1,0,0,0,1,0,Low Income,Q2,2,13.304700667407849,774.6021172188983,1.666640444857001e-06,498.4754052077574,-0.09373228611230343
CUST00875,42.0,2,3.0,Self-Employed,0.1916101566278506,-0.8992104472286667,0.39332698797803295,11,333,0.93,2019-08-25,1,0.07465495041828796,2019,8,25,6,0,0,0,1,0,0,1,0,0,Low Income,Q3,1,13.414658219656467,818.3812986621823,1.493096779024439e-06,520.8871005468011,-1.9346653193275656
CUST00876,41.0,1,1.0,Salaried,0.7724207943782181,0.32796320874044993,0.5438807315255714,3,355,0.23,2024-07-18,0,0.44128077334079585,2024,7,18,3,0,1,0,0,0,0,0,1,0,Low Income,Q3,1,13.611501763911871,903.0250273386669,1.2263089376338516e-06,563.5413578339944,0.39415678506930385
CUST00877,26.0,0,1.0,Salaried,-0.5030339188814977,0.41142476416013074,-0.7600569320060857,6,141,0.33,2024-01-13,0,1.6728149578378257,2024,1,13,5,1,0,0,0,0,0,1,0,0,Low Income,Q2,2,12.569507390445748,536.3312409323179,3.476420482791371e-06,371.3820067005225,0.9079473851503523
CUST00878,26.0,1,2.0,Salaried,-0.6509059226912036,0.7578216608383068,-0.04503121328349018,1,18,0.6,2019-12-13,0,1.6432738777670537,2019,12,13,4,0,1,0,0,0,0,0,1,0,Low Income,Q1,0,12.68542382498342,568.3346197443897,3.0959250072847115e-06,389.03572256041235,1.0945056148497772
CUST00879,24.0,1,0.0,Self-Employed,0.5739438205594063,0.7611032498567769,-0.3021759982181321,5,39,0.62,2022-01-05,1,0.7434879464809214,2022,1,5,2,1,0,0,0,0,0,1,0,0,Medium Income,Q1,0,14.036745008103956,1116.9668303042843,8.015287397347213e-07,667.9290759158163,2.2981018057151807
CUST00880,50.0,1,2.0,Self-Employed,0.7971996155342811,0.11098659440446666,0.5934262792078667,5,124,0.23,2019-02-07,1,0.35068935565072284,2019,2,7,3,0,0,0,1,1,0,0,0,0,Medium Income,Q1,0,13.742990455247586,964.3889516165145,1.0752144206037747e-06,593.9532956308127,0.23272306617691801
CUST00881,31.0,1,2.0,Salaried,0.32243197064180734,0.0992106556640645,0.9413792381982657,1,310,0.77,2019-09-06,1,0.45832736013356085,2019,9,6,4,0,1,0,0,0,1,0,0,0,Low Income,Q3,1,13.421582007135203,821.2193616811528,1.4827946004449808e-06,522.3314100759115,0.14698052419659555
CUST00882,50.0,0,1.0,Self-Employed,-0.5325436078581739,0.7327569816555507,-0.42363251948410013,3,13,0.77,2022-12-07,1,1.7274309288455831,2022,12,7,2,1,0,0,0,1,0,0,0,0,Low Income,Q1,0,12.703533963456511,573.5043155896911,3.040362021986682e-06,391.8681479287097,1.228042107118224
CUST00883,51.0,1,0.0,Salaried,-0.39162750123921064,-0.6595568473731095,-0.6415704679584129,7,334,0.3,2018-06-26,1,0.31501181825309954,2018,6,26,1,0,0,1,0,0,0,0,1,0,Low Income,Q3,1,13.100582445753863,699.447124520503,2.044039735478365e-06,459.38480585374356,-0.8200812297331325
CUST00884,44.0,0,3.0,Salaried,0.8960103853443775,-0.3106960105805812,-0.3172276443885865,7,246,0.35,2019-03-25,0,0.2416255867853174,2019,3,25,0,1,0,0,0,0,0,0,0,1,Medium Income,Q2,2,13.705072004200716,946.2771000082375,1.116767725770091e-06,585.0192613197931,-0.38028822557409087
CUST00885,29.0,0,1.0,Salaried,-0.11606784959191802,-0.3212525665298641,-0.9398537347848775,7,32,0.9,2020-01-13,0,0.28229737094180546,2020,1,13,0,0,1,0,0,1,0,0,0,0,Low Income,Q1,0,13.181520928304177,728.3338451561893,1.8851165131135588e-06,474.50645709363846,-0.8547802998450293
CUST00886,23.0,0,3.0,Salaried,-0.23911352573547198,-0.928260988548169,0.2848793761400215,7,25,0.8,2022-04-14,0,0.09695503595800506,2022,4,14,3,0,0,1,0,0,1,0,0,0,Low Income,Q1,0,13.15328817828361,718.1246201043382,1.9390969590557935e-06,469.1763502224684,-1.9346653193275656
CUST00887,42.32736842105263,1,3.0,Salaried,-0.9074455412005726,0.3292641107704665,-0.2610129021978298,0,31,0.69,2023-06-02,0,0.8515499888280945,2023,6,2,4,1,0,0,0,0,0,0,1,0,Low Income,Q1,0,12.910844052228262,636.141352216628,2.47110768538707e-06,425.7885658099641,0.3223326985960022
CUST00888,60.0,1,0.0,Unemployed,-0.47194285410989695,0.7369439724820507,0.48392512218005257,1,494,0.17,2024-06-06,0,1.7112157511731134,2024,6,6,3,1,0,0,0,1,0,0,0,0,Low Income,Q4,3,12.747678422472294,586.303607357144,2.909066197895861e-06,398.85848091820844,1.2974874866535555
CUST00889,57.0,1,2.0,Salaried,0.7391490539137924,-0.09417192282798865,-0.6669260266695438,11,81,0.46,2018-11-03,1,0.2950029801939752,2018,11,3,5,1,0,0,0,0,0,1,0,0,Medium Income,Q1,0,13.705508118562706,946.4834652544121,1.1162807935126672e-06,585.1212504525372,-0.0933617553630098
CUST00890,56.0,2,0.0,Salaried,0.8585351370418154,-0.41841684469044504,-0.2963861713101392,3,313,0.58,2020-01-21,0,0.13869614327454544,2020,1,21,1,1,0,0,0,0,0,0,0,1,Medium Income,Q3,1,13.833818343050151,1009.195422106145,9.818587843567117e-07,615.9097709356674,-0.9241861052535821
CUST00891,44.0,0,3.0,Salaried,0.6392211882066019,0.7415662567516246,-0.20365598295931248,11,455,0.26,2020-05-18,0,0.7323546019325906,2020,5,18,0,1,0,0,0,0,0,0,1,0,High Income,Q4,3,14.385646811225017,1329.852247432022,5.654483892637183e-07,767.8027638287392,3.1486559909883396
CUST00892,51.0,1,1.0,Salaried,0.7752220990631539,0.3397121958718153,-0.5325657903959539,8,490,0.48,2018-08-02,0,0.4268566888551415,2018,8,2,3,0,0,1,0,1,0,0,0,0,Medium Income,Q4,3,13.765518080305561,975.3130676864737,1.0512631883857956e-06,599.3252683729534,0.6009024826401057
CUST00893,26.0,0,3.0,Unemployed,-0.38948112682645203,-0.08771323908325122,-0.9168483187177264,2,453,0.61,2022-06-06,0,0.5685519885751966,2022,6,6,0,0,0,0,1,0,0,0,1,0,Low Income,Q4,3,13.07768740333634,691.4858277651105,2.0913779493265396e-06,455.1949934808803,-0.051013935897173485
CUST00894,22.0,1,1.0,Salaried,0.2874825905356454,0.7586345999561513,0.5846599899841657,5,239,0.38,2022-07-22,0,0.7535142048398444,2022,7,22,4,0,0,1,0,0,0,1,0,0,Low Income,Q2,2,13.505464260123569,856.3947687836492,1.3634882392321924e-06,540.1492289502745,1.1732545806438486
CUST00895,40.0,1,1.0,Salaried,0.8167974338114384,-0.43331946895305784,-0.3808886844542492,6,116,0.76,2024-12-05,0,0.16143436360447805,2024,12,5,3,0,0,1,0,0,1,0,0,0,Medium Income,Q1,0,13.766902549703447,975.9884476775327,1.0498087537148138e-06,599.6569847371075,-0.8227417904584505
CUST00896,48.0,1,0.0,Salaried,-0.43455090803843893,-0.7093124485185374,0.5550147373715452,7,217,0.81,2022-05-17,0,0.44053907995278246,2022,5,17,1,0,0,1,0,1,0,0,0,0,Low Income,Q2,2,13.2423339741588,750.8201182706814,1.7738930308798413e-06,486.1929324316458,-0.18485434374059878
CUST00897,31.0,0,3.0,Salaried,-0.5763423852783858,0.5806151723304794,-0.5750786699150546,6,398,0.38,2023-12-21,0,0.6819843968852456,2023,12,21,3,0,0,0,1,0,0,0,1,0,Low Income,Q4,3,13.157760482182749,719.7322557729367,1.9304440917137e-06,470.01669659205896,0.36345226414620535
CUST00898,24.0,1,2.0,Salaried,0.5218713999015929,0.2767340347001856,-0.8068881682137296,2,217,0.81,2022-07-31,0,0.46326036065017234,2022,7,31,6,0,1,0,0,0,0,0,1,0,Low Income,Q2,2,13.592705999185602,894.578246996874,1.2495763311449253e-06,559.3226556371211,0.44431441975629254
CUST00899,35.0,0,3.0,Salaried,0.0,0.6233148777861199,-0.7819709477534791,5,272,0.19,2019-05-27,0,0.5141612007991088,2019,5,27,0,0,0,0,1,0,0,0,1,0,Low Income,Q3,1,13.304700667407849,774.6021172188983,1.666640444857001e-06,498.4754052077574,0.143935160715815
CUST00900,26.0,0,3.0,Salaried,0.639669117951753,-0.6701199374373465,0.37651386294237954,4,60,0.81,2024-03-08,0,0.07880823352883864,2024,3,8,4,0,0,1,0,0,1,0,0,0,Medium Income,Q1,0,13.695336799305679,941.6821863027886,1.1276927809415952e-06,582.7472011680221,-1.6510093145675102
CUST00901,50.0,0,2.0,Unemployed,0.054803517292879245,0.8895485140075833,-0.4535416361473656,11,74,0.23,2020-09-13,0,1.1339301325533877,2020,9,13,6,1,0,0,0,0,0,0,1,0,Low Income,Q1,0,13.362487302691958,797.309444318829,1.573060768045347e-06,510.1312329578766,1.7229557264840194
CUST00902,58.0,1,0.0,Self-Employed,0.8540472266196076,0.5076714910215717,0.11345920812032301,9,274,0.17,2018-09-10,0,0.4522329972073857,2018,9,10,0,1,0,0,0,0,0,0,0,1,High Income,Q3,1,14.638726264214851,1509.242144256514,4.3901763044316833e-07,849.4357163406818,2.5537599265955153
CUST00903,22.0,1,3.0,Salaried,-0.593444554529717,0.14701993527366317,-0.7913334943822066,3,347,0.65,2018-02-07,0,0.712423163765171,2018,2,7,2,0,0,1,0,0,0,0,0,1,Low Income,Q3,1,13.014687071261294,670.04335680611,2.2273743866646207e-06,443.86101533783386,0.20134829617730177
CUST00904,35.0,1,3.0,Self-Employed,-0.8729705746080003,0.4054404573330209,-0.27118335388841364,0,310,0.5,2019-09-21,1,1.617321576770588,2019,9,21,5,1,0,0,0,0,0,0,1,0,Low Income,Q3,1,12.445622356787698,504.1174168782507,3.9349107524859685e-06,353.3936802818367,0.6222780947893762
CUST00905,31.0,1,1.0,Salaried,-0.5392763038514482,-0.5802950832760861,0.6102775470471783,6,387,0.87,2020-09-13,0,0.39795312854646486,2020,9,13,6,0,0,1,0,0,0,0,0,1,Low Income,Q4,3,13.051850694445926,682.6104013271406,2.146116357793308e-06,450.5124792280073,-0.5872637225468227
CUST00906,28.0,1,3.0,Salaried,-0.3860310179100437,0.1429379058129031,-0.9113445058226648,7,184,0.41,2022-09-22,0,0.580996712750877,2022,9,22,3,1,0,0,0,1,0,0,0,0,Low Income,Q2,2,13.188135312573982,730.7465771387507,1.8726887743319387e-06,475.76388080014385,0.1528525704439219
CUST00907,46.0,0,2.0,Salaried,-0.862137676754411,-0.5008613293360116,0.07652813271124627,1,460,0.34,2023-09-25,0,0.5321726985291055,2023,9,25,0,0,0,0,1,0,0,0,0,1,Low Income,Q4,3,12.720923019113782,578.5124199185356,2.987950015898882e-06,394.6070759824096,-0.6393681533932204
CUST00908,64.0,1,1.0,Salaried,-0.08777510228413751,0.8618645691742688,-0.4994847303182164,6,161,0.53,2022-01-17,0,0.6367272070837391,2022,1,17,0,0,1,0,0,0,0,0,1,0,Low Income,Q2,2,13.28556116842347,767.2247128449396,1.6988463270500708e-06,494.67360360810756,0.4628060186185804
CUST00909,25.0,1,0.0,Salaried,0.8445808224418686,-0.4040157585859786,0.35136092722101764,5,485,0.49,2022-08-29,0,0.3485181270877474,2022,8,29,0,0,1,0,0,0,0,1,0,0,Low Income,Q4,3,13.484545506920211,847.4840824463903,1.39231113163749e-06,535.6499498958458,-0.17334086794432826
CUST00910,26.0,1,1.0,Salaried,-0.08872195771112305,0.12627327752246112,-0.9880199763181113,4,275,0.39,2018-11-01,0,0.6373014187223628,2018,11,1,3,0,0,0,1,1,0,0,0,0,Low Income,Q3,1,13.211532868988531,739.3456363569071,1.8293810561774203e-06,480.2385191108204,0.3402673179864715
CUST00911,46.0,1,2.0,Unemployed,0.3056056099228188,-0.45008467290931325,-0.8390643589116501,3,338,0.69,2022-10-05,0,0.14578292126859124,2022,10,5,2,0,0,0,1,0,1,0,0,0,Low Income,Q3,1,13.548522819695052,875.0322622623694,1.3060244321124974e-06,549.5291655868211,-1.1891261041241517
CUST00912,42.32736842105263,1,2.0,Salaried,-0.61782061358282,-0.5849464296700115,0.5254858360112611,1,470,0.75,2024-03-30,0,0.3786774481122007,2024,3,30,5,0,0,1,0,0,0,0,1,0,Low Income,Q4,3,12.894749850618668,631.0427877727468,2.511199951784961e-06,423.0538419757022,-0.846412586629962
CUST00913,39.0,1,1.0,Salaried,0.5071820216665291,-0.6500679510397471,0.56584278375644,9,313,0.83,2018-09-02,0,0.06378909905508248,2018,9,2,6,0,0,1,0,0,1,0,0,0,Medium Income,Q3,1,13.653987238564596,922.4129715046292,1.1752998651261135e-06,573.1943001822724,-1.8684423659232678
CUST00914,40.0,0,0.0,Salaried,0.11117128619024576,-0.5924801314585425,-0.7978773332747802,5,172,0.93,2022-10-11,0,0.2729853048046289,2022,10,11,1,0,0,1,0,0,0,1,0,0,Low Income,Q2,2,13.354196552342914,794.0111334232033,1.586156835254201e-06,508.44243445025484,-0.6830699205945889
CUST00915,42.32736842105263,1,1.0,Salaried,0.7596337647918033,-0.6435683609137592,-0.09368195247222728,4,447,0.33,2024-01-15,0,0.05069378037704391,2024,1,15,0,1,0,0,0,0,1,0,0,0,Medium Income,Q4,3,13.801731349204566,993.1335710769222,1.013874579598173e-06,608.0623236902276,-1.9346653193275656
CUST00916,40.0,2,0.0,Salaried,0.9831989231912343,-0.10444201020545799,0.1497055240792418,1,352,0.71,2020-10-21,1,0.20333270704946071,2020,10,21,2,0,0,1,0,0,0,0,1,0,Medium Income,Q3,1,14.000790509390276,1097.0662377450142,8.308716475876518e-07,658.4034208056568,-0.20617620901187475
CUST00917,32.0,0,1.0,Salaried,-0.46196163155965725,-0.46903511412167287,0.7527267184626893,9,376,0.44,2018-08-05,0,0.42251291406521574,2018,8,5,6,0,0,0,1,0,0,0,1,0,Low Income,Q3,1,13.08661204697682,694.5783613099388,2.072796187547428e-06,456.82367192062657,-0.4617176271168859
CUST00918,21.0,1,2.0,Self-Employed,-0.20759203970413087,0.09154926423730864,-0.9739221104734638,6,474,0.68,2019-05-22,0,0.6639768111814806,2019,5,22,2,0,1,0,0,0,0,1,0,0,Low Income,Q4,3,13.107726844035966,701.9501620485603,2.029488343867088e-06,460.7000717744611,0.237694350794358
CUST00919,46.0,0,3.0,Salaried,-0.27662307101568967,0.09636373550716104,-0.9561347745276052,5,247,0.5,2020-01-31,0,0.572078027637907,2020,1,31,4,1,0,0,0,0,0,0,1,0,Low Income,Q2,2,13.196432221649706,733.7843484294278,1.857215524680008e-06,477.34584745848525,0.14152037815205212
CUST00920,34.0,1,3.0,Salaried,0.7774279515668291,0.6281249693561919,-0.03263131921769017,11,208,0.94,2020-11-19,1,0.5686045754832647,2020,11,19,3,0,0,1,0,0,0,1,0,0,High Income,Q2,2,14.638726264214851,1509.242144256514,4.3901763044316833e-07,849.4357163406818,3.1486559909883396
CUST00921,58.0,0,0.0,Salaried,0.44316864084959706,0.8579294593025321,0.25992036978348937,10,25,0.72,2023-03-20,0,0.8233838042000746,2023,3,20,0,1,0,0,0,0,0,1,0,0,Medium Income,Q1,0,13.7445444802715,965.1385859035996,1.0735448081338711e-06,594.3223261764782,1.8594163721066577
CUST00922,57.0,1,0.0,Salaried,-0.272654182389112,0.48000015863808604,0.8338222499628666,8,318,0.91,2018-10-02,0,1.1555848668496285,2018,10,2,1,1,0,0,0,0,0,0,1,0,Low Income,Q3,1,12.98722813930698,660.9068618194246,2.2893831595905192e-06,439.00929161989137,0.998027242514047
CUST00923,31.0,0,0.0,Salaried,0.65740603842543,-0.6872720060830937,-0.3089894663193261,10,305,0.81,2019-05-07,0,0.31416245105949486,2019,5,7,1,0,0,1,0,0,0,0,0,1,Low Income,Q3,1,13.452116045349639,833.8531465432028,1.438203136614614e-06,528.7485366317756,-0.36705587981844173
CUST00924,56.0,0,2.0,Self-Employed,-0.09309786551840031,-0.2997295213061908,-0.9494709060805809,9,365,0.87,2020-04-06,0,0.37311464094669183,2020,4,6,0,1,0,0,0,0,0,1,0,0,Low Income,Q3,1,13.246383243536966,752.3417973235304,1.7667245834319606e-06,486.981172672313,-0.413546471545249
CUST00925,33.0,0,1.0,Salaried,0.5240597762239829,0.7526469000868149,0.3986025523422763,4,285,0.79,2020-08-08,0,0.6048281647285171,2020,8,8,5,0,1,0,0,0,0,0,1,0,Low Income,Q3,1,13.533848038263628,868.6352974637861,1.3253313712774291e-06,546.3143178511774,0.8100350105201845
CUST00926,63.0,0,2.0,Salaried,0.6164258392818732,-0.5346275173462152,0.5780939390461214,8,481,0.49,2021-03-24,0,0.051157990793239634,2021,3,24,2,0,0,0,1,0,0,0,0,1,Medium Income,Q4,3,13.792615883613847,988.6174285334039,1.023158769009855e-06,605.8511919999768,-1.9346653193275656
CUST00927,23.0,1,3.0,Salaried,-0.6048792784272442,-0.6652094160684875,0.43774135205981884,8,248,0.31,2021-01-05,0,0.45055637528917825,2021,1,5,1,0,0,0,1,0,0,1,0,0,Low Income,Q2,2,13.199174296161546,734.7910859557293,1.8521298771256295e-06,477.8698267344252,-0.21481391930504323
CUST00928,53.0,1,0.0,Salaried,-0.8815436178390655,-0.09996293889317792,-0.46139815853019006,0,78,0.41,2022-06-25,0,1.4086897016146334,2022,6,25,5,0,1,0,0,0,0,0,0,1,Low Income,Q1,0,12.114692174297018,427.23890272305493,5.4784290144613e-06,309.4727915089646,-0.13394122718810347
CUST00929,26.0,1,1.0,Salaried,0.5250362026011436,0.43111174710802064,0.7338117248066025,4,310,0.12,2021-12-26,0,0.5154660816237738,2021,12,26,6,1,0,0,0,1,0,0,0,0,Low Income,Q3,1,13.574682070961334,886.5525477939816,1.2723028001272608e-06,555.3067258693723,0.597029071123011
CUST00930,30.0,1,3.0,Self-Employed,-0.6472097841231512,0.4972028035872037,0.5778484813861575,8,15,0.55,2018-02-08,0,1.0476546977633052,2018,2,8,3,0,0,1,0,1,0,0,0,0,Low Income,Q1,0,12.878569824874047,625.9582254432,2.5521617192586377e-06,420.3221358764109,0.620047216464461
CUST00931,25.0,0,3.0,Salaried,-0.11839775560520055,-0.5641910341956029,-0.8171110379874619,6,229,0.53,2024-04-05,0,0.2941738776256619,2024,4,5,4,1,0,0,0,0,0,0,0,1,Low Income,Q2,2,13.243203194119248,751.1465036861983,1.7723517975821117e-06,486.3620297594976,-0.7286672979884167
CUST00932,43.0,1,3.0,Self-Employed,0.8075818793970977,-0.370274482473638,0.45902975469824514,5,263,0.55,2023-12-10,0,0.282912756501597,2023,12,10,6,0,1,0,0,0,0,1,0,0,Low Income,Q3,1,13.588307164130718,892.6128556098663,1.255085118554901e-06,558.3398876419145,-0.3232501084940507
CUST00933,30.0,2,2.0,Salaried,0.24342443572551328,0.3892604114050594,0.8883810422360888,5,462,0.93,2018-05-24,1,0.5636828014396291,2018,5,24,3,1,0,0,0,0,0,0,1,0,Low Income,Q4,3,13.421504112901165,821.1873781299856,1.4829101060931724e-06,522.3151391085189,0.4868133489097016
CUST00934,64.0,1,0.0,Self-Employed,-0.06928066222770689,-0.5004604350164109,0.8629829331015041,10,442,0.87,2024-11-07,0,0.2718455239891662,2024,11,7,3,0,0,0,1,0,1,0,0,0,Low Income,Q4,3,13.26137893695729,758.003951177037,1.74042897640899e-06,489.91135763896335,-0.8037319765546143
CUST00935,22.0,0,3.0,Salaried,-0.42801405636943723,0.9037509785317018,-0.006175463802142823,6,304,0.24,2024-08-12,1,1.1339205920352928,2024,8,12,0,1,0,0,0,0,0,0,1,0,Low Income,Q3,1,13.030315125723162,675.2996149858225,2.1928354496059332e-06,446.6461079831686,1.0441620101691682
CUST00936,33.0,1,0.0,Self-Employed,-0.9432153381427392,0.29954415159878595,-0.14359013592598133,0,367,0.41,2020-01-29,0,4.0965153999999995,2020,1,29,2,0,1,0,0,0,1,0,0,0,Low Income,Q3,1,11.51293546492023,316.22776601683796,9.99990000099999e-06,243.026193207401,0.6164282342910556
CUST00937,60.0,0,2.0,Salaried,0.46495837826411335,0.1393494440002331,0.8742971113636552,3,395,0.46,2018-09-04,0,0.4271626359671987,2018,9,4,1,0,0,0,1,0,1,0,0,0,Low Income,Q4,3,13.56007777517698,880.1023804080977,1.2910202313198411e-06,552.073790081884,0.25592186226476565
CUST00938,22.0,0,3.0,Unemployed,-0.5134547783158764,0.8581166532730817,0.0,0,116,0.41,2020-02-04,0,0.6900064736316694,2020,2,4,1,1,0,0,0,0,0,1,0,0,Low Income,Q1,0,13.19331208433093,732.6404848218531,1.8630193417922858e-06,476.75031980361524,0.44265193110021545
CUST00939,40.0,1,2.0,Salaried,0.9648896122250975,-0.26265573707821593,0.0,5,304,0.78,2024-08-19,0,0.22074227671535554,2024,8,19,0,1,0,0,0,0,0,0,0,1,Medium Income,Q3,1,13.793607497702418,989.107714053429,1.0221446932286707e-06,606.0913384135554,-0.3828530895616244
CUST00940,21.0,1,2.0,Salaried,0.26367241324152113,-0.3756737217854341,-0.8884515255517729,3,127,0.55,2021-08-07,0,0.2677136001825057,2021,8,7,5,0,0,0,1,0,0,0,1,0,Low Income,Q2,0,13.458132524058565,836.3653567670053,1.4295761959895212e-06,530.02220111457,-0.5743849511158613
CUST00941,57.0,0,0.0,Salaried,0.0,-0.30609688497796533,0.9520003660749223,0,414,0.59,2018-07-26,0,0.37257809240150025,2018,7,26,3,0,0,1,0,0,0,0,0,1,Low Income,Q4,3,13.304700667407849,774.6021172188983,1.666640444857001e-06,498.4754052077574,-0.33487093363305553
CUST00942,29.0,1,3.0,Self-Employed,0.0,0.9342103976675676,-0.35672248722193733,8,177,0.83,2023-07-12,0,0.6499808569359459,2023,7,12,2,0,0,0,1,1,0,0,0,0,Low Income,Q2,2,13.304700667407849,774.6021172188983,1.666640444857001e-06,498.4754052077574,0.5308309350534122
CUST00943,37.0,1,2.0,Salaried,0.6407374255176274,0.13247309486054587,0.7562449541511744,11,494,0.79,2024-04-08,0,0.37867693585032414,2024,4,8,0,0,0,1,0,0,0,1,0,0,Medium Income,Q4,3,13.696483016982285,942.2220279742986,1.1264009400491685e-06,583.0142552756049,0.28181063133628015
CUST00944,29.0,1,3.0,Self-Employed,-0.31008288601438083,-0.522246506255466,0.7944225516089986,3,260,0.21,2024-06-07,0,0.41066421784600066,2024,6,7,4,0,1,0,0,0,0,1,0,0,Low Income,Q3,1,13.208986937536055,738.4050717593968,1.8340444687924034e-06,479.7496026252973,-0.3326118309969463
CUST00945,31.0,1,0.0,Salaried,0.6432200450823838,0.4159088213909372,-0.6428746579959562,11,91,0.71,2021-08-10,0,0.4841042724288328,2021,8,10,1,0,1,0,0,1,0,0,0,0,Medium Income,Q1,0,13.708384284272903,947.8455675899951,1.1130747976691591e-06,585.794310326555,0.7227992368764691
CUST00946,35.0,1,2.0,Salaried,0.0,-0.08328912482518708,0.9965254245054938,5,63,0.47,2019-12-02,0,0.4478097674759376,2019,12,2,0,0,0,0,1,0,0,0,1,0,Low Income,Q1,0,13.304700667407849,774.6021172188983,1.666640444857001e-06,498.4754052077574,-0.06860120696531222
CUST00947,44.0,1,0.0,Salaried,0.08974006768500942,-0.3554810481414388,0.9303654898286771,6,249,0.35,2018-10-15,1,0.27379403172255234,2018,10,15,0,0,0,0,1,1,0,0,0,0,Low Income,Q2,2,13.369087414832764,799.9449606066657,1.5627125777453416e-06,511.47964361857566,-0.6603824001571256
CUST00948,58.0,1,3.0,Unemployed,0.49508140214091306,0.2511748968192298,0.831748505536401,7,375,0.14,2024-01-11,1,0.4654782156501947,2024,1,11,3,0,1,0,0,0,0,0,1,0,Low Income,Q3,1,13.51825359217384,861.8886819073563,1.3461611723771498e-06,542.9185124557474,0.32796173423409947
CUST00949,55.0,1,3.0,Self-Employed,0.5504070326632369,-0.6616702437901015,-0.5091606690206913,11,21,0.51,2022-05-13,0,0.1477711250278512,2022,5,13,4,0,0,1,0,0,1,0,0,0,Low Income,Q1,0,13.587601168061116,892.2978202371672,1.2559715165755584e-06,558.1823173376382,-1.1319381107801811
CUST00950,50.0,2,0.0,Unemployed,0.4221762718461176,-0.8892885857789954,-0.17587781751348724,10,218,0.4,2024-10-06,0,0.06619181015087418,2024,10,6,6,0,1,0,0,0,0,1,0,0,Low Income,Q2,2,13.534978145670978,869.1262624038005,1.3238344504775112e-06,546.5612270564783,-1.9346653193275656
CUST00951,51.0,1,1.0,Salaried,-0.843956115729049,0.09491942141645375,0.5279473251769554,8,174,0.31,2020-04-29,1,0.5786774791292474,2020,4,29,2,0,0,0,1,0,0,0,1,0,Low Income,Q2,2,13.155482242861048,718.912859809866,1.934847119022314e-06,469.5884282784634,0.095265555722398
CUST00952,42.32736842105263,2,2.0,Salaried,0.7761865690906887,-0.4239372461630953,-0.4667029261520399,8,375,0.69,2018-02-19,1,0.20799226346330302,2018,2,19,0,0,1,0,0,0,0,0,0,1,Medium Income,Q3,1,13.68017801280939,934.5717789447742,1.144917457805584e-06,579.2268328995159,-0.6138773800895143
CUST00953,64.0,1,3.0,Self-Employed,-0.06886053092817936,-0.11338143096726168,0.991162387498691,7,303,0.75,2021-05-15,0,0.446924367188307,2021,5,15,5,0,0,0,1,0,0,0,0,1,Low Income,Q3,1,13.251449702839508,754.2500712628405,1.7577961820209897e-06,487.9692122488348,-0.1505087112220137
CUST00954,34.0,1,3.0,Salaried,-0.5351310651122444,-0.8447690472264208,0.0,9,408,0.31,2024-03-10,1,0.2752374715987018,2024,3,10,6,0,0,0,1,0,0,1,0,0,Low Income,Q4,3,13.034065704399666,676.567188089993,2.184626451596892e-06,447.3170842195352,-1.0558524176266884
CUST00955,31.0,1,2.0,Self-Employed,-0.19599346154214378,0.43089034041796637,-0.8808632570196223,10,16,0.14,2023-03-24,0,1.1217823822177109,2023,3,24,4,0,1,0,0,1,0,0,0,0,Low Income,Q1,0,13.042056406483002,679.2757245772883,2.1672393126981954e-06,448.74996043954866,1.0460401332498852
CUST00956,29.0,1,0.0,Unemployed,0.9359982743537205,-0.2901209154956183,0.19934162836407698,11,87,0.82,2022-08-14,0,0.16675741345299447,2022,8,14,6,0,0,1,0,1,0,0,0,0,Medium Income,Q1,0,13.897088793803091,1041.6319407545066,9.216606001429864e-07,631.6804378527969,-0.6191092795835773
CUST00957,54.0,1,0.0,Self-Employed,-0.8405122903595212,-0.42816284425945633,-0.33198745239879845,11,443,0.11,2022-10-07,0,0.5361589633338765,2022,10,7,4,1,0,0,0,0,0,0,1,0,Low Income,Q4,3,12.93484065396311,643.8199593053946,2.412515318869146e-06,429.8987332629627,-0.34307814352852756
CUST00958,32.0,1,0.0,Self-Employed,0.9530094366404441,0.3025916719813962,-0.014535945850429692,2,74,0.9,2021-09-05,0,0.3987598623096901,2021,9,5,6,0,1,0,0,1,0,0,0,0,Medium Income,Q1,0,13.735286794734503,960.6814300276653,1.0835294946100962e-06,592.1272925135053,0.4318978096603027
CUST00959,55.0,1,1.0,Salaried,-0.6478728783286186,-0.7401224325097226,-0.180220749144159,11,111,0.63,2022-11-26,1,0.1651500333735769,2022,11,26,5,1,0,0,0,0,0,1,0,0,Low Income,Q1,0,12.663922497178502,562.257352108445,3.1632122964943413e-06,385.69931594324544,-1.9000149391143752
CUST00960,55.0,1,1.0,Salaried,0.29437214868331035,-0.7899012662907497,0.5379600613352641,1,460,0.37,2023-05-15,0,0.06925434511456857,2023,5,15,0,0,1,0,0,0,0,0,1,0,Low Income,Q4,3,13.489749060042591,849.691920639475,1.3850849838283018e-06,536.7656507605951,-1.9346653193275656
CUST00961,21.0,0,3.0,Unemployed,0.22621912704565786,0.31458662378113894,0.9218786051843727,4,366,0.31,2020-12-24,0,0.5466223321589191,2020,12,24,3,1,0,0,0,0,1,0,0,0,Low Income,Q3,1,13.421388661685171,821.1399758871809,1.4830813197513537e-06,522.2910239641984,0.4344297572486075
CUST00962,60.0,1,0.0,Salaried,0.0,-0.7496724355964499,0.6618090655973871,0,309,0.11,2021-03-01,0,0.3665105610847741,2021,3,1,0,0,0,1,0,1,0,0,0,0,Low Income,Q3,1,13.304700667407849,774.6021172188983,1.666640444857001e-06,498.4754052077574,-0.3577560154092563
CUST00963,42.0,1,2.0,Self-Employed,-0.6169366064687782,-0.787012848433104,0.0,2,296,0.3,2024-07-09,0,0.3156073059932031,2024,7,9,1,0,0,1,0,1,0,0,0,0,Low Income,Q3,1,12.986315747422442,660.6054268623593,2.2914729274045562e-06,438.8489893400284,-0.9537836049387892
CUST00964,49.0,0,3.0,Self-Employed,-0.8282434578624318,0.5602204004893931,0.012879339407987724,0,180,0.22,2018-02-01,0,1.1123588494883196,2018,2,1,3,0,1,0,0,0,0,0,1,0,Low Income,Q2,2,12.814029381106131,606.0808114434906,2.722311067868712e-06,409.59900319625035,0.6119457747540537
CUST00965,28.0,1,2.0,Salaried,-0.1530989955782217,-0.9822038329751949,0.10879488977785255,2,86,0.62,2020-05-17,1,0.2695069814286523,2020,5,17,6,0,0,0,1,0,0,0,0,1,Low Income,Q1,0,13.254922765285261,755.5609902582319,1.7517018352632679e-06,488.6476661744913,-0.8221162480684955
CUST00966,31.0,1,3.0,Unemployed,0.9028826919921847,-0.12188709974048537,-0.4122455329264327,3,57,0.24,2021-06-20,0,0.2465928720402272,2021,6,20,6,1,0,0,0,1,0,0,0,0,Medium Income,Q1,0,13.83158217486579,1008.0676862195315,9.840568424296498e-07,615.35962140328,-0.17175675018893038
CUST00967,61.0,1,1.0,Salaried,-0.6421938228545264,-0.602564429142485,0.4738176892220046,6,264,0.55,2021-04-30,0,0.3659921388088116,2021,4,30,4,0,0,0,1,0,0,1,0,0,Low Income,Q3,1,12.845189579136285,615.5975795923828,2.6387913195798474e-06,414.74175915535164,-0.9456354373271878
CUST00968,57.0,1,3.0,Salaried,-0.9543526086073493,0.1611187103050022,0.251499223923257,11,91,0.6,2021-03-11,1,3.5461869,2021,3,11,3,0,0,0,1,1,0,0,0,0,Low Income,Q1,0,11.51293546492023,316.22776601683796,9.99990000099999e-06,243.026193207401,0.3697508450940401
CUST00969,34.0,1,1.0,Salaried,0.028170958708098322,0.6312979084539321,0.7750286109990763,11,392,0.35,2022-08-11,0,0.87776366732236,2022,8,11,3,0,0,0,1,0,1,0,0,0,Low Income,Q4,3,13.329284794519817,784.1823512423625,1.6261670838544116e-06,503.4013909923648,1.1271408181261091
CUST00970,50.0,2,3.0,Salaried,0.451098947878195,-0.6219615029233516,0.6400575193719008,4,218,0.13,2019-08-24,1,0.05970999595369242,2019,8,24,5,0,0,1,0,1,0,0,0,0,Medium Income,Q2,2,13.638035314798723,915.0850944037936,1.1941984929621047e-06,569.5507814158018,-1.9346653193275656
CUST00971,55.0,1,0.0,Salaried,-0.8366115028596609,0.12543785465374216,-0.5332415380507846,4,218,0.13,2023-07-19,0,0.9241949150439309,2023,7,19,2,0,1,0,0,0,0,0,0,1,Low Income,Q2,2,12.755781002263653,588.6837181373373,2.88559049223326e-06,400.15492862096323,0.2034999877918067
CUST00972,41.0,1,2.0,Salaried,0.5589029065009492,0.577374374524316,0.5952027996804503,0,454,0.12,2022-05-04,0,0.5593539490677046,2022,5,4,2,0,1,0,0,1,0,0,0,0,Low Income,Q4,3,13.607235963778235,901.1010154250189,1.231551299949196e-06,562.581130292095,0.8013073425985584
CUST00973,57.0,1,0.0,Self-Employed,-0.7228194535972988,-0.2565938274025983,-0.6416320170005453,7,468,0.73,2020-09-14,0,0.6572416022708196,2020,9,14,0,0,0,1,0,0,0,0,1,0,Low Income,Q4,3,12.739705935759561,583.9711037371627,2.9323513865990074e-06,397.5869228255818,-0.3312214314898802
CUST00974,25.0,1,3.0,Unemployed,-0.11093753615416363,-0.800835122287351,0.5885201525717256,3,93,0.37,2021-04-29,1,0.17113800532330664,2021,4,29,3,0,0,1,0,1,0,0,0,0,Low Income,Q1,0,13.241676566223468,750.5733608382328,1.7750595856439358e-06,486.06507968659395,-1.3424763230446335
CUST00975,42.32736842105263,1,3.0,Salaried,0.7579540970789084,0.4552058337057856,-0.4672186165827701,9,19,0.78,2023-05-20,0,0.47676662836108397,2023,5,20,5,0,1,0,0,0,0,0,0,1,Low Income,Q1,0,13.577471086254612,887.7897160927242,1.2687592719341645e-06,555.926266759242,0.4672188006090206
CUST00976,34.0,0,3.0,Salaried,-0.6420676715906227,0.549925072675935,-0.5341643188575628,4,38,0.47,2021-12-10,0,1.584441813041871,2021,12,10,4,0,0,0,1,0,0,0,1,0,Low Income,Q1,0,12.621932375218707,550.5757441079293,3.2988640526577875e-06,379.26537084820507,0.9044941920892753
CUST00977,46.0,1,1.0,Unemployed,0.18350902189481405,0.9191061098944697,0.34866659954441254,1,313,0.49,2019-06-04,0,0.7132157505195441,2019,6,4,1,1,0,0,0,0,0,1,0,0,Low Income,Q3,1,13.377593531436995,803.35442365123,1.5494763366530504e-06,513.2226855168814,0.8257693974067702
CUST00978,24.0,1,2.0,Salaried,0.4338347546862261,0.14227875610105675,-0.8896876762036653,11,491,0.54,2022-10-25,0,0.40483138034161864,2022,10,25,1,1,0,0,0,0,0,0,1,0,Medium Income,Q4,3,13.71430183390189,950.6541852850594,1.106507572417767e-06,587.18151893367,0.42199830711661
CUST00979,45.0,2,2.0,Salaried,0.26205879836079965,0.07612557368095502,-0.9620447407649184,0,474,0.71,2020-05-18,0,0.4420762079553334,2020,5,18,0,1,0,0,0,0,1,0,0,0,Low Income,Q4,3,13.484899439383945,847.6340719909742,1.3918184347242442e-06,535.7257638193296,0.19019825707022406
CUST00980,62.0,0,3.0,Salaried,-0.650528887207209,-0.7514256319544278,-0.1103253667605004,8,455,0.33,2023-08-26,1,0.3291172622445569,2023,8,26,5,0,0,0,1,0,0,0,1,0,Low Income,Q4,3,12.947639659790925,647.9533085030124,2.3818342834509986e-06,432.1070678194948,-0.9500085466195991
CUST00981,45.0,1,3.0,Salaried,0.8614434053588212,0.5016267336477868,0.0792835383522323,1,125,0.2,2023-01-06,1,0.46519708550833444,2023,1,6,4,0,1,0,0,0,0,1,0,0,Medium Income,Q1,0,13.794981868949066,989.7876489429437,1.0207408518729558e-06,606.4243366698321,0.8075669925787272
CUST00982,38.0,1,1.0,Salaried,0.59531578016844,0.7510132597803979,-0.28561898661759544,5,499,0.57,2021-02-03,0,0.5830412245449776,2021,2,3,2,0,0,1,0,1,0,0,0,0,Low Income,Q4,3,13.547106962393945,874.4130202598769,1.3078748860203385e-06,549.2181704934069,0.7673550338819731
CUST00983,60.0,1,0.0,Unemployed,-0.7021203777669445,-0.40193397737620457,-0.5877721097117046,0,278,0.38,2018-10-10,0,0.7053963288061207,2018,10,10,2,0,1,0,0,0,0,0,1,0,Low Income,Q3,1,11.81220749698825,367.27101709772853,7.4135029542809275e-06,274.0857542245674,-1.3558674412386706
CUST00984,28.0,1,0.0,Salaried,0.701558471033492,0.3223266249072082,-0.635547998657125,0,437,0.48,2018-12-27,0,0.44801356124279446,2018,12,27,3,0,0,0,1,0,0,0,1,0,Low Income,Q4,3,13.61224548891232,903.3608913385614,1.225397240086812e-06,563.7089365781063,0.420813945720138
CUST00985,59.0,1,2.0,Salaried,-0.572517595093051,0.678955999817046,0.45961108953255775,8,56,0.65,2020-11-24,0,0.9132722706476584,2020,11,24,1,0,0,1,0,0,0,0,1,0,Low Income,Q1,0,13.032783118205847,676.1334483665188,2.187430220975951e-06,447.08751763167083,0.6499236241395467
CUST00986,60.0,1,1.0,Salaried,0.2131675612220525,0.9770156553723398,0.0,3,368,0.52,2023-12-01,1,0.7067502403060759,2023,12,1,4,0,0,0,1,0,0,0,1,0,Low Income,Q3,1,13.383406600449941,805.6928012586435,1.540495252894556e-06,514.4172769409166,0.8197269152389474
CUST00987,34.0,0,3.0,Salaried,0.9983789934405178,-0.030295662124104984,0.04818255195774366,8,457,0.63,2024-06-13,1,0.3362694057870824,2024,6,13,3,1,0,0,0,0,0,1,0,0,Medium Income,Q4,3,13.655344153226538,923.0390024262247,1.1737061650090024e-06,573.505296800218,0.028759330747607663
CUST00988,52.0,1,2.0,Self-Employed,-0.3491050082681068,-0.5031081414075744,0.7905744058920331,10,100,0.56,2023-04-19,1,0.3148253394923053,2023,4,19,2,1,0,0,0,0,0,0,0,1,Low Income,Q1,0,13.044617704525209,680.1461975193274,2.161695469637528e-06,449.21021239309226,-0.8880781924578478
CUST00989,58.0,1,1.0,Salaried,-0.9304303271983582,-0.2522901333553031,0.26579897449222684,4,62,0.73,2020-08-16,0,1.1114370829342342,2020,8,16,6,0,0,0,1,0,0,0,0,1,Low Income,Q1,0,12.147398760414085,434.2831449642042,5.302146812733742e-06,313.5605519697666,-0.4237469906192739
CUST00990,53.0,1,0.0,Self-Employed,0.7890604469120953,-0.4914927409756866,-0.3685356111518819,6,227,0.7,2020-12-12,0,0.12156564466338783,2020,12,12,5,0,0,1,0,0,0,0,1,0,Medium Income,Q2,2,13.791614610451992,988.1226138491114,1.0241837434796621e-06,605.6088025251985,-1.122259918579162
CUST00991,42.32736842105263,1,1.0,Salaried,0.999980344109484,-0.006269879957228277,0.0,0,357,0.55,2021-01-09,0,0.32633162514684605,2021,1,9,5,0,0,1,0,0,0,1,0,0,Medium Income,Q3,1,13.700264530130282,944.0052277397621,1.122149483619911e-06,583.8961641033211,0.05173248264387305
CUST00992,35.0,0,0.0,Unemployed,-0.0627025239924516,-0.14212550066004218,-0.9878606863050621,5,86,0.68,2022-06-28,0,0.44200418204522424,2022,6,28,1,0,1,0,0,0,0,1,0,0,Low Income,Q1,0,13.267652624741924,760.3854285821105,1.7295442477952634e-06,491.1424455019314,-0.14296819318909332
CUST00993,53.0,0,1.0,Self-Employed,0.0,0.9996802033657077,-0.025288159258773625,7,213,0.84,2021-10-24,0,1.1434948481724692,2021,10,24,6,1,0,0,0,0,0,0,1,0,Low Income,Q2,2,13.304700667407849,774.6021172188983,1.666640444857001e-06,498.4754052077574,1.616576948938571
CUST00994,45.0,0,2.0,Self-Employed,-0.23806675065347052,0.5883574875307371,0.772761081512143,0,53,0.47,2024-04-08,1,0.9081825565525702,2024,4,8,0,0,1,0,0,0,1,0,0,0,Low Income,Q1,0,13.13755602249322,712.4979438566824,1.9698443618090355e-06,466.2321336616475,0.8287507177734199
CUST00995,42.32736842105263,1,0.0,Salaried,0.07740168418646046,0.7871731473997544,0.6118557144440705,8,165,0.45,2018-01-31,1,0.7601510944768358,2018,1,31,2,0,1,0,0,0,0,0,1,0,Low Income,Q2,2,13.344295859670373,790.0902100393347,1.6019388843014697e-06,506.4329831990309,0.8819641128635094
CUST00996,53.0,1,2.0,Salaried,-0.09113501216767243,0.3164001851034743,0.9442379638754659,2,11,0.75,2019-12-05,1,0.6824336496426202,2019,12,5,3,0,0,0,1,0,1,0,0,0,Low Income,Q1,0,13.242683653763729,750.9514032212737,1.7732728451050957e-06,486.2609517779663,0.5079607754933495
CUST00997,22.0,1,2.0,Salaried,-0.6345917338160808,-0.6077208212562865,-0.47746071543519175,0,366,0.6,2020-05-18,1,0.451717054554471,2020,5,18,0,0,0,0,1,0,0,0,1,0,Low Income,Q3,1,13.157276711721948,719.5581838878633,1.931378209472568e-06,469.92572390586736,-0.27115593630708223
CUST00998,34.0,1,0.0,Self-Employed,0.2395764985771631,-0.15043610390991713,0.959151750230333,0,322,0.16,2021-10-16,0,0.3630334853451738,2021,10,16,5,0,1,0,0,0,1,0,0,0,Low Income,Q3,1,13.444195613125368,830.5574332940498,1.4496395579962008e-06,527.0764563690932,-0.17267712933038673
CUST00999,60.0,1,0.0,Salaried,-0.9877298098965388,-0.11162018549866067,-0.10922800387717409,10,66,0.86,2018-08-21,0,0.8957838271641361,2018,8,21,1,1,0,0,0,0,1,0,0,0,Low Income,Q1,0,12.604702076876944,545.8528098306356,3.356196977751334e-06,376.6562107838934,-0.0785832753481058
CUST01000,60.0,0,3.0,Salaried,-0.1572847060745474,0.14099319043641712,0.9774366687850439,5,299,0.13,2020-11-23,0,0.6216328660930392,2020,11,23,0,0,0,0,1,0,0,0,1,0,Low Income,Q3,1,13.19395035595088,732.8743343848248,1.8618306088266148e-06,476.8720838970113,0.27062715650717395
